{"stats":{"minecraft:used":{"minecraft:stone_pickaxe":216,"minecraft:oak_planks":1,"minecraft:chest":1,"minecraft:wooden_pickaxe":7,"minecraft:iron_sword":180,"minecraft:torch":176,"minecraft:dirt":5,"minecraft:crafting_table":4,"minecraft:wooden_axe":54,"minecraft:diamond_pickaxe":11,"minecraft:bread":36,"minecraft:iron_pickaxe":158,"minecraft:cobblestone":31,"minecraft:furnace":3,"minecraft:andesite":5,"minecraft:cobbled_deepslate":37},"minecraft:picked_up":{"minecraft:wheat":22,"minecraft:feather":3,"minecraft:chicken":6,"minecraft:glow_ink_sac":1,"minecraft:andesite":34,"minecraft:wooden_pickaxe":2,"minecraft:gold_block":2,"minecraft:filled_map":1,"minecraft:tuff":27,"minecraft:oak_log":82,"minecraft:gunpowder":10,"minecraft:dirt":10,"minecraft:lapis_lazuli":110,"minecraft:string":25,"minecraft:bone":12,"minecraft:wheat_seeds":56,"minecraft:gold_nugget":6,"minecraft:cobbled_deepslate":69,"minecraft:raw_gold":13,"minecraft:iron_ingot":14,"minecraft:iron_pickaxe":3,"minecraft:sugar_cane":12,"minecraft:iron_sword":2,"minecraft:oak_planks":93,"minecraft:egg":1,"minecraft:stick":8,"minecraft:raw_iron":106,"minecraft:pumpkin":4,"minecraft:music_disc_13":2,"minecraft:torch":103,"minecraft:porkchop":2,"minecraft:diorite":2,"minecraft:redstone":5,"minecraft:iron_horse_armor":2,"minecraft:arrow":7,"minecraft:rotten_flesh":19,"minecraft:diamond":6,"minecraft:hay_block":36,"minecraft:granite":15,"minecraft:bread":150,"minecraft:netherrack":1,"minecraft:obsidian":9,"minecraft:coal":74,"minecraft:cobblestone":74,"minecraft:diamond_pickaxe":1},"minecraft:killed_by":{"minecraft:skeleton":1,"minecraft:zombie":1},"minecraft:broken":{"minecraft:stone_pickaxe":2,"minecraft:wooden_axe":1},"minecraft:killed":{"minecraft:pig":1,"minecraft:spider":2,"minecraft:skeleton":2,"minecraft:zombie":11,"minecraft:chicken":2},"minecraft:mined":{"minecraft:diamond_ore":1,"minecraft:tuff":27,"minecraft:deepslate_diamond_ore":3,"minecraft:dandelion":1,"minecraft:obsidian":9,"minecraft:torch":9,"minecraft:grass_block":10,"minecraft:tall_grass":22,"minecraft:deepslate_gold_ore":5,"minecraft:sugar_cane":7,"minecraft:diorite":2,"minecraft:wall_torch":12,"minecraft:spawner":1,"minecraft:hay_block":36,"minecraft:iron_ore":21,"minecraft:wheat":6,"minecraft:fire":14,"minecraft:andesite":18,"minecraft:pumpkin":4,"minecraft:gold_block":1,"minecraft:deepslate_lapis_ore":8,"minecraft:grass":91,"minecraft:oak_log":36,"minecraft:coal_ore":59,"minecraft:deepslate_iron_ore":78,"minecraft:dirt":2,"minecraft:stone":58,"minecraft:netherrack":1,"minecraft:gold_ore":5,"minecraft:oak_leaves":1,"minecraft:deepslate":32},"minecraft:crafted":{"minecraft:oak_planks":52,"minecraft:crafting_table":4,"minecraft:wooden_pickaxe":1,"minecraft:iron_helmet":2,"minecraft:iron_sword":2,"minecraft:furnace":3,"minecraft:bread":108,"minecraft:air":0,"minecraft:iron_boots":2,"minecraft:iron_chestplate":2,"minecraft:stick":60,"minecraft:iron_ingot":102,"minecraft:iron_pickaxe":1,"minecraft:stone_pickaxe":2,"minecraft:wooden_axe":1,"minecraft:chest":1,"minecraft:iron_leggings":2,"minecraft:torch":164,"minecraft:wheat":324},"minecraft:dropped":{"minecraft:bread":63,"minecraft:iron_sword":1,"minecraft:diamond":3,"minecraft:filled_map":1},"minecraft:custom":{"minecraft:interact_with_furnace":55,"minecraft:mob_kills":22,"minecraft:interact_with_crafting_table":16,"minecraft:leave_game":5,"minecraft:time_since_death":64083,"minecraft:sleep_in_bed":3,"minecraft:time_since_rest":5131,"minecraft:sprint_one_cm":204941,"minecraft:damage_taken":2138,"minecraft:walk_one_cm":394679,"minecraft:drop":5,"minecraft:damage_dealt":3863,"minecraft:talked_to_villager":3,"minecraft:swim_one_cm":25022,"minecraft:fly_one_cm":363104,"minecraft:open_chest":26,"minecraft:crouch_one_cm":1385,"minecraft:play_time":105758,"minecraft:deaths":2,"minecraft:sneak_time":559,"minecraft:walk_under_water_one_cm":29650,"minecraft:jump":2221,"minecraft:interact_with_blast_furnace":1,"minecraft:walk_on_water_one_cm":41759,"minecraft:total_world_time":105758,"minecraft:fall_one_cm":58979}},"DataVersion":3465}