{"stats":{"minecraft:dropped":{"minecraft:filled_map":1,"minecraft:bread":22},"minecraft:picked_up":{"minecraft:raw_iron":27,"minecraft:wheat":6,"minecraft:feather":1,"minecraft:chicken":2,"minecraft:andesite":12,"minecraft:pumpkin":4,"minecraft:torch":7,"minecraft:filled_map":1,"minecraft:porkchop":2,"minecraft:oak_log":36,"minecraft:dirt":7,"minecraft:wheat_seeds":17,"minecraft:cobbled_deepslate":8,"minecraft:hay_block":36,"minecraft:bread":22,"minecraft:coal":26,"minecraft:cobblestone":35},"minecraft:broken":{"minecraft:wooden_axe":1},"minecraft:used":{"minecraft:wooden_axe":54,"minecraft:stone_pickaxe":103,"minecraft:bread":4,"minecraft:oak_planks":1,"minecraft:wooden_pickaxe":7,"minecraft:torch":16,"minecraft:dirt":5,"minecraft:crafting_table":3},"minecraft:mined":{"minecraft:hay_block":36,"minecraft:iron_ore":16,"minecraft:wheat":6,"minecraft:fire":7,"minecraft:andesite":12,"minecraft:pumpkin":4,"minecraft:grass":26,"minecraft:coal_ore":26,"minecraft:grass_block":6,"minecraft:oak_log":36,"minecraft:deepslate_iron_ore":12,"minecraft:dirt":1,"minecraft:tall_grass":7,"minecraft:stone":35,"minecraft:deepslate":8,"minecraft:oak_leaves":1,"minecraft:wall_torch":6},"minecraft:crafted":{"minecraft:oak_planks":52,"minecraft:crafting_table":3,"minecraft:stick":16,"minecraft:wooden_pickaxe":1,"minecraft:stone_pickaxe":2,"minecraft:wooden_axe":1,"minecraft:torch":32,"minecraft:bread":108,"minecraft:wheat":324},"minecraft:killed":{"minecraft:pig":1,"minecraft:chicken":2},"minecraft:custom":{"minecraft:time_since_rest":14734,"minecraft:sprint_one_cm":35020,"minecraft:damage_taken":280,"minecraft:walk_one_cm":122918,"minecraft:mob_kills":3,"minecraft:drop":2,"minecraft:damage_dealt":198,"minecraft:swim_one_cm":3134,"minecraft:interact_with_crafting_table":4,"minecraft:fly_one_cm":74970,"minecraft:open_chest":1,"minecraft:crouch_one_cm":800,"minecraft:play_time":26869,"minecraft:sneak_time":376,"minecraft:walk_under_water_one_cm":14227,"minecraft:jump":393,"minecraft:interact_with_blast_furnace":1,"minecraft:leave_game":1,"minecraft:time_since_death":26869,"minecraft:walk_on_water_one_cm":5291,"minecraft:sleep_in_bed":2,"minecraft:total_world_time":26869,"minecraft:fall_one_cm":13484}},"DataVersion":3465}