{"stats":{"minecraft:used":{"minecraft:oak_trapdoor":14,"minecraft:oak_fence":27,"minecraft:chest":4,"minecraft:iron_sword":348,"minecraft:cooked_chicken":2,"minecraft:netherrack":13,"minecraft:torch":188,"minecraft:dirt":234,"minecraft:carrot":2,"minecraft:oak_fence_gate":1,"minecraft:obsidian":16,"minecraft:glass":55,"minecraft:wooden_axe":54,"minecraft:iron_axe":431,"minecraft:oak_stairs":35,"minecraft:basalt":73,"minecraft:bow":1,"minecraft:sweet_berries":42,"minecraft:furnace":5,"minecraft:cooked_beef":9,"minecraft:cobbled_deepslate":44,"minecraft:golden_axe":32,"minecraft:oak_chest_boat":1,"minecraft:stone_pickaxe":216,"minecraft:oak_planks":780,"minecraft:blackstone":6,"minecraft:wooden_pickaxe":7,"minecraft:blue_bed":1,"minecraft:polished_blackstone_bricks":1,"minecraft:crafting_table":7,"minecraft:black_bed":1,"minecraft:smoker":3,"minecraft:oak_log":167,"minecraft:diamond_pickaxe":41,"minecraft:diamond_shovel":530,"minecraft:cracked_polished_blackstone_bricks":2,"minecraft:bread":63,"minecraft:iron_pickaxe":292,"minecraft:cobblestone":55,"minecraft:cooked_porkchop":1,"minecraft:andesite":14,"minecraft:oak_boat":1},"minecraft:picked_up":{"minecraft:iron_chestplate":1,"minecraft:wheat":25,"minecraft:chicken":12,"minecraft:lead":4,"minecraft:wooden_pickaxe":2,"minecraft:oak_stairs":4,"minecraft:gold_block":3,"minecraft:stone_brick_stairs":1,"minecraft:cornflower":1,"minecraft:oak_trapdoor":9,"minecraft:string":46,"minecraft:iron_axe":1,"minecraft:iron_leggings":2,"minecraft:blackstone":6,"minecraft:cracked_stone_bricks":2,"minecraft:gold_nugget":6,"minecraft:cobbled_deepslate":69,"minecraft:oak_boat":2,"minecraft:netherite_upgrade_smithing_template":2,"minecraft:iron_pickaxe":4,"minecraft:sugar_cane":24,"minecraft:chest":2,"minecraft:egg":1,"minecraft:iron_boots":1,"minecraft:stick":43,"minecraft:raw_iron":106,"minecraft:copper_ingot":1,"minecraft:oak_fence":28,"minecraft:torch":192,"minecraft:porkchop":18,"minecraft:polished_blackstone_bricks":1,"minecraft:golden_axe":1,"minecraft:diorite":2,"minecraft:carrot":2,"minecraft:warden_spawn_egg":1,"minecraft:redstone":5,"minecraft:iron_horse_armor":3,"minecraft:arrow":28,"minecraft:rotten_flesh":33,"minecraft:hay_block":36,"minecraft:iron_block":1,"minecraft:gold_ingot":6,"minecraft:obsidian":16,"minecraft:bone_block":3,"minecraft:white_wool":31,"minecraft:cobblestone":140,"minecraft:magma_block":1,"minecraft:cooked_beef":7,"minecraft:feather":4,"minecraft:basalt":73,"minecraft:glow_ink_sac":1,"minecraft:andesite":43,"minecraft:leather":3,"minecraft:golden_leggings":1,"minecraft:red_mushroom":16,"minecraft:potato":3,"minecraft:filled_map":1,"minecraft:tuff":27,"minecraft:oak_log":327,"minecraft:gunpowder":10,"minecraft:blue_bed":1,"minecraft:lapis_lazuli":110,"minecraft:dirt":497,"minecraft:bone":14,"minecraft:stone_bricks":4,"minecraft:bow":2,"minecraft:wheat_seeds":107,"minecraft:raw_gold":13,"minecraft:oak_fence_gate":3,"minecraft:iron_ingot":14,"minecraft:mossy_stone_bricks":3,"minecraft:mossy_stone_brick_stairs":1,"minecraft:stripped_oak_wood":4,"minecraft:glowstone_dust":6,"minecraft:iron_sword":5,"minecraft:oak_planks":296,"minecraft:pumpkin":39,"minecraft:cooked_porkchop":13,"minecraft:music_disc_13":2,"minecraft:sweet_berries":38,"minecraft:stone_brick_slab":1,"minecraft:quartz":24,"minecraft:sand":69,"minecraft:ink_sac":5,"minecraft:white_bed":1,"minecraft:lily_of_the_valley":8,"minecraft:mossy_stone_brick_slab":2,"minecraft:spectral_arrow":11,"minecraft:diamond_shovel":2,"minecraft:diamond":6,"minecraft:cracked_polished_blackstone_bricks":4,"minecraft:iron_helmet":2,"minecraft:granite":15,"minecraft:gray_wool":2,"minecraft:bread":181,"minecraft:oak_sapling":9,"minecraft:netherrack":21,"minecraft:black_wool":3,"minecraft:oak_leaves":2,"minecraft:coal":126,"minecraft:ender_pearl":1,"minecraft:diamond_pickaxe":4},"minecraft:killed_by":{"minecraft:piglin_brute":1,"minecraft:skeleton":1,"minecraft:zombie":1},"minecraft:broken":{"minecraft:stone_pickaxe":2,"minecraft:golden_axe":1,"minecraft:iron_axe":1,"minecraft:iron_sword":1,"minecraft:iron_pickaxe":1,"minecraft:wooden_axe":1},"minecraft:killed":{"minecraft:spider":4,"minecraft:skeleton":2,"minecraft:chicken":4,"minecraft:magma_cube":7,"minecraft:pig":5,"minecraft:squid":2,"minecraft:hoglin":1,"minecraft:pillager":1,"minecraft:zombie":14},"minecraft:mined":{"minecraft:diamond_ore":1,"minecraft:tuff":27,"minecraft:white_bed":1,"minecraft:deepslate_diamond_ore":3,"minecraft:mossy_stone_brick_slab":2,"minecraft:obsidian":15,"minecraft:grass_block":447,"minecraft:cracked_polished_blackstone_bricks":2,"minecraft:red_mushroom":8,"minecraft:spawner":1,"minecraft:large_fern":13,"minecraft:hay_block":36,"minecraft:polished_blackstone_bricks":2,"minecraft:oak_trapdoor":9,"minecraft:carrots":2,"minecraft:glowstone":1,"minecraft:iron_ore":21,"minecraft:fire":16,"minecraft:andesite":18,"minecraft:pumpkin":39,"minecraft:deepslate_lapis_ore":8,"minecraft:gold_block":2,"minecraft:mossy_stone_brick_stairs":1,"minecraft:potatoes":3,"minecraft:deepslate_iron_ore":78,"minecraft:oak_stairs":4,"minecraft:stone":58,"minecraft:brown_mushroom":8,"minecraft:blackstone":7,"minecraft:lily_of_the_valley":5,"minecraft:basalt":76,"minecraft:stone_brick_slab":1,"minecraft:dandelion":1,"minecraft:oak_fence":29,"minecraft:cornflower":1,"minecraft:torch":12,"minecraft:chest":1,"minecraft:rose_bush":2,"minecraft:nether_quartz_ore":12,"minecraft:tall_grass":42,"minecraft:cobblestone":2,"minecraft:deepslate_gold_ore":5,"minecraft:sugar_cane":15,"minecraft:oak_planks":71,"minecraft:diorite":2,"minecraft:wall_torch":14,"minecraft:wheat":17,"minecraft:sweet_berry_bush":20,"minecraft:stone_brick_stairs":1,"minecraft:stripped_oak_wood":4,"minecraft:grass":258,"minecraft:oak_log":281,"minecraft:coal_ore":59,"minecraft:oak_fence_gate":3,"minecraft:sand":76,"minecraft:dirt":30,"minecraft:cracked_stone_bricks":2,"minecraft:stone_bricks":4,"minecraft:netherrack":19,"minecraft:mossy_stone_bricks":3,"minecraft:gold_ore":5,"minecraft:oak_leaves":27,"minecraft:deepslate":32,"minecraft:fern":8},"minecraft:crafted":{"minecraft:black_dye":5,"minecraft:oak_planks":660,"minecraft:cooked_chicken":4,"minecraft:furnace":8,"minecraft:oak_trapdoor":6,"minecraft:glass":81,"minecraft:iron_boots":2,"minecraft:iron_axe":3,"minecraft:stone_pickaxe":2,"minecraft:chest":5,"minecraft:smoker":3,"minecraft:golden_boots":3,"minecraft:wheat":324,"minecraft:cooked_beef":3,"minecraft:cooked_porkchop":3,"minecraft:crafting_table":7,"minecraft:wooden_pickaxe":1,"minecraft:iron_helmet":2,"minecraft:iron_sword":2,"minecraft:blue_bed":1,"minecraft:bread":108,"minecraft:air":0,"minecraft:blue_dye":1,"minecraft:oak_boat":1,"minecraft:oak_chest_boat":1,"minecraft:iron_chestplate":2,"minecraft:white_dye":4,"minecraft:stick":76,"minecraft:iron_ingot":124,"minecraft:iron_pickaxe":1,"minecraft:oak_stairs":48,"minecraft:wooden_axe":1,"minecraft:iron_leggings":2,"minecraft:gold_ingot":18,"minecraft:black_bed":1,"minecraft:torch":164,"minecraft:shears":1},"minecraft:dropped":{"minecraft:iron_ingot":21,"minecraft:golden_boots":2,"minecraft:bread":64,"minecraft:iron_sword":2,"minecraft:cooked_beef":7,"minecraft:oak_log":1,"minecraft:ender_pearl":1,"minecraft:diamond":3,"minecraft:cooked_porkchop":12,"minecraft:netherite_upgrade_smithing_template":1,"minecraft:warden_spawn_egg":1,"minecraft:iron_helmet":1,"minecraft:spectral_arrow":1,"minecraft:iron_horse_armor":1,"minecraft:red_mushroom":8,"minecraft:stick":16,"minecraft:dirt":11,"minecraft:iron_leggings":1,"minecraft:iron_axe":1,"minecraft:string":8,"minecraft:blue_bed":1,"minecraft:sweet_berries":4,"minecraft:sugar_cane":9,"minecraft:iron_nugget":8,"minecraft:wheat":11,"minecraft:rotten_flesh":1,"minecraft:oak_planks":3,"minecraft:iron_boots":1,"minecraft:diamond_shovel":1,"minecraft:lily_of_the_valley":4,"minecraft:filled_map":1,"minecraft:diamond_pickaxe":2,"minecraft:iron_chestplate":1,"minecraft:oak_boat":1,"minecraft:golden_leggings":1,"minecraft:chest":1,"minecraft:oak_leaves":1},"minecraft:custom":{"minecraft:mob_kills":61,"minecraft:interact_with_crafting_table":46,"minecraft:leave_game":10,"minecraft:time_since_death":177719,"minecraft:sprint_one_cm":687373,"minecraft:walk_one_cm":1227125,"minecraft:drop":43,"minecraft:talked_to_villager":5,"minecraft:play_time":318184,"minecraft:deaths":4,"minecraft:sneak_time":6074,"minecraft:walk_under_water_one_cm":40982,"minecraft:boat_one_cm":55008,"minecraft:jump":6194,"minecraft:interact_with_blast_furnace":1,"minecraft:walk_on_water_one_cm":68192,"minecraft:total_world_time":318184,"minecraft:interact_with_furnace":94,"minecraft:sleep_in_bed":12,"minecraft:time_since_rest":3292,"minecraft:damage_taken":4548,"minecraft:damage_dealt":8062,"minecraft:swim_one_cm":65092,"minecraft:fly_one_cm":1432502,"minecraft:open_chest":105,"minecraft:crouch_one_cm":15086,"minecraft:interact_with_smoker":8,"minecraft:fall_one_cm":164986}},"DataVersion":3465}