{"stats":{"minecraft:killed_by":{"minecraft:creeper":1,"minecraft:cave_spider":1},"minecraft:crafted":{"minecraft:wooden_sword":1,"minecraft:oak_planks":504,"minecraft:fishing_rod":1,"minecraft:leather_boots":2,"minecraft:furnace":2,"shieldexp:iron_shield":1,"minecraft:cooked_mutton":22,"minecraft:bow":1,"minecraft:iron_boots":1,"minecraft:stone_pickaxe":1,"minecraft:chest":7,"quark:spruce_chest":1,"minecraft:oak_fence":39,"minecraft:cooked_beef":18,"minecraft:wooden_shovel":1,"minecraft:diamond_sword":1,"minecraft:spruce_sign":3,"minecraft:crafting_table":2,"minecraft:spruce_planks":52,"minecraft:jungle_boat":4,"minecraft:iron_helmet":1,"minecraft:wooden_pickaxe":3,"minecraft:iron_sword":3,"minecraft:bowl":4,"minecraft:leather_helmet":2,"minecraft:stone_axe":4,"minecraft:air":0,"minecraft:jungle_planks":28,"aether:iron_gloves":2,"minecraft:iron_chestplate":1,"minecraft:yellow_dye":2,"minecraft:stick":124,"minecraft:iron_ingot":174,"minecraft:stone_sword":1,"minecraft:iron_shovel":3,"minecraft:iron_leggings":1,"aether:white_cape":2,"minecraft:white_bed":1,"minecraft:torch":136},"minecraft:mined":{"minecraft:tuff":1,"minecraft:white_bed":6,"minecraft:dark_oak_leaves":1,"minecraft:deepslate_diamond_ore":2,"minecraft:jungle_leaves":3,"minecraft:budding_amethyst":1,"minecraft:granite":17,"minecraft:grass_block":434,"minecraft:jungle_log":7,"minecraft:spruce_leaves":3,"minecraft:moss_block":23,"minecraft:oxeye_daisy":2,"minecraft:spawner":2,"minecraft:iron_ore":37,"minecraft:andesite":5,"minecraft:pumpkin":2,"minecraft:deepslate_lapis_ore":8,"regions_unexplored:larch_leaves":2,"minecraft:azure_bluet":1,"minecraft:pointed_dripstone":1,"minecraft:deepslate_iron_ore":69,"minecraft:vine":7,"minecraft:dirt_path":9,"minecraft:small_amethyst_bud":1,"minecraft:bamboo":2,"minecraft:stone":149,"minecraft:brown_mushroom":9,"minecraft:medium_amethyst_bud":1,"minecraft:amethyst_cluster":2,"minecraft:orange_terracotta":1,"minecraft:dandelion":6,"minecraft:clay":1,"minecraft:crafting_table":7,"minecraft:torch":9,"minecraft:calcite":1,"minecraft:melon":32,"minecraft:chest":1,"minecraft:dead_bush":18,"minecraft:mushroom_stem":9,"minecraft:spruce_wall_sign":1,"minecraft:tall_grass":20,"minecraft:cobblestone":7,"minecraft:lapis_ore":7,"minecraft:oak_planks":16,"minecraft:diorite":2,"minecraft:wall_torch":10,"minecraft:blue_bed":1,"minecraft:skeleton_skull":1,"minecraft:sweet_berry_bush":3,"minecraft:spruce_log":63,"minecraft:yellow_bed":5,"minecraft:grass":84,"minecraft:oak_log":7,"minecraft:coal_ore":95,"minecraft:cocoa":2,"minecraft:dripstone_block":2,"minecraft:gravel":7,"minecraft:sand":2,"minecraft:dirt":55,"minecraft:cobweb":10,"minecraft:smooth_basalt":1,"minecraft:terracotta":4,"minecraft:red_mushroom_block":72,"minecraft:gold_ore":1,"minecraft:oak_leaves":7,"minecraft:deepslate":44,"minecraft:fern":17},"minecraft:picked_up":{"minecraft:wooden_axe":1,"minecraft:cocoa_beans":4,"minecraft:crafting_table":8,"quark:hollow_spruce_log":1,"minecraft:azure_bluet":1,"minecraft:chicken":10,"minecraft:clay_ball":8,"born_in_chaos_v1:seedof_chaos":2,"minecraft:brown_mushroom":9,"minecraft:knowledge_book":6,"minecraft:string":14,"minecraft:moss_carpet":5,"minecraft:wooden_sword":1,"minecraft:gold_nugget":1,"minecraft:cobbled_deepslate":47,"minecraft:beef":20,"minecraft:rose_bush":1,"minecraft:iron_nugget":15,"minecraft:wooden_shovel":1,"minecraft:iron_pickaxe":4,"minecraft:melon_slice":157,"minecraft:chest":1,"minecraft:egg":2,"minecraft:stick":28,"minecraft:raw_iron":128,"immersivecaves:immersive_caves_guide":1,"minecraft:oak_door":1,"minecraft:torch":174,"minecraft:porkchop":6,"minecraft:pointed_dripstone":1,"minecraft:diorite":4,"depthcrawler:whiteshard":1,"minecraft:stone_sword":3,"minecraft:rotten_flesh":17,"minecraft:arrow":7,"minecraft:glow_berries":3,"minecraft:mutton":22,"minecraft:skeleton_skull":1,"minecraft:rail":4,"minecraft:white_wool":17,"minecraft:cobblestone":210,"minecraft:oxeye_daisy":2,"born_in_chaos_v1:corpse_maggot":1,"minecraft:feather":14,"minecraft:cooked_beef":23,"born_in_chaos_v1:spiritual_dust":5,"minecraft:andesite":7,"minecraft:glow_ink_sac":3,"minecraft:jungle_log":7,"minecraft:brown_wool":1,"minecraft:leather":12,"minecraft:red_mushroom":54,"minecraft:filled_map":1,"minecraft:crimson_fungus":1,"minecraft:flint":2,"minecraft:tuff":1,"minecraft:oak_log":8,"minecraft:yellow_bed":5,"minecraft:gunpowder":6,"minecraft:lapis_lazuli":182,"minecraft:dirt":1073,"minecraft:blue_bed":1,"minecraft:white_banner":3,"minecraft:orange_terracotta":1,"minecraft:leather_boots":2,"minecraft:cooked_mutton":12,"minecraft:bone":11,"minecraft:apple":1,"minecraft:kelp":8,"minecraft:wheat_seeds":14,"minecraft:stone_pickaxe":5,"minecraft:glowstone_dust":1,"minecraft:bamboo":12,"born_in_chaos_v1:mint_candy":6,"minecraft:moss_block":32,"minecraft:iron_sword":2,"minecraft:oak_planks":18,"minecraft:cooked_porkchop":7,"minecraft:pumpkin":2,"minecraft:sweet_berries":8,"minecraft:dripstone_block":2,"minecraft:dandelion":5,"minecraft:gravel":6,"minecraft:jungle_planks":9,"minecraft:sand":2,"minecraft:amethyst_shard":10,"minecraft:spruce_sapling":8,"minecraft:white_bed":6,"minecraft:spruce_log":135,"minecraft:spider_eye":3,"minecraft:leather_helmet":2,"regions_unexplored:cattail":1,"minecraft:diamond":4,"minecraft:stone_axe":1,"minecraft:granite":36,"minecraft:crossbow":1,"minecraft:gray_wool":2,"minecraft:spruce_sign":1,"minecraft:emerald":7,"minecraft:bread":48,"minecraft:terracotta":4,"minecraft:oak_sapling":2,"minecraft:coal":128},"minecraft:used":{"minecraft:oak_fence":39,"minecraft:moss_block":6,"minecraft:stone_sword":142,"minecraft:iron_shovel":527,"minecraft:chest":8,"minecraft:spruce_planks":11,"minecraft:shield":7,"minecraft:iron_sword":116,"minecraft:torch":117,"minecraft:dirt":791,"minecraft:axolotl_bucket":18,"quark:spruce_chest":1,"minecraft:iron_helmet":1,"minecraft:furnace":2,"minecraft:cooked_beef":12,"minecraft:knowledge_book":54,"minecraft:cooked_mutton":9,"minecraft:water_bucket":3,"minecraft:stone_pickaxe":138,"minecraft:oak_planks":416,"minecraft:leather_boots":2,"minecraft:wooden_pickaxe":112,"minecraft:blue_bed":1,"minecraft:spruce_sign":1,"minecraft:glow_ink_sac":1,"minecraft:jungle_boat":4,"minecraft:golden_apple":1,"minecraft:sand":1,"minecraft:crafting_table":9,"minecraft:white_bed":7,"minecraft:oak_log":14,"minecraft:iron_pickaxe":268,"minecraft:bread":15,"minecraft:melon_slice":21,"minecraft:leather_helmet":2,"minecraft:stone_axe":202,"minecraft:fishing_rod":9,"minecraft:wooden_sword":17,"minecraft:cobblestone":65,"minecraft:cooked_porkchop":3,"minecraft:bucket":22,"minecraft:yellow_bed":5},"minecraft:killed":{"minecraft:cave_spider":2,"enemyexpansion:intruder":1,"minecraft:spider":3,"minecraft:vindicator":1,"enemyexpansion:direwolf":1,"born_in_chaos_v1:maggot":1,"minecraft:skeleton":5,"minecraft:chicken":8,"minecraft:pig":2,"minecraft:sheep":13,"minecraft:pillager":2,"minecraft:zombie":7,"minecraft:wither_skeleton":1,"minecraft:cow":9},"minecraft:custom":{"minecraft:interact_with_anvil":1,"minecraft:mob_kills":56,"minecraft:interact_with_crafting_table":47,"minecraft:leave_game":9,"minecraft:time_since_death":21925,"minecraft:climb_one_cm":8826,"minecraft:damage_resisted":26,"minecraft:sprint_one_cm":528894,"minecraft:walk_one_cm":1260316,"minecraft:damage_blocked_by_shield":200,"minecraft:drop":38,"minecraft:talked_to_villager":2,"minecraft:raid_win":1,"minecraft:play_time":341393,"minecraft:sneak_time":898,"minecraft:deaths":4,"minecraft:walk_under_water_one_cm":42249,"minecraft:boat_one_cm":357821,"minecraft:jump":4718,"minecraft:walk_on_water_one_cm":62370,"minecraft:total_world_time":341393,"minecraft:interact_with_furnace":70,"minecraft:interact_with_cartography_table":1,"minecraft:raid_trigger":1,"minecraft:sleep_in_bed":16,"minecraft:time_since_rest":22390,"minecraft:damage_taken":4038,"minecraft:damage_absorbed":40,"minecraft:damage_dealt":8020,"minecraft:swim_one_cm":40335,"minecraft:fly_one_cm":794664,"minecraft:open_chest":158,"minecraft:crouch_one_cm":1733,"minecraft:fall_one_cm":108946,"minecraft:horse_one_cm":27711},"minecraft:dropped":{"minecraft:iron_ingot":25,"minecraft:bread":9,"minecraft:iron_sword":1,"aether:white_cape":1,"born_in_chaos_v1:mint_candy":6,"minecraft:cooked_beef":27,"minecraft:oak_log":64,"minecraft:diamond":2,"minecraft:knowledge_book":1,"minecraft:cobblestone":6,"minecraft:jungle_planks":14,"minecraft:stick":24,"minecraft:dirt":64,"minecraft:rose_bush":1,"minecraft:white_banner":1,"minecraft:iron_pickaxe":3,"minecraft:iron_shovel":1,"minecraft:stone_axe":4,"immersivecaves:immersive_caves_guide":1,"minecraft:cooked_mutton":23,"minecraft:filled_map":2,"minecraft:diamond_sword":1,"aether:iron_gloves":1,"minecraft:spruce_planks":14},"minecraft:broken":{"minecraft:iron_shovel":1,"minecraft:wooden_pickaxe":1,"minecraft:stone_axe":2,"minecraft:iron_pickaxe":1}},"DataVersion":3465}