{"stats":{"minecraft:killed":{"minecraft:cave_spider":2,"minecraft:vindicator":1,"minecraft:spider":2,"minecraft:skeleton":5,"minecraft:chicken":8,"minecraft:pig":1,"minecraft:sheep":13,"minecraft:pillager":2,"minecraft:zombie":4,"minecraft:cow":9},"minecraft:dropped":{"minecraft:bread":9,"minecraft:iron_sword":1,"minecraft:cooked_beef":27,"minecraft:oak_log":64,"minecraft:diamond":2,"minecraft:cobblestone":6,"minecraft:jungle_planks":14,"minecraft:stick":24,"minecraft:white_banner":1,"minecraft:iron_pickaxe":2,"minecraft:iron_shovel":1,"minecraft:stone_axe":4,"minecraft:cooked_mutton":21,"minecraft:spruce_planks":14},"minecraft:broken":{"minecraft:wooden_pickaxe":1,"minecraft:stone_axe":2},"minecraft:killed_by":{"minecraft:creeper":1,"minecraft:cave_spider":1},"minecraft:mined":{"minecraft:white_bed":6,"minecraft:dark_oak_leaves":1,"minecraft:deepslate_diamond_ore":2,"minecraft:jungle_leaves":3,"minecraft:granite":17,"minecraft:grass_block":434,"minecraft:jungle_log":7,"minecraft:spruce_leaves":3,"minecraft:moss_block":23,"minecraft:oxeye_daisy":2,"minecraft:spawner":2,"minecraft:iron_ore":32,"minecraft:andesite":5,"minecraft:deepslate_lapis_ore":8,"minecraft:azure_bluet":1,"minecraft:dirt_path":1,"minecraft:deepslate_iron_ore":69,"minecraft:vine":7,"minecraft:bamboo":2,"minecraft:stone":116,"minecraft:brown_mushroom":9,"minecraft:orange_terracotta":1,"minecraft:dandelion":6,"minecraft:clay":1,"minecraft:crafting_table":7,"minecraft:torch":8,"minecraft:melon":32,"minecraft:chest":1,"minecraft:dead_bush":18,"minecraft:mushroom_stem":9,"minecraft:spruce_wall_sign":1,"minecraft:tall_grass":20,"minecraft:cobblestone":7,"minecraft:lapis_ore":7,"minecraft:oak_planks":14,"minecraft:diorite":2,"minecraft:wall_torch":10,"minecraft:blue_bed":1,"minecraft:sweet_berry_bush":3,"minecraft:spruce_log":6,"minecraft:yellow_bed":5,"minecraft:grass":83,"minecraft:oak_log":3,"minecraft:coal_ore":95,"minecraft:cocoa":2,"minecraft:gravel":1,"minecraft:sand":2,"minecraft:dirt":37,"minecraft:cobweb":10,"minecraft:terracotta":4,"minecraft:red_mushroom_block":72,"minecraft:gold_ore":1,"minecraft:oak_leaves":5,"minecraft:deepslate":27,"minecraft:fern":17},"minecraft:custom":{"minecraft:interact_with_anvil":1,"minecraft:mob_kills":47,"minecraft:interact_with_crafting_table":34,"minecraft:leave_game":7,"minecraft:time_since_death":125609,"minecraft:climb_one_cm":8680,"minecraft:sprint_one_cm":357767,"minecraft:walk_one_cm":833530,"minecraft:damage_blocked_by_shield":200,"minecraft:drop":24,"minecraft:talked_to_villager":2,"minecraft:raid_win":1,"minecraft:play_time":233084,"minecraft:sneak_time":893,"minecraft:deaths":3,"minecraft:walk_under_water_one_cm":20524,"minecraft:boat_one_cm":357821,"minecraft:jump":3406,"minecraft:walk_on_water_one_cm":39504,"minecraft:total_world_time":233084,"minecraft:interact_with_furnace":70,"minecraft:raid_trigger":1,"minecraft:sleep_in_bed":13,"minecraft:time_since_rest":9510,"minecraft:damage_taken":2548,"minecraft:damage_dealt":6037,"minecraft:swim_one_cm":36003,"minecraft:fly_one_cm":547862,"minecraft:open_chest":89,"minecraft:crouch_one_cm":1733,"minecraft:fall_one_cm":79708,"minecraft:horse_one_cm":27711},"minecraft:used":{"minecraft:oak_fence":39,"minecraft:moss_block":6,"minecraft:stone_sword":142,"minecraft:iron_shovel":400,"minecraft:chest":6,"minecraft:spruce_planks":11,"minecraft:shield":7,"minecraft:iron_sword":84,"minecraft:torch":98,"minecraft:dirt":506,"minecraft:axolotl_bucket":16,"minecraft:iron_helmet":1,"minecraft:furnace":2,"minecraft:cooked_beef":10,"minecraft:water_bucket":3,"minecraft:stone_pickaxe":138,"minecraft:oak_planks":414,"minecraft:leather_boots":2,"minecraft:wooden_pickaxe":112,"minecraft:blue_bed":1,"minecraft:spruce_sign":1,"minecraft:glow_ink_sac":1,"minecraft:jungle_boat":4,"minecraft:sand":1,"minecraft:crafting_table":8,"minecraft:white_bed":7,"minecraft:oak_log":14,"minecraft:iron_pickaxe":201,"minecraft:bread":13,"minecraft:melon_slice":21,"minecraft:leather_helmet":2,"minecraft:stone_axe":202,"minecraft:fishing_rod":9,"minecraft:wooden_sword":17,"minecraft:cobblestone":65,"minecraft:cooked_porkchop":3,"minecraft:bucket":20,"minecraft:yellow_bed":5},"minecraft:crafted":{"minecraft:wooden_sword":1,"minecraft:oak_planks":504,"minecraft:fishing_rod":1,"minecraft:leather_boots":2,"minecraft:furnace":2,"minecraft:cooked_mutton":22,"minecraft:iron_boots":1,"minecraft:stone_pickaxe":1,"minecraft:chest":5,"minecraft:oak_fence":39,"minecraft:cooked_beef":18,"minecraft:wooden_shovel":1,"minecraft:spruce_sign":3,"minecraft:crafting_table":1,"minecraft:spruce_planks":52,"minecraft:jungle_boat":4,"minecraft:wooden_pickaxe":3,"minecraft:iron_helmet":1,"minecraft:iron_sword":2,"minecraft:bowl":4,"minecraft:leather_helmet":2,"minecraft:stone_axe":4,"minecraft:air":0,"minecraft:jungle_planks":28,"minecraft:iron_chestplate":1,"minecraft:yellow_dye":2,"minecraft:stick":116,"minecraft:iron_ingot":174,"minecraft:stone_sword":1,"minecraft:iron_shovel":3,"minecraft:iron_leggings":1,"minecraft:white_bed":1,"minecraft:torch":108},"minecraft:picked_up":{"minecraft:wooden_axe":1,"minecraft:cocoa_beans":4,"minecraft:crafting_table":8,"minecraft:azure_bluet":1,"minecraft:chicken":9,"minecraft:clay_ball":8,"minecraft:brown_mushroom":9,"minecraft:string":13,"minecraft:moss_carpet":4,"minecraft:wooden_sword":1,"minecraft:cobbled_deepslate":31,"minecraft:beef":20,"minecraft:iron_nugget":15,"minecraft:wooden_shovel":1,"minecraft:iron_pickaxe":3,"minecraft:melon_slice":157,"minecraft:chest":1,"minecraft:egg":2,"minecraft:stick":24,"minecraft:raw_iron":122,"minecraft:torch":106,"minecraft:porkchop":1,"minecraft:diorite":4,"minecraft:stone_sword":3,"minecraft:arrow":7,"minecraft:rotten_flesh":12,"minecraft:glow_berries":3,"minecraft:mutton":22,"minecraft:rail":4,"minecraft:white_wool":17,"minecraft:cobblestone":165,"minecraft:oxeye_daisy":2,"minecraft:feather":14,"minecraft:cooked_beef":23,"minecraft:andesite":7,"minecraft:glow_ink_sac":3,"minecraft:jungle_log":7,"minecraft:brown_wool":1,"minecraft:leather":12,"minecraft:red_mushroom":54,"minecraft:gunpowder":2,"minecraft:oak_log":4,"minecraft:yellow_bed":5,"minecraft:dirt":803,"minecraft:lapis_lazuli":182,"minecraft:blue_bed":1,"minecraft:white_banner":3,"minecraft:orange_terracotta":1,"minecraft:leather_boots":2,"minecraft:cooked_mutton":10,"minecraft:bone":11,"minecraft:apple":1,"minecraft:kelp":8,"minecraft:wheat_seeds":14,"minecraft:stone_pickaxe":4,"minecraft:glowstone_dust":1,"minecraft:bamboo":12,"minecraft:moss_block":32,"minecraft:oak_planks":15,"minecraft:cooked_porkchop":7,"minecraft:sweet_berries":8,"minecraft:dandelion":5,"minecraft:gravel":2,"minecraft:jungle_planks":9,"minecraft:sand":2,"minecraft:white_bed":6,"minecraft:spruce_log":7,"minecraft:spider_eye":2,"minecraft:leather_helmet":2,"minecraft:diamond":4,"minecraft:stone_axe":1,"minecraft:crossbow":1,"minecraft:granite":36,"minecraft:gray_wool":2,"minecraft:spruce_sign":1,"minecraft:bread":46,"minecraft:terracotta":4,"minecraft:oak_sapling":2,"minecraft:coal":127}},"DataVersion":3465}