{"stats":{"minecraft:used":{"minecraft:chest":1,"minecraft:iron_sword":207,"minecraft:netherrack":13,"minecraft:torch":176,"minecraft:dirt":11,"minecraft:obsidian":16,"minecraft:wooden_axe":54,"minecraft:basalt":73,"minecraft:furnace":3,"minecraft:cobbled_deepslate":44,"minecraft:stone_pickaxe":216,"minecraft:oak_planks":9,"minecraft:blackstone":6,"minecraft:wooden_pickaxe":7,"minecraft:polished_blackstone_bricks":1,"minecraft:crafting_table":5,"minecraft:diamond_pickaxe":30,"minecraft:bread":48,"minecraft:iron_pickaxe":266,"minecraft:cobblestone":31,"minecraft:andesite":14},"minecraft:picked_up":{"minecraft:iron_chestplate":1,"minecraft:wheat":22,"minecraft:chicken":8,"minecraft:wooden_pickaxe":2,"minecraft:gold_block":2,"minecraft:string":25,"minecraft:iron_leggings":1,"minecraft:blackstone":6,"minecraft:gold_nugget":6,"minecraft:cobbled_deepslate":69,"minecraft:iron_pickaxe":3,"minecraft:sugar_cane":12,"minecraft:iron_boots":1,"minecraft:egg":1,"minecraft:raw_iron":106,"minecraft:stick":8,"minecraft:torch":116,"minecraft:porkchop":6,"minecraft:polished_blackstone_bricks":1,"minecraft:diorite":2,"minecraft:redstone":5,"minecraft:iron_horse_armor":3,"minecraft:arrow":7,"minecraft:rotten_flesh":20,"minecraft:hay_block":36,"minecraft:obsidian":15,"minecraft:cobblestone":74,"minecraft:magma_block":1,"minecraft:feather":3,"minecraft:basalt":73,"minecraft:cooked_beef":7,"minecraft:glow_ink_sac":1,"minecraft:andesite":43,"minecraft:leather":1,"minecraft:golden_leggings":1,"minecraft:red_mushroom":8,"minecraft:filled_map":1,"minecraft:tuff":27,"minecraft:oak_log":82,"minecraft:gunpowder":10,"minecraft:lapis_lazuli":110,"minecraft:dirt":13,"minecraft:bone":12,"minecraft:bow":1,"minecraft:wheat_seeds":62,"minecraft:raw_gold":13,"minecraft:iron_ingot":14,"minecraft:glowstone_dust":3,"minecraft:oak_planks":93,"minecraft:iron_sword":2,"minecraft:cooked_porkchop":12,"minecraft:music_disc_13":2,"minecraft:pumpkin":4,"minecraft:quartz":12,"minecraft:diamond":6,"minecraft:cracked_polished_blackstone_bricks":2,"minecraft:iron_helmet":1,"minecraft:granite":15,"minecraft:bread":150,"minecraft:netherrack":13,"minecraft:coal":74,"minecraft:diamond_pickaxe":2,"minecraft:ender_pearl":1},"minecraft:killed_by":{"minecraft:piglin_brute":1,"minecraft:skeleton":1,"minecraft:zombie":1},"minecraft:broken":{"minecraft:stone_pickaxe":2,"minecraft:iron_pickaxe":1,"minecraft:wooden_axe":1},"minecraft:killed":{"minecraft:spider":2,"minecraft:skeleton":2,"minecraft:chicken":2,"minecraft:magma_cube":7,"minecraft:pig":1,"minecraft:hoglin":1,"minecraft:zombie":11},"minecraft:mined":{"minecraft:diamond_ore":1,"minecraft:tuff":27,"minecraft:deepslate_diamond_ore":3,"minecraft:obsidian":15,"minecraft:grass_block":11,"minecraft:cracked_polished_blackstone_bricks":2,"minecraft:red_mushroom":8,"minecraft:spawner":1,"minecraft:hay_block":36,"minecraft:polished_blackstone_bricks":2,"minecraft:glowstone":1,"minecraft:iron_ore":21,"minecraft:fire":15,"minecraft:andesite":18,"minecraft:pumpkin":4,"minecraft:deepslate_lapis_ore":8,"minecraft:gold_block":1,"minecraft:deepslate_iron_ore":78,"minecraft:stone":58,"minecraft:blackstone":7,"minecraft:basalt":76,"minecraft:dandelion":1,"minecraft:torch":9,"minecraft:nether_quartz_ore":12,"minecraft:tall_grass":22,"minecraft:deepslate_gold_ore":5,"minecraft:sugar_cane":7,"minecraft:diorite":2,"minecraft:wall_torch":13,"minecraft:wheat":6,"minecraft:grass":134,"minecraft:coal_ore":59,"minecraft:oak_log":36,"minecraft:dirt":6,"minecraft:netherrack":11,"minecraft:gold_ore":5,"minecraft:oak_leaves":1,"minecraft:deepslate":32},"minecraft:crafted":{"minecraft:oak_planks":52,"minecraft:furnace":3,"minecraft:iron_boots":2,"minecraft:stone_pickaxe":2,"minecraft:chest":1,"minecraft:golden_boots":3,"minecraft:wheat":324,"minecraft:crafting_table":5,"minecraft:wooden_pickaxe":1,"minecraft:iron_helmet":2,"minecraft:iron_sword":2,"minecraft:bread":108,"minecraft:air":0,"minecraft:iron_chestplate":2,"minecraft:stick":60,"minecraft:iron_ingot":102,"minecraft:iron_pickaxe":1,"minecraft:wooden_axe":1,"minecraft:iron_leggings":2,"minecraft:gold_ingot":18,"minecraft:torch":164},"minecraft:dropped":{"minecraft:golden_boots":2,"minecraft:bread":63,"minecraft:iron_sword":1,"minecraft:cooked_beef":7,"minecraft:ender_pearl":1,"minecraft:diamond":3,"minecraft:cooked_porkchop":12,"minecraft:iron_helmet":1,"minecraft:iron_horse_armor":1,"minecraft:iron_leggings":1,"minecraft:sugar_cane":9,"minecraft:iron_nugget":8,"minecraft:wheat":8,"minecraft:iron_boots":1,"minecraft:filled_map":1,"minecraft:diamond_pickaxe":2,"minecraft:iron_chestplate":1,"minecraft:golden_leggings":1},"minecraft:custom":{"minecraft:mob_kills":30,"minecraft:interact_with_crafting_table":17,"minecraft:leave_game":5,"minecraft:time_since_death":1293,"minecraft:sprint_one_cm":244175,"minecraft:walk_one_cm":538367,"minecraft:drop":21,"minecraft:talked_to_villager":3,"minecraft:play_time":141758,"minecraft:deaths":4,"minecraft:sneak_time":5340,"minecraft:walk_under_water_one_cm":30324,"minecraft:jump":2695,"minecraft:interact_with_blast_furnace":1,"minecraft:walk_on_water_one_cm":42152,"minecraft:total_world_time":141758,"minecraft:interact_with_furnace":55,"minecraft:sleep_in_bed":3,"minecraft:time_since_rest":1320,"minecraft:damage_taken":3229,"minecraft:damage_dealt":4329,"minecraft:swim_one_cm":29534,"minecraft:fly_one_cm":416770,"minecraft:open_chest":35,"minecraft:crouch_one_cm":12574,"minecraft:fall_one_cm":76543}},"DataVersion":3465}