{"stats":{"minecraft:picked_up":{"minecraft:oak_log":7,"minecraft:wheat_seeds":2,"minecraft:dirt":4},"minecraft:mined":{"minecraft:tall_grass":6,"minecraft:grass":7,"minecraft:grass_block":4,"minecraft:oak_log":8,"minecraft:dirt":1},"minecraft:custom":{"minecraft:jump":66,"minecraft:time_since_rest":2989,"minecraft:damage_dealt":18,"minecraft:sprint_one_cm":7764,"minecraft:play_time":2989,"minecraft:damage_taken":10,"minecraft:time_since_death":2989,"minecraft:walk_one_cm":5357,"minecraft:sneak_time":61,"minecraft:total_world_time":2989,"minecraft:fall_one_cm":1312,"minecraft:fly_one_cm":20393}},"DataVersion":3465}