{"stats":{"minecraft:dropped":{"minecraft:filled_map":1,"minecraft:bread":22},"minecraft:picked_up":{"minecraft:raw_iron":57,"minecraft:wheat":6,"minecraft:feather":1,"minecraft:chicken":2,"minecraft:andesite":12,"minecraft:pumpkin":4,"minecraft:torch":10,"minecraft:filled_map":1,"minecraft:porkchop":2,"minecraft:tuff":15,"minecraft:oak_log":36,"minecraft:dirt":7,"minecraft:wheat_seeds":17,"minecraft:cobbled_deepslate":13,"minecraft:hay_block":36,"minecraft:bread":22,"minecraft:coal":26,"minecraft:cobblestone":35},"minecraft:used":{"minecraft:wooden_axe":54,"minecraft:stone_pickaxe":156,"minecraft:bread":4,"minecraft:oak_planks":1,"minecraft:wooden_pickaxe":7,"minecraft:torch":31,"minecraft:dirt":5,"minecraft:crafting_table":3},"minecraft:mined":{"minecraft:hay_block":36,"minecraft:tuff":15,"minecraft:fire":7,"minecraft:iron_ore":16,"minecraft:wheat":6,"minecraft:andesite":12,"minecraft:pumpkin":4,"minecraft:grass":26,"minecraft:grass_block":6,"minecraft:oak_log":36,"minecraft:coal_ore":26,"minecraft:deepslate_iron_ore":42,"minecraft:dirt":1,"minecraft:tall_grass":7,"minecraft:stone":35,"minecraft:oak_leaves":1,"minecraft:deepslate":13,"minecraft:wall_torch":9},"minecraft:broken":{"minecraft:stone_pickaxe":1,"minecraft:wooden_axe":1},"minecraft:crafted":{"minecraft:oak_planks":52,"minecraft:crafting_table":3,"minecraft:stick":16,"minecraft:wooden_pickaxe":1,"minecraft:stone_pickaxe":2,"minecraft:wooden_axe":1,"minecraft:torch":32,"minecraft:bread":108,"minecraft:wheat":324},"minecraft:killed":{"minecraft:pig":1,"minecraft:chicken":2},"minecraft:custom":{"minecraft:time_since_rest":19007,"minecraft:damage_taken":280,"minecraft:sprint_one_cm":35639,"minecraft:walk_one_cm":134843,"minecraft:mob_kills":3,"minecraft:drop":2,"minecraft:damage_dealt":198,"minecraft:swim_one_cm":3134,"minecraft:interact_with_crafting_table":4,"minecraft:fly_one_cm":75466,"minecraft:open_chest":1,"minecraft:crouch_one_cm":800,"minecraft:play_time":31142,"minecraft:sneak_time":376,"minecraft:walk_under_water_one_cm":14255,"minecraft:jump":447,"minecraft:interact_with_blast_furnace":1,"minecraft:leave_game":2,"minecraft:time_since_death":31142,"minecraft:walk_on_water_one_cm":5521,"minecraft:sleep_in_bed":2,"minecraft:total_world_time":31142,"minecraft:fall_one_cm":14169}},"DataVersion":3465}