{"stats":{"minecraft:used":{"minecraft:chest":4,"minecraft:iron_sword":348,"minecraft:netherrack":13,"minecraft:torch":188,"minecraft:dirt":196,"minecraft:obsidian":16,"minecraft:wooden_axe":54,"minecraft:iron_axe":146,"minecraft:basalt":73,"minecraft:bow":1,"minecraft:sweet_berries":42,"minecraft:furnace":3,"minecraft:cooked_beef":9,"minecraft:cobbled_deepslate":44,"minecraft:golden_axe":32,"minecraft:oak_chest_boat":1,"minecraft:stone_pickaxe":216,"minecraft:oak_planks":25,"minecraft:blackstone":6,"minecraft:wooden_pickaxe":7,"minecraft:blue_bed":1,"minecraft:polished_blackstone_bricks":1,"minecraft:crafting_table":7,"minecraft:oak_log":46,"minecraft:diamond_pickaxe":41,"minecraft:diamond_shovel":205,"minecraft:cracked_polished_blackstone_bricks":2,"minecraft:bread":57,"minecraft:iron_pickaxe":266,"minecraft:cobblestone":32,"minecraft:cooked_porkchop":1,"minecraft:andesite":14,"minecraft:oak_boat":1},"minecraft:picked_up":{"minecraft:iron_chestplate":1,"minecraft:wheat":22,"minecraft:chicken":12,"minecraft:wooden_pickaxe":2,"minecraft:gold_block":2,"minecraft:cornflower":1,"minecraft:string":45,"minecraft:iron_leggings":2,"minecraft:blackstone":6,"minecraft:gold_nugget":6,"minecraft:cobbled_deepslate":69,"minecraft:oak_boat":2,"minecraft:netherite_upgrade_smithing_template":2,"minecraft:iron_pickaxe":4,"minecraft:sugar_cane":24,"minecraft:chest":1,"minecraft:egg":1,"minecraft:iron_boots":1,"minecraft:stick":34,"minecraft:raw_iron":106,"minecraft:copper_ingot":1,"minecraft:torch":177,"minecraft:porkchop":18,"minecraft:polished_blackstone_bricks":1,"minecraft:golden_axe":1,"minecraft:diorite":2,"minecraft:warden_spawn_egg":1,"minecraft:redstone":5,"minecraft:iron_horse_armor":3,"minecraft:arrow":28,"minecraft:rotten_flesh":33,"minecraft:hay_block":36,"minecraft:iron_block":1,"minecraft:gold_ingot":6,"minecraft:obsidian":16,"minecraft:bone_block":3,"minecraft:white_wool":31,"minecraft:cobblestone":75,"minecraft:magma_block":1,"minecraft:cooked_beef":7,"minecraft:feather":4,"minecraft:basalt":73,"minecraft:glow_ink_sac":1,"minecraft:andesite":43,"minecraft:leather":2,"minecraft:golden_leggings":1,"minecraft:red_mushroom":16,"minecraft:filled_map":1,"minecraft:tuff":27,"minecraft:oak_log":226,"minecraft:gunpowder":10,"minecraft:lapis_lazuli":110,"minecraft:dirt":212,"minecraft:bone":14,"minecraft:bow":2,"minecraft:wheat_seeds":85,"minecraft:raw_gold":13,"minecraft:iron_ingot":14,"minecraft:glowstone_dust":6,"minecraft:iron_sword":5,"minecraft:oak_planks":108,"minecraft:pumpkin":39,"minecraft:cooked_porkchop":13,"minecraft:music_disc_13":2,"minecraft:sweet_berries":38,"minecraft:quartz":24,"minecraft:white_bed":1,"minecraft:lily_of_the_valley":8,"minecraft:spectral_arrow":11,"minecraft:diamond_shovel":1,"minecraft:diamond":6,"minecraft:cracked_polished_blackstone_bricks":4,"minecraft:iron_helmet":2,"minecraft:granite":15,"minecraft:gray_wool":2,"minecraft:bread":181,"minecraft:oak_sapling":2,"minecraft:netherrack":13,"minecraft:black_wool":3,"minecraft:oak_leaves":2,"minecraft:coal":126,"minecraft:ender_pearl":1,"minecraft:diamond_pickaxe":4},"minecraft:killed_by":{"minecraft:piglin_brute":1,"minecraft:skeleton":1,"minecraft:zombie":1},"minecraft:broken":{"minecraft:stone_pickaxe":2,"minecraft:golden_axe":1,"minecraft:iron_sword":1,"minecraft:iron_pickaxe":1,"minecraft:wooden_axe":1},"minecraft:killed":{"minecraft:spider":4,"minecraft:skeleton":2,"minecraft:chicken":4,"minecraft:magma_cube":7,"minecraft:pig":5,"minecraft:hoglin":1,"minecraft:zombie":14},"minecraft:mined":{"minecraft:diamond_ore":1,"minecraft:tuff":27,"minecraft:white_bed":1,"minecraft:deepslate_diamond_ore":3,"minecraft:obsidian":15,"minecraft:grass_block":200,"minecraft:cracked_polished_blackstone_bricks":2,"minecraft:red_mushroom":8,"minecraft:spawner":1,"minecraft:large_fern":13,"minecraft:hay_block":36,"minecraft:polished_blackstone_bricks":2,"minecraft:glowstone":1,"minecraft:iron_ore":21,"minecraft:fire":15,"minecraft:andesite":18,"minecraft:pumpkin":39,"minecraft:deepslate_lapis_ore":8,"minecraft:gold_block":1,"minecraft:deepslate_iron_ore":78,"minecraft:stone":58,"minecraft:brown_mushroom":8,"minecraft:blackstone":7,"minecraft:lily_of_the_valley":5,"minecraft:basalt":76,"minecraft:dandelion":1,"minecraft:cornflower":1,"minecraft:torch":12,"minecraft:rose_bush":2,"minecraft:nether_quartz_ore":12,"minecraft:tall_grass":42,"minecraft:deepslate_gold_ore":5,"minecraft:sugar_cane":15,"minecraft:oak_planks":12,"minecraft:diorite":2,"minecraft:wall_torch":14,"minecraft:wheat":6,"minecraft:sweet_berry_bush":20,"minecraft:grass":240,"minecraft:oak_log":180,"minecraft:coal_ore":59,"minecraft:dirt":19,"minecraft:netherrack":11,"minecraft:gold_ore":5,"minecraft:oak_leaves":12,"minecraft:deepslate":32,"minecraft:fern":8},"minecraft:crafted":{"minecraft:oak_planks":184,"minecraft:furnace":3,"minecraft:iron_boots":2,"minecraft:iron_axe":3,"minecraft:stone_pickaxe":2,"minecraft:chest":5,"minecraft:golden_boots":3,"minecraft:wheat":324,"minecraft:cooked_beef":3,"minecraft:crafting_table":7,"minecraft:wooden_pickaxe":1,"minecraft:iron_helmet":2,"minecraft:iron_sword":2,"minecraft:blue_bed":1,"minecraft:bread":108,"minecraft:air":0,"minecraft:blue_dye":1,"minecraft:oak_boat":1,"minecraft:oak_chest_boat":1,"minecraft:iron_chestplate":2,"minecraft:white_dye":4,"minecraft:stick":60,"minecraft:iron_ingot":124,"minecraft:iron_pickaxe":1,"minecraft:wooden_axe":1,"minecraft:iron_leggings":2,"minecraft:gold_ingot":18,"minecraft:torch":164,"minecraft:shears":1},"minecraft:dropped":{"minecraft:golden_boots":2,"minecraft:bread":64,"minecraft:iron_sword":2,"minecraft:cooked_beef":7,"minecraft:ender_pearl":1,"minecraft:diamond":3,"minecraft:cooked_porkchop":12,"minecraft:netherite_upgrade_smithing_template":1,"minecraft:warden_spawn_egg":1,"minecraft:iron_helmet":1,"minecraft:spectral_arrow":1,"minecraft:iron_horse_armor":1,"minecraft:red_mushroom":8,"minecraft:dirt":11,"minecraft:iron_leggings":1,"minecraft:string":8,"minecraft:sweet_berries":4,"minecraft:sugar_cane":9,"minecraft:iron_nugget":8,"minecraft:wheat":8,"minecraft:oak_planks":3,"minecraft:iron_boots":1,"minecraft:lily_of_the_valley":4,"minecraft:filled_map":1,"minecraft:diamond_pickaxe":2,"minecraft:iron_chestplate":1,"minecraft:oak_boat":1,"minecraft:golden_leggings":1,"minecraft:chest":1,"minecraft:oak_leaves":1},"minecraft:custom":{"minecraft:mob_kills":57,"minecraft:interact_with_crafting_table":32,"minecraft:leave_game":9,"minecraft:time_since_death":105641,"minecraft:sprint_one_cm":561958,"minecraft:walk_one_cm":886298,"minecraft:drop":35,"minecraft:talked_to_villager":5,"minecraft:play_time":246106,"minecraft:deaths":4,"minecraft:sneak_time":5409,"minecraft:walk_under_water_one_cm":39265,"minecraft:boat_one_cm":36693,"minecraft:jump":5209,"minecraft:interact_with_blast_furnace":1,"minecraft:walk_on_water_one_cm":59820,"minecraft:total_world_time":246106,"minecraft:interact_with_furnace":65,"minecraft:sleep_in_bed":5,"minecraft:time_since_rest":8781,"minecraft:damage_taken":4244,"minecraft:damage_dealt":7108,"minecraft:swim_one_cm":61397,"minecraft:fly_one_cm":1254168,"minecraft:open_chest":82,"minecraft:crouch_one_cm":12818,"minecraft:fall_one_cm":142707}},"DataVersion":3465}