{"stats":{"minecraft:dropped":{"minecraft:bread":63,"minecraft:iron_sword":1,"minecraft:filled_map":1},"minecraft:picked_up":{"minecraft:wheat":22,"minecraft:feather":3,"minecraft:chicken":6,"minecraft:glow_ink_sac":1,"minecraft:andesite":33,"minecraft:wooden_pickaxe":2,"minecraft:filled_map":1,"minecraft:tuff":15,"minecraft:oak_log":82,"minecraft:gunpowder":10,"minecraft:lapis_lazuli":90,"minecraft:string":25,"minecraft:dirt":7,"minecraft:bone":8,"minecraft:wheat_seeds":53,"minecraft:gold_nugget":6,"minecraft:cobbled_deepslate":47,"minecraft:raw_gold":6,"minecraft:iron_ingot":14,"minecraft:iron_pickaxe":3,"minecraft:iron_sword":2,"minecraft:oak_planks":92,"minecraft:egg":1,"minecraft:raw_iron":78,"minecraft:music_disc_13":2,"minecraft:pumpkin":4,"minecraft:torch":58,"minecraft:porkchop":2,"minecraft:iron_horse_armor":2,"minecraft:arrow":2,"minecraft:rotten_flesh":12,"minecraft:diamond":3,"minecraft:hay_block":36,"minecraft:granite":15,"minecraft:bread":150,"minecraft:coal":66,"minecraft:cobblestone":56},"minecraft:used":{"minecraft:stone_pickaxe":216,"minecraft:oak_planks":1,"minecraft:chest":1,"minecraft:wooden_pickaxe":7,"minecraft:iron_sword":65,"minecraft:torch":56,"minecraft:dirt":5,"minecraft:crafting_table":4,"minecraft:wooden_axe":54,"minecraft:bread":8,"minecraft:iron_pickaxe":42,"minecraft:furnace":3,"minecraft:andesite":5},"minecraft:mined":{"minecraft:diamond_ore":1,"minecraft:tuff":15,"minecraft:torch":1,"minecraft:grass_block":6,"minecraft:tall_grass":12,"minecraft:sugar_cane":1,"minecraft:wall_torch":10,"minecraft:spawner":1,"minecraft:hay_block":36,"minecraft:wheat":6,"minecraft:iron_ore":16,"minecraft:fire":7,"minecraft:andesite":13,"minecraft:pumpkin":4,"minecraft:deepslate_lapis_ore":4,"minecraft:grass":51,"minecraft:coal_ore":52,"minecraft:oak_log":36,"minecraft:deepslate_iron_ore":52,"minecraft:dirt":1,"minecraft:stone":38,"minecraft:gold_ore":3,"minecraft:oak_leaves":1,"minecraft:deepslate":14},"minecraft:broken":{"minecraft:stone_pickaxe":2,"minecraft:wooden_axe":1},"minecraft:crafted":{"minecraft:oak_planks":52,"minecraft:crafting_table":4,"minecraft:iron_helmet":2,"minecraft:wooden_pickaxe":1,"minecraft:iron_sword":2,"minecraft:furnace":3,"minecraft:bread":108,"minecraft:air":0,"minecraft:iron_boots":2,"minecraft:iron_chestplate":2,"minecraft:stick":32,"minecraft:iron_ingot":74,"minecraft:iron_pickaxe":1,"minecraft:stone_pickaxe":2,"minecraft:wooden_axe":1,"minecraft:chest":1,"minecraft:iron_leggings":2,"minecraft:torch":80,"minecraft:wheat":324},"minecraft:killed":{"minecraft:pig":1,"minecraft:spider":2,"minecraft:skeleton":1,"minecraft:zombie":4,"minecraft:chicken":2},"minecraft:killed_by":{"minecraft:skeleton":1,"minecraft:zombie":1},"minecraft:custom":{"minecraft:interact_with_furnace":46,"minecraft:mob_kills":11,"minecraft:interact_with_crafting_table":11,"minecraft:leave_game":4,"minecraft:time_since_death":10721,"minecraft:sleep_in_bed":2,"minecraft:time_since_rest":10783,"minecraft:sprint_one_cm":76447,"minecraft:damage_taken":965,"minecraft:walk_one_cm":202669,"minecraft:drop":4,"minecraft:damage_dealt":1950,"minecraft:swim_one_cm":3134,"minecraft:fly_one_cm":128831,"minecraft:open_chest":17,"minecraft:crouch_one_cm":800,"minecraft:play_time":52396,"minecraft:deaths":2,"minecraft:sneak_time":376,"minecraft:walk_under_water_one_cm":14255,"minecraft:jump":814,"minecraft:interact_with_blast_furnace":1,"minecraft:walk_on_water_one_cm":12230,"minecraft:total_world_time":52396,"minecraft:fall_one_cm":23896}},"DataVersion":3465}