{"stats":{"minecraft:dropped":{"minecraft:bread":63,"minecraft:iron_sword":1,"minecraft:diamond":3,"minecraft:filled_map":1},"minecraft:picked_up":{"minecraft:wheat":22,"minecraft:feather":3,"minecraft:chicken":6,"minecraft:glow_ink_sac":1,"minecraft:andesite":34,"minecraft:wooden_pickaxe":2,"minecraft:filled_map":1,"minecraft:tuff":18,"minecraft:oak_log":82,"minecraft:gunpowder":10,"minecraft:dirt":7,"minecraft:lapis_lazuli":110,"minecraft:string":25,"minecraft:bone":12,"minecraft:wheat_seeds":54,"minecraft:gold_nugget":6,"minecraft:cobbled_deepslate":62,"minecraft:raw_gold":13,"minecraft:iron_ingot":14,"minecraft:iron_pickaxe":3,"minecraft:sugar_cane":12,"minecraft:iron_sword":2,"minecraft:oak_planks":93,"minecraft:egg":1,"minecraft:stick":8,"minecraft:raw_iron":106,"minecraft:pumpkin":4,"minecraft:music_disc_13":2,"minecraft:torch":103,"minecraft:porkchop":2,"minecraft:diorite":2,"minecraft:redstone":5,"minecraft:iron_horse_armor":2,"minecraft:arrow":7,"minecraft:rotten_flesh":19,"minecraft:diamond":6,"minecraft:hay_block":36,"minecraft:granite":15,"minecraft:bread":150,"minecraft:coal":74,"minecraft:cobblestone":71},"minecraft:used":{"minecraft:stone_pickaxe":216,"minecraft:oak_planks":1,"minecraft:chest":1,"minecraft:wooden_pickaxe":7,"minecraft:iron_sword":180,"minecraft:torch":175,"minecraft:dirt":5,"minecraft:crafting_table":4,"minecraft:wooden_axe":54,"minecraft:bread":32,"minecraft:iron_pickaxe":134,"minecraft:cobblestone":17,"minecraft:furnace":3,"minecraft:andesite":5,"minecraft:cobbled_deepslate":37},"minecraft:mined":{"minecraft:diamond_ore":1,"minecraft:tuff":18,"minecraft:deepslate_diamond_ore":3,"minecraft:torch":9,"minecraft:grass_block":6,"minecraft:tall_grass":13,"minecraft:deepslate_gold_ore":5,"minecraft:sugar_cane":7,"minecraft:diorite":2,"minecraft:wall_torch":12,"minecraft:spawner":1,"minecraft:hay_block":36,"minecraft:iron_ore":21,"minecraft:wheat":6,"minecraft:fire":14,"minecraft:andesite":13,"minecraft:pumpkin":4,"minecraft:deepslate_lapis_ore":8,"minecraft:grass":53,"minecraft:oak_log":36,"minecraft:coal_ore":59,"minecraft:deepslate_iron_ore":78,"minecraft:dirt":1,"minecraft:stone":55,"minecraft:gold_ore":5,"minecraft:oak_leaves":1,"minecraft:deepslate":25},"minecraft:broken":{"minecraft:stone_pickaxe":2,"minecraft:wooden_axe":1},"minecraft:crafted":{"minecraft:oak_planks":52,"minecraft:crafting_table":4,"minecraft:wooden_pickaxe":1,"minecraft:iron_helmet":2,"minecraft:iron_sword":2,"minecraft:furnace":3,"minecraft:bread":108,"minecraft:air":0,"minecraft:iron_boots":2,"minecraft:iron_chestplate":2,"minecraft:stick":60,"minecraft:iron_ingot":102,"minecraft:iron_pickaxe":1,"minecraft:stone_pickaxe":2,"minecraft:wooden_axe":1,"minecraft:chest":1,"minecraft:iron_leggings":2,"minecraft:torch":164,"minecraft:wheat":324},"minecraft:killed":{"minecraft:pig":1,"minecraft:spider":2,"minecraft:skeleton":2,"minecraft:zombie":11,"minecraft:chicken":2},"minecraft:killed_by":{"minecraft:skeleton":1,"minecraft:zombie":1},"minecraft:custom":{"minecraft:interact_with_furnace":53,"minecraft:mob_kills":22,"minecraft:interact_with_crafting_table":13,"minecraft:leave_game":4,"minecraft:time_since_death":54343,"minecraft:sleep_in_bed":2,"minecraft:time_since_rest":54405,"minecraft:sprint_one_cm":186987,"minecraft:damage_taken":2103,"minecraft:walk_one_cm":375455,"minecraft:drop":5,"minecraft:damage_dealt":3853,"minecraft:swim_one_cm":20757,"minecraft:fly_one_cm":318737,"minecraft:open_chest":21,"minecraft:crouch_one_cm":800,"minecraft:play_time":96018,"minecraft:deaths":2,"minecraft:sneak_time":376,"minecraft:walk_under_water_one_cm":29359,"minecraft:jump":1978,"minecraft:interact_with_blast_furnace":1,"minecraft:walk_on_water_one_cm":41338,"minecraft:total_world_time":96018,"minecraft:fall_one_cm":54265}},"DataVersion":3465}