{"stats":{"minecraft:killed":{"minecraft:cave_spider":6,"minecraft:witch":1,"minecraft:spider":17,"minecraft:slime":7,"minecraft:skeleton":19,"minecraft:chicken":18,"minecraft:drowned":2,"minecraft:parrot":1,"minecraft:pig":12,"minecraft:zombie_villager":1,"minecraft:ravager":1,"minecraft:creeper":8,"minecraft:squid":1,"minecraft:sheep":11,"minecraft:pillager":1,"minecraft:zombie":25,"minecraft:enderman":1,"minecraft:cow":7},"minecraft:dropped":{"minecraft:iron_ingot":14,"minecraft:brown_mushroom":3,"minecraft:mossy_cobblestone":1,"minecraft:dark_oak_slab":1,"minecraft:cobblestone":2,"minecraft:stick":1,"minecraft:oxeye_daisy":2,"minecraft:dirt":320,"minecraft:torch":1,"minecraft:iron_leggings":1,"minecraft:iron_axe":1,"minecraft:iron_pickaxe":1,"minecraft:string":9,"minecraft:dandelion":3,"minecraft:bone":4,"minecraft:moss_carpet":2,"minecraft:kelp":7,"minecraft:sweet_berries":3,"minecraft:cocoa_beans":7,"minecraft:rotten_flesh":2,"minecraft:iron_boots":1,"minecraft:stripped_oak_log":5,"minecraft:cooked_mutton":11,"minecraft:poppy":2,"minecraft:hay_block":5,"minecraft:shield":1,"minecraft:gunpowder":1,"minecraft:spruce_planks":22,"minecraft:slime_ball":2,"minecraft:spruce_log":7,"minecraft:bow":2},"minecraft:broken":{"minecraft:iron_shovel":1,"minecraft:iron_axe":2,"minecraft:stone_axe":1},"minecraft:killed_by":{"minecraft:player":1,"minecraft:drowned":1,"minecraft:skeleton":1},"minecraft:mined":{"minecraft:white_bed":3,"minecraft:spruce_planks":28,"minecraft:mossy_cobblestone":1,"minecraft:jungle_leaves":4,"minecraft:granite":2,"minecraft:cave_vines_plant":2,"minecraft:grass_block":243,"minecraft:jungle_log":4,"minecraft:spruce_leaves":6,"minecraft:moss_block":7,"minecraft:spawner":2,"minecraft:hay_block":15,"minecraft:furnace":5,"minecraft:iron_ore":25,"minecraft:andesite":5,"minecraft:pumpkin":2,"minecraft:moss_carpet":1,"minecraft:deepslate_lapis_ore":5,"minecraft:azure_bluet":2,"minecraft:potatoes":4,"minecraft:bookshelf":10,"minecraft:dirt_path":1,"minecraft:cave_vines":4,"minecraft:deepslate_iron_ore":37,"minecraft:vine":2,"minecraft:rail":1,"minecraft:stripped_oak_log":15,"minecraft:stone":43,"minecraft:orange_bed":1,"minecraft:deepslate_redstone_ore":3,"minecraft:flowering_azalea":1,"minecraft:dandelion":1,"minecraft:spruce_door":1,"minecraft:cornflower":1,"minecraft:clay":5,"minecraft:crafting_table":3,"minecraft:torch":10,"minecraft:poppy":2,"minecraft:melon":3,"minecraft:dead_bush":177,"minecraft:mushroom_stem":9,"minecraft:glass":5,"minecraft:tall_grass":26,"minecraft:cobblestone":8,"minecraft:deepslate_coal_ore":3,"minecraft:oak_planks":59,"minecraft:sugar_cane":3,"minecraft:wall_torch":8,"minecraft:big_dripleaf":3,"minecraft:cactus":2,"minecraft:coarse_dirt":3,"minecraft:dark_oak_slab":1,"minecraft:white_carpet":4,"minecraft:spruce_log":21,"minecraft:black_bed":2,"minecraft:yellow_bed":1,"minecraft:grass":432,"minecraft:oak_log":84,"minecraft:coal_ore":96,"minecraft:cocoa":2,"minecraft:gravel":2,"minecraft:sand":83,"minecraft:dirt":17,"minecraft:cobweb":11,"minecraft:red_mushroom_block":7,"minecraft:oak_leaves":29,"minecraft:deepslate":13,"minecraft:fern":122},"minecraft:custom":{"minecraft:interact_with_anvil":2,"minecraft:mob_kills":147,"minecraft:interact_with_crafting_table":51,"minecraft:bell_ring":72,"minecraft:leave_game":11,"minecraft:time_since_death":210601,"minecraft:climb_one_cm":10889,"minecraft:sprint_one_cm":1522245,"minecraft:walk_one_cm":1272058,"minecraft:drop":61,"minecraft:talked_to_villager":10,"minecraft:raid_win":1,"minecraft:play_time":425441,"minecraft:sneak_time":8689,"minecraft:deaths":9,"minecraft:walk_under_water_one_cm":23298,"minecraft:boat_one_cm":353200,"minecraft:jump":6670,"minecraft:walk_on_water_one_cm":55279,"minecraft:total_world_time":425441,"minecraft:interact_with_furnace":132,"minecraft:interact_with_stonecutter":1,"minecraft:sleep_in_bed":15,"minecraft:time_since_rest":27886,"minecraft:damage_taken":6788,"minecraft:damage_dealt":21990,"minecraft:swim_one_cm":73435,"minecraft:fly_one_cm":1231157,"minecraft:open_chest":170,"minecraft:crouch_one_cm":25245,"minecraft:interact_with_smoker":21,"minecraft:fall_one_cm":199074,"minecraft:horse_one_cm":1898721},"minecraft:used":{"minecraft:stone_sword":75,"minecraft:iron_shovel":348,"minecraft:chest":7,"minecraft:spruce_planks":132,"minecraft:iron_sword":81,"minecraft:stone_hoe":49,"minecraft:cooked_chicken":12,"minecraft:rotten_flesh":3,"minecraft:orange_bed":1,"minecraft:torch":28,"minecraft:dirt":7,"minecraft:spruce_fence":1,"minecraft:axolotl_bucket":5,"minecraft:glass":75,"minecraft:wooden_axe":2,"minecraft:iron_axe":371,"minecraft:bow":3,"minecraft:sweet_berries":15,"minecraft:oak_sapling":2,"minecraft:furnace":10,"minecraft:egg":1,"minecraft:potato":6,"minecraft:cobbled_deepslate":11,"minecraft:calcite":1,"minecraft:cooked_mutton":9,"minecraft:water_bucket":15,"minecraft:spruce_door":4,"minecraft:stone_pickaxe":81,"minecraft:oak_planks":399,"minecraft:wooden_pickaxe":15,"minecraft:jungle_boat":1,"minecraft:sand":11,"minecraft:crafting_table":7,"minecraft:white_bed":2,"minecraft:black_bed":3,"minecraft:bread":76,"minecraft:melon_slice":23,"minecraft:iron_pickaxe":168,"minecraft:stone_axe":263,"minecraft:wooden_sword":15,"minecraft:cobblestone":40,"minecraft:cooked_porkchop":5,"minecraft:cooked_rabbit":1,"minecraft:bucket":21,"minecraft:yellow_bed":2,"minecraft:stripped_oak_log":14},"minecraft:crafted":{"minecraft:black_dye":1,"minecraft:wooden_sword":1,"minecraft:oak_planks":388,"minecraft:cooked_chicken":16,"minecraft:furnace":5,"minecraft:spruce_fence":3,"minecraft:cooked_mutton":12,"minecraft:glass":75,"minecraft:bow":3,"minecraft:iron_boots":1,"minecraft:iron_axe":4,"minecraft:stone_pickaxe":2,"minecraft:chest":7,"minecraft:stone_hoe":1,"minecraft:wheat":109,"minecraft:cooked_beef":10,"minecraft:cooked_porkchop":14,"minecraft:crafting_table":5,"minecraft:spruce_planks":48,"minecraft:wooden_pickaxe":1,"minecraft:iron_helmet":1,"minecraft:iron_sword":1,"minecraft:spruce_door":6,"minecraft:bucket":1,"minecraft:birch_planks":12,"minecraft:stone_axe":1,"minecraft:bread":39,"minecraft:air":0,"minecraft:jungle_planks":16,"minecraft:iron_chestplate":1,"minecraft:stick":80,"minecraft:iron_ingot":77,"minecraft:iron_pickaxe":1,"minecraft:wooden_axe":1,"minecraft:stone_sword":2,"minecraft:iron_leggings":1,"minecraft:black_bed":1,"minecraft:torch":32},"minecraft:picked_up":{"minecraft:wooden_axe":2,"minecraft:crafting_table":2,"minecraft:cocoa_beans":7,"minecraft:iron_chestplate":1,"minecraft:coarse_dirt":3,"minecraft:wheat":8,"minecraft:azure_bluet":1,"minecraft:chicken":18,"minecraft:clay_ball":28,"minecraft:lead":3,"minecraft:wooden_pickaxe":2,"minecraft:cooked_rabbit":1,"minecraft:shield":1,"minecraft:cornflower":1,"minecraft:string":35,"minecraft:moss_carpet":10,"minecraft:iron_axe":1,"minecraft:wooden_sword":2,"minecraft:iron_leggings":2,"minecraft:white_carpet":4,"minecraft:cobbled_deepslate":23,"minecraft:spruce_planks":212,"minecraft:beef":12,"minecraft:wooden_shovel":1,"minecraft:calcite":1,"minecraft:azalea":3,"minecraft:light_gray_wool":1,"minecraft:poppy":4,"minecraft:iron_pickaxe":3,"minecraft:melon_slice":41,"minecraft:sugar_cane":6,"minecraft:birch_sapling":1,"minecraft:furnace":5,"minecraft:iron_boots":2,"minecraft:egg":4,"minecraft:stick":202,"minecraft:raw_iron":79,"minecraft:big_dripleaf":2,"minecraft:torch":27,"minecraft:porkchop":23,"minecraft:carrot":1,"minecraft:redstone":12,"minecraft:orange_bed":1,"minecraft:rotten_flesh":44,"minecraft:arrow":29,"minecraft:stone_sword":1,"minecraft:cactus":3,"minecraft:hay_block":18,"minecraft:saddle":2,"minecraft:stripped_oak_log":19,"minecraft:glow_berries":2,"minecraft:mutton":16,"minecraft:white_wool":8,"minecraft:cobblestone":85,"minecraft:oxeye_daisy":2,"minecraft:birch_log":3,"minecraft:jungle_boat":1,"minecraft:feather":10,"minecraft:andesite":5,"minecraft:water_bucket":1,"minecraft:jungle_log":4,"minecraft:black_bed":2,"minecraft:leather":9,"minecraft:brown_wool":1,"minecraft:red_mushroom":3,"minecraft:potato":11,"minecraft:flint":2,"minecraft:oak_log":149,"minecraft:cobblestone_wall":1,"minecraft:yellow_bed":2,"minecraft:gunpowder":6,"minecraft:lapis_lazuli":35,"minecraft:dirt":277,"minecraft:cooked_mutton":40,"minecraft:bone":24,"minecraft:kelp":7,"minecraft:wheat_seeds":69,"minecraft:stone_pickaxe":10,"minecraft:cooked_chicken":23,"minecraft:bamboo":7,"minecraft:moss_block":5,"minecraft:flowering_azalea":1,"minecraft:iron_sword":1,"minecraft:oak_planks":197,"minecraft:book":30,"minecraft:dark_oak_slab":2,"minecraft:cooked_porkchop":9,"minecraft:sweet_berries":2,"minecraft:dandelion":3,"minecraft:gravel":1,"minecraft:sand":108,"minecraft:spruce_sapling":1,"minecraft:ink_sac":3,"minecraft:white_bed":3,"minecraft:spruce_log":19,"minecraft:spruce_door":3,"minecraft:spider_eye":5,"minecraft:mossy_cobblestone":1,"minecraft:slime_ball":9,"minecraft:stone_axe":5,"minecraft:iron_helmet":1,"minecraft:granite":2,"minecraft:bread":93,"minecraft:oak_sapling":4,"minecraft:black_wool":1,"minecraft:coal":214,"minecraft:ender_pearl":2}},"DataVersion":3465}