{"stats":{"minecraft:killed":{"minecraft:cave_spider":6,"minecraft:spider":5,"minecraft:slime":7,"minecraft:skeleton":9,"minecraft:chicken":7,"minecraft:drowned":1,"minecraft:parrot":1,"minecraft:pig":5,"minecraft:zombie":8,"minecraft:enderman":1},"minecraft:dropped":{"minecraft:iron_ingot":14,"minecraft:mossy_cobblestone":1,"minecraft:stick":1,"minecraft:torch":1,"minecraft:iron_axe":1,"minecraft:iron_pickaxe":1,"minecraft:string":1,"minecraft:dandelion":1,"minecraft:kelp":7,"minecraft:cocoa_beans":7,"minecraft:cooked_mutton":11,"minecraft:poppy":1,"minecraft:shield":1,"minecraft:spruce_planks":21,"minecraft:spruce_log":7},"minecraft:broken":{"minecraft:stone_axe":1},"minecraft:killed_by":{"minecraft:drowned":1,"minecraft:skeleton":1},"minecraft:mined":{"minecraft:spruce_planks":6,"minecraft:mossy_cobblestone":1,"minecraft:jungle_leaves":4,"minecraft:cave_vines_plant":2,"minecraft:grass_block":22,"minecraft:jungle_log":4,"minecraft:spruce_leaves":2,"minecraft:moss_block":6,"minecraft:spawner":2,"minecraft:furnace":3,"minecraft:iron_ore":25,"minecraft:andesite":5,"minecraft:deepslate_lapis_ore":5,"minecraft:cave_vines":3,"minecraft:deepslate_iron_ore":32,"minecraft:vine":2,"minecraft:dirt_path":1,"minecraft:rail":1,"minecraft:stone":43,"minecraft:deepslate_redstone_ore":3,"minecraft:flowering_azalea":1,"minecraft:spruce_door":1,"minecraft:dandelion":1,"minecraft:clay":4,"minecraft:crafting_table":3,"minecraft:torch":10,"minecraft:poppy":2,"minecraft:melon":3,"minecraft:dead_bush":177,"minecraft:mushroom_stem":9,"minecraft:tall_grass":9,"minecraft:cobblestone":7,"minecraft:deepslate_coal_ore":3,"minecraft:sugar_cane":3,"minecraft:wall_torch":8,"minecraft:big_dripleaf":2,"minecraft:cactus":2,"minecraft:coarse_dirt":3,"minecraft:white_carpet":4,"minecraft:spruce_log":20,"minecraft:yellow_bed":1,"minecraft:grass":380,"minecraft:oak_log":28,"minecraft:coal_ore":66,"minecraft:cocoa":2,"minecraft:gravel":2,"minecraft:dirt":8,"minecraft:cobweb":11,"minecraft:red_mushroom_block":7,"minecraft:oak_leaves":20,"minecraft:deepslate":13,"minecraft:fern":122},"minecraft:custom":{"minecraft:mob_kills":51,"minecraft:interact_with_anvil":2,"minecraft:interact_with_crafting_table":30,"minecraft:leave_game":9,"minecraft:time_since_death":99509,"minecraft:climb_one_cm":10745,"minecraft:sprint_one_cm":650512,"minecraft:walk_one_cm":622016,"minecraft:drop":22,"minecraft:play_time":210522,"minecraft:deaths":8,"minecraft:sneak_time":6267,"minecraft:walk_under_water_one_cm":11056,"minecraft:boat_one_cm":353200,"minecraft:jump":3462,"minecraft:walk_on_water_one_cm":32098,"minecraft:total_world_time":210522,"minecraft:interact_with_furnace":63,"minecraft:sleep_in_bed":4,"minecraft:time_since_rest":89523,"minecraft:damage_taken":4820,"minecraft:damage_dealt":7122,"minecraft:swim_one_cm":49176,"minecraft:fly_one_cm":483606,"minecraft:open_chest":49,"minecraft:crouch_one_cm":17885,"minecraft:fall_one_cm":119158},"minecraft:used":{"minecraft:stone_sword":59,"minecraft:chest":5,"minecraft:spruce_planks":24,"minecraft:iron_sword":14,"minecraft:cooked_chicken":11,"minecraft:rotten_flesh":3,"minecraft:torch":27,"minecraft:axolotl_bucket":4,"minecraft:wooden_axe":2,"minecraft:iron_axe":20,"minecraft:furnace":6,"minecraft:cobbled_deepslate":11,"minecraft:cooked_mutton":6,"minecraft:water_bucket":7,"minecraft:spruce_door":2,"minecraft:stone_pickaxe":78,"minecraft:oak_planks":52,"minecraft:wooden_pickaxe":15,"minecraft:jungle_boat":1,"minecraft:crafting_table":6,"minecraft:bread":24,"minecraft:melon_slice":18,"minecraft:iron_pickaxe":125,"minecraft:stone_axe":263,"minecraft:wooden_sword":15,"minecraft:cobblestone":3,"minecraft:cooked_porkchop":5,"minecraft:bucket":12,"minecraft:yellow_bed":2},"minecraft:crafted":{"minecraft:wooden_sword":1,"minecraft:oak_planks":96,"minecraft:cooked_chicken":8,"minecraft:furnace":3,"minecraft:iron_boots":1,"minecraft:iron_axe":2,"minecraft:stone_pickaxe":2,"minecraft:chest":5,"minecraft:cooked_porkchop":5,"minecraft:crafting_table":4,"minecraft:spruce_planks":44,"minecraft:wooden_pickaxe":1,"minecraft:iron_helmet":1,"minecraft:iron_sword":1,"minecraft:spruce_door":3,"minecraft:bucket":1,"minecraft:birch_planks":12,"minecraft:stone_axe":1,"minecraft:air":0,"minecraft:jungle_planks":16,"minecraft:iron_chestplate":1,"minecraft:stick":16,"minecraft:iron_ingot":61,"minecraft:iron_pickaxe":1,"minecraft:wooden_axe":1,"minecraft:stone_sword":2,"minecraft:iron_leggings":1,"minecraft:torch":32},"minecraft:picked_up":{"minecraft:wooden_axe":2,"minecraft:cocoa_beans":7,"minecraft:crafting_table":2,"minecraft:coarse_dirt":3,"minecraft:chicken":7,"minecraft:clay_ball":16,"minecraft:wooden_pickaxe":2,"minecraft:shield":1,"minecraft:string":21,"minecraft:moss_carpet":8,"minecraft:wooden_sword":2,"minecraft:white_carpet":4,"minecraft:cobbled_deepslate":23,"minecraft:spruce_planks":85,"minecraft:calcite":1,"minecraft:azalea":3,"minecraft:poppy":2,"minecraft:iron_pickaxe":2,"minecraft:melon_slice":18,"minecraft:sugar_cane":6,"minecraft:birch_sapling":1,"minecraft:egg":3,"minecraft:furnace":3,"minecraft:stick":195,"minecraft:raw_iron":58,"minecraft:big_dripleaf":2,"minecraft:torch":25,"minecraft:porkchop":12,"minecraft:redstone":12,"minecraft:rotten_flesh":17,"minecraft:arrow":12,"minecraft:cactus":3,"minecraft:glow_berries":1,"minecraft:cobblestone":76,"minecraft:birch_log":3,"minecraft:jungle_boat":1,"minecraft:feather":8,"minecraft:andesite":5,"minecraft:jungle_log":4,"minecraft:red_mushroom":3,"minecraft:flint":2,"minecraft:oak_log":29,"minecraft:yellow_bed":2,"minecraft:lapis_lazuli":35,"minecraft:dirt":43,"minecraft:cooked_mutton":38,"minecraft:bone":13,"minecraft:kelp":7,"minecraft:wheat_seeds":60,"minecraft:stone_pickaxe":7,"minecraft:cooked_chicken":21,"minecraft:bamboo":7,"minecraft:moss_block":4,"minecraft:flowering_azalea":1,"minecraft:oak_planks":98,"minecraft:cooked_porkchop":9,"minecraft:dandelion":1,"minecraft:gravel":1,"minecraft:spruce_sapling":1,"minecraft:ink_sac":1,"minecraft:spruce_log":18,"minecraft:spruce_door":1,"minecraft:spider_eye":4,"minecraft:mossy_cobblestone":1,"minecraft:slime_ball":4,"minecraft:stone_axe":5,"minecraft:bread":48,"minecraft:oak_sapling":2,"minecraft:coal":103}},"DataVersion":3465}