{"stats":{"minecraft:used":{"minecraft:stone_sword":58,"minecraft:iron_sword":120,"minecraft:wooden_shovel":2,"minecraft:cooked_chicken":5,"minecraft:netherrack":38,"minecraft:torch":5,"minecraft:dirt":2,"minecraft:golden_shovel":3,"minecraft:granite":2,"minecraft:wooden_axe":16,"minecraft:iron_axe":34,"minecraft:oak_stairs":3,"minecraft:basalt":7,"minecraft:magma_block":6,"minecraft:beef":3,"minecraft:furnace":2,"minecraft:cooked_mutton":3,"minecraft:diorite":1,"minecraft:stone_pickaxe":13,"minecraft:oak_planks":6,"minecraft:wooden_pickaxe":38,"minecraft:golden_hoe":12,"minecraft:crafting_table":3,"minecraft:bread":13,"minecraft:iron_pickaxe":186,"minecraft:stone_axe":16,"minecraft:cobblestone":27,"minecraft:porkchop":4,"minecraft:cooked_porkchop":9,"minecraft:andesite":1},"minecraft:picked_up":{"minecraft:wooden_axe":1,"minecraft:iron_chestplate":3,"minecraft:wheat":8,"minecraft:chicken":31,"minecraft:wooden_pickaxe":1,"minecraft:oak_stairs":3,"minecraft:golden_shovel":1,"minecraft:string":88,"minecraft:iron_axe":2,"minecraft:wooden_sword":1,"minecraft:iron_leggings":1,"minecraft:gold_nugget":5,"minecraft:cobbled_deepslate":12,"minecraft:bucket":2,"minecraft:spruce_planks":3,"minecraft:beef":5,"minecraft:wooden_shovel":1,"minecraft:netherite_upgrade_smithing_template":1,"minecraft:iron_pickaxe":7,"minecraft:egg":6,"minecraft:iron_boots":5,"minecraft:raw_iron":150,"minecraft:stick":102,"minecraft:oak_fence":15,"minecraft:torch":63,"minecraft:porkchop":10,"minecraft:diorite":2,"minecraft:carrot":2,"minecraft:iron_horse_armor":2,"minecraft:stone_sword":1,"minecraft:arrow":12,"minecraft:rotten_flesh":20,"minecraft:golden_hoe":1,"minecraft:hay_block":12,"minecraft:saddle":2,"minecraft:glistering_melon_slice":17,"minecraft:rail":1,"minecraft:cobblestone":31,"minecraft:magma_block":17,"minecraft:leather_chestplate":1,"minecraft:clock":1,"minecraft:feather":40,"minecraft:basalt":9,"minecraft:magma_cream":3,"minecraft:glow_ink_sac":17,"minecraft:andesite":1,"minecraft:leather":3,"minecraft:red_mushroom":3,"minecraft:filled_map":1,"minecraft:flint":3,"minecraft:oak_log":16,"minecraft:golden_boots":6,"minecraft:gunpowder":4,"minecraft:lapis_lazuli":16,"minecraft:paper":18,"minecraft:dirt":50,"minecraft:cooked_mutton":20,"minecraft:bone":16,"minecraft:bow":3,"minecraft:wheat_seeds":1,"minecraft:raw_gold":21,"minecraft:cooked_chicken":2,"minecraft:oak_fence_gate":3,"minecraft:stone_pickaxe":3,"minecraft:oak_planks":34,"minecraft:iron_sword":3,"minecraft:cooked_porkchop":6,"minecraft:quartz":109,"minecraft:dandelion":1,"minecraft:spectral_arrow":4,"minecraft:spider_eye":20,"minecraft:stone_axe":3,"minecraft:iron_helmet":3,"minecraft:granite":10,"minecraft:golden_apple":1,"minecraft:bread":6,"minecraft:oak_sapling":8,"minecraft:netherrack":63,"minecraft:coal":4},"minecraft:killed_by":{"minecraft:zombified_piglin":2,"minecraft:piglin_brute":2,"minecraft:creeper":1,"minecraft:piglin":1,"minecraft:zombie":1},"minecraft:killed":{"minecraft:cave_spider":4,"minecraft:zombified_piglin":3,"minecraft:spider":15,"minecraft:skeleton":4,"minecraft:chicken":18,"minecraft:magma_cube":4,"minecraft:piglin":1,"minecraft:pig":4,"minecraft:hoglin":1,"minecraft:zombie":5,"minecraft:glow_squid":1,"minecraft:cow":3},"minecraft:mined":{"minecraft:granite":4,"minecraft:grass_block":11,"minecraft:red_mushroom":1,"minecraft:spawner":2,"minecraft:hay_block":12,"minecraft:magma_block":12,"minecraft:iron_ore":42,"minecraft:fire":15,"minecraft:andesite":1,"minecraft:deepslate_iron_ore":13,"minecraft:stone":25,"minecraft:basalt":7,"minecraft:dandelion":1,"minecraft:oak_fence":15,"minecraft:torch":2,"minecraft:nether_quartz_ore":61,"minecraft:tall_grass":1,"minecraft:deepslate_gold_ore":7,"minecraft:oak_planks":1,"minecraft:diorite":2,"minecraft:birch_leaves":6,"minecraft:grass":9,"minecraft:coal_ore":2,"minecraft:oak_log":13,"minecraft:oak_fence_gate":3,"minecraft:dirt":17,"minecraft:cobweb":9,"minecraft:netherrack":33,"minecraft:oak_leaves":17,"minecraft:deepslate":1},"minecraft:crafted":{"minecraft:wooden_sword":1,"minecraft:oak_planks":52,"minecraft:cooked_chicken":6,"minecraft:furnace":2,"minecraft:cooked_mutton":13,"minecraft:iron_boots":2,"minecraft:iron_axe":1,"minecraft:stone_pickaxe":1,"minecraft:wheat":82,"minecraft:wooden_shovel":1,"minecraft:cooked_porkchop":15,"minecraft:crafting_table":3,"minecraft:wooden_pickaxe":1,"minecraft:iron_helmet":2,"minecraft:iron_sword":2,"minecraft:stone_axe":1,"minecraft:bread":30,"minecraft:air":0,"minecraft:iron_chestplate":1,"minecraft:stick":32,"minecraft:iron_ingot":24,"minecraft:iron_pickaxe":4,"minecraft:wooden_axe":1,"minecraft:stone_sword":1,"minecraft:iron_leggings":1,"minecraft:torch":36},"minecraft:dropped":{"minecraft:golden_boots":2,"minecraft:netherite_upgrade_smithing_template":1,"minecraft:spectral_arrow":1,"minecraft:granite":4,"minecraft:flint":3,"minecraft:stick":12,"minecraft:dirt":24,"minecraft:rotten_flesh":5,"minecraft:oak_planks":30,"minecraft:spruce_planks":1,"minecraft:netherrack":7},"minecraft:custom":{"minecraft:mob_kills":63,"minecraft:interact_with_crafting_table":22,"minecraft:leave_game":3,"minecraft:time_since_death":761,"minecraft:sprint_one_cm":409232,"minecraft:walk_one_cm":355153,"minecraft:drop":30,"minecraft:play_time":105211,"minecraft:deaths":9,"minecraft:sneak_time":8733,"minecraft:walk_under_water_one_cm":27201,"minecraft:jump":1605,"minecraft:walk_on_water_one_cm":24248,"minecraft:total_world_time":105211,"minecraft:interact_with_furnace":39,"minecraft:sleep_in_bed":1,"minecraft:time_since_rest":785,"minecraft:damage_taken":4271,"minecraft:damage_dealt":7552,"minecraft:swim_one_cm":19484,"minecraft:fly_one_cm":296500,"minecraft:open_chest":37,"minecraft:crouch_one_cm":26596,"minecraft:fall_one_cm":54610}},"DataVersion":3465}