{"stats":{"minecraft:used":{"minecraft:stone_sword":58,"minecraft:stone_pickaxe":13,"minecraft:wooden_pickaxe":38,"minecraft:iron_sword":38,"minecraft:wooden_shovel":2,"minecraft:netherrack":38,"minecraft:cooked_chicken":5,"minecraft:torch":1,"minecraft:golden_hoe":12,"minecraft:dirt":2,"minecraft:crafting_table":3,"minecraft:golden_shovel":3,"minecraft:wooden_axe":16,"minecraft:iron_axe":20,"minecraft:bread":12,"minecraft:iron_pickaxe":113,"minecraft:basalt":7,"minecraft:stone_axe":16,"minecraft:magma_block":2,"minecraft:cobblestone":6,"minecraft:beef":3,"minecraft:furnace":2,"minecraft:porkchop":4},"minecraft:picked_up":{"minecraft:wooden_axe":1,"minecraft:iron_chestplate":1,"minecraft:magma_block":11,"minecraft:leather_chestplate":1,"minecraft:wheat":8,"minecraft:feather":36,"minecraft:clock":1,"minecraft:basalt":9,"minecraft:magma_cream":3,"minecraft:chicken":31,"minecraft:glow_ink_sac":2,"minecraft:leather":3,"minecraft:wooden_pickaxe":1,"minecraft:red_mushroom":3,"minecraft:filled_map":1,"minecraft:golden_shovel":1,"minecraft:flint":3,"minecraft:oak_log":16,"minecraft:golden_boots":6,"minecraft:gunpowder":2,"minecraft:dirt":41,"minecraft:string":2,"minecraft:paper":18,"minecraft:wooden_sword":1,"minecraft:iron_leggings":1,"minecraft:bone":3,"minecraft:wheat_seeds":1,"minecraft:gold_nugget":5,"minecraft:spruce_planks":3,"minecraft:oak_fence_gate":3,"minecraft:beef":5,"minecraft:stone_pickaxe":3,"minecraft:wooden_shovel":1,"minecraft:iron_pickaxe":2,"minecraft:iron_sword":1,"minecraft:oak_planks":28,"minecraft:iron_boots":3,"minecraft:egg":6,"minecraft:stick":62,"minecraft:raw_iron":6,"minecraft:oak_fence":15,"minecraft:torch":9,"minecraft:quartz":109,"minecraft:porkchop":10,"minecraft:diorite":1,"minecraft:carrot":2,"minecraft:stone_sword":1,"minecraft:arrow":4,"minecraft:rotten_flesh":14,"minecraft:stone_axe":3,"minecraft:golden_hoe":1,"minecraft:iron_helmet":1,"minecraft:hay_block":12,"minecraft:granite":8,"minecraft:glistering_melon_slice":17,"minecraft:oak_sapling":8,"minecraft:netherrack":63,"minecraft:coal":4,"minecraft:cobblestone":28},"minecraft:killed_by":{"minecraft:piglin":1,"minecraft:zombified_piglin":2,"minecraft:piglin_brute":2,"minecraft:zombie":1},"minecraft:killed":{"minecraft:magma_cube":4,"minecraft:piglin":1,"minecraft:pig":4,"minecraft:zombified_piglin":3,"minecraft:spider":3,"minecraft:hoglin":1,"minecraft:skeleton":1,"minecraft:zombie":1,"minecraft:chicken":18,"minecraft:cow":3},"minecraft:mined":{"minecraft:basalt":7,"minecraft:oak_fence":15,"minecraft:torch":1,"minecraft:granite":4,"minecraft:grass_block":8,"minecraft:nether_quartz_ore":61,"minecraft:tall_grass":1,"minecraft:red_mushroom":1,"minecraft:diorite":1,"minecraft:hay_block":12,"minecraft:magma_block":8,"minecraft:iron_ore":2,"minecraft:fire":15,"minecraft:birch_leaves":6,"minecraft:grass":8,"minecraft:oak_log":13,"minecraft:coal_ore":2,"minecraft:oak_fence_gate":3,"minecraft:dirt":17,"minecraft:stone":22,"minecraft:netherrack":33,"minecraft:oak_leaves":17},"minecraft:crafted":{"minecraft:wooden_sword":1,"minecraft:oak_planks":52,"minecraft:wooden_shovel":1,"minecraft:crafting_table":3,"minecraft:iron_helmet":2,"minecraft:wooden_pickaxe":1,"minecraft:cooked_chicken":5,"minecraft:iron_sword":2,"minecraft:furnace":2,"minecraft:stone_axe":1,"minecraft:bread":30,"minecraft:air":0,"minecraft:iron_chestplate":1,"minecraft:iron_boots":2,"minecraft:iron_axe":1,"minecraft:stick":32,"minecraft:iron_ingot":20,"minecraft:iron_pickaxe":3,"minecraft:stone_pickaxe":1,"minecraft:wooden_axe":1,"minecraft:stone_sword":1,"minecraft:iron_leggings":1,"minecraft:torch":8,"minecraft:wheat":82},"minecraft:dropped":{"minecraft:golden_boots":2,"minecraft:rotten_flesh":5,"minecraft:oak_planks":30,"minecraft:granite":4,"minecraft:stick":12,"minecraft:flint":3,"minecraft:dirt":24,"minecraft:spruce_planks":1,"minecraft:netherrack":7},"minecraft:custom":{"minecraft:interact_with_furnace":18,"minecraft:mob_kills":39,"minecraft:interact_with_crafting_table":21,"minecraft:leave_game":3,"minecraft:time_since_death":4318,"minecraft:sleep_in_bed":1,"minecraft:time_since_rest":4346,"minecraft:sprint_one_cm":283997,"minecraft:damage_taken":2709,"minecraft:walk_one_cm":224788,"minecraft:drop":28,"minecraft:damage_dealt":3707,"minecraft:swim_one_cm":18251,"minecraft:fly_one_cm":234578,"minecraft:open_chest":28,"minecraft:crouch_one_cm":25226,"minecraft:play_time":75211,"minecraft:deaths":7,"minecraft:sneak_time":8213,"minecraft:walk_under_water_one_cm":14597,"minecraft:jump":1204,"minecraft:walk_on_water_one_cm":10467,"minecraft:total_world_time":75211,"minecraft:fall_one_cm":41075}},"DataVersion":3465}