{"stats":{"minecraft:used":{"minecraft:stone_sword":58,"minecraft:stone_pickaxe":13,"minecraft:wooden_pickaxe":38,"minecraft:wooden_shovel":2,"minecraft:netherrack":37,"minecraft:cooked_chicken":5,"minecraft:torch":1,"minecraft:golden_hoe":12,"minecraft:dirt":2,"minecraft:crafting_table":3,"minecraft:golden_shovel":3,"minecraft:wooden_axe":16,"minecraft:bread":6,"minecraft:iron_pickaxe":46,"minecraft:stone_axe":16,"minecraft:cobblestone":6,"minecraft:beef":3,"minecraft:furnace":2,"minecraft:porkchop":4},"minecraft:picked_up":{"minecraft:wooden_axe":1,"minecraft:magma_block":6,"minecraft:leather_chestplate":1,"minecraft:wheat":8,"minecraft:feather":34,"minecraft:clock":1,"minecraft:basalt":7,"minecraft:chicken":30,"minecraft:glow_ink_sac":2,"minecraft:leather":2,"minecraft:wooden_pickaxe":1,"minecraft:filled_map":1,"minecraft:golden_shovel":1,"minecraft:flint":3,"minecraft:oak_log":16,"minecraft:gunpowder":2,"minecraft:dirt":40,"minecraft:string":2,"minecraft:paper":18,"minecraft:wooden_sword":1,"minecraft:bone":3,"minecraft:wheat_seeds":1,"minecraft:spruce_planks":2,"minecraft:beef":5,"minecraft:stone_pickaxe":1,"minecraft:wooden_shovel":1,"minecraft:oak_planks":28,"minecraft:egg":6,"minecraft:stick":18,"minecraft:raw_iron":4,"minecraft:torch":1,"minecraft:quartz":4,"minecraft:porkchop":10,"minecraft:diorite":1,"minecraft:carrot":2,"minecraft:stone_sword":1,"minecraft:arrow":4,"minecraft:rotten_flesh":11,"minecraft:stone_axe":1,"minecraft:golden_hoe":1,"minecraft:hay_block":12,"minecraft:granite":8,"minecraft:glistering_melon_slice":8,"minecraft:oak_sapling":8,"minecraft:netherrack":38,"minecraft:coal":4,"minecraft:cobblestone":28},"minecraft:killed_by":{"minecraft:zombie":1},"minecraft:killed":{"minecraft:pig":4,"minecraft:spider":3,"minecraft:skeleton":1,"minecraft:zombie":1,"minecraft:chicken":18,"minecraft:cow":3},"minecraft:mined":{"minecraft:basalt":7,"minecraft:torch":1,"minecraft:granite":4,"minecraft:grass_block":8,"minecraft:nether_quartz_ore":4,"minecraft:tall_grass":1,"minecraft:diorite":1,"minecraft:hay_block":12,"minecraft:magma_block":7,"minecraft:iron_ore":2,"minecraft:fire":6,"minecraft:birch_leaves":6,"minecraft:grass":6,"minecraft:oak_log":13,"minecraft:coal_ore":2,"minecraft:dirt":17,"minecraft:stone":22,"minecraft:netherrack":27,"minecraft:oak_leaves":12},"minecraft:crafted":{"minecraft:wooden_sword":1,"minecraft:oak_planks":52,"minecraft:wooden_shovel":1,"minecraft:crafting_table":3,"minecraft:iron_helmet":1,"minecraft:wooden_pickaxe":1,"minecraft:cooked_chicken":5,"minecraft:iron_sword":1,"minecraft:furnace":2,"minecraft:stone_axe":1,"minecraft:bread":30,"minecraft:air":0,"minecraft:iron_chestplate":1,"minecraft:iron_boots":1,"minecraft:stick":28,"minecraft:iron_pickaxe":1,"minecraft:stone_pickaxe":1,"minecraft:wooden_axe":1,"minecraft:stone_sword":1,"minecraft:iron_leggings":1,"minecraft:torch":8,"minecraft:wheat":82},"minecraft:dropped":{"minecraft:rotten_flesh":5,"minecraft:oak_planks":30,"minecraft:granite":4,"minecraft:stick":12,"minecraft:flint":3,"minecraft:dirt":24,"minecraft:spruce_planks":1},"minecraft:custom":{"minecraft:interact_with_furnace":12,"minecraft:mob_kills":30,"minecraft:interact_with_crafting_table":15,"minecraft:leave_game":3,"minecraft:time_since_death":22999,"minecraft:sleep_in_bed":1,"minecraft:time_since_rest":19893,"minecraft:sprint_one_cm":207188,"minecraft:damage_taken":827,"minecraft:walk_one_cm":148124,"minecraft:drop":19,"minecraft:damage_dealt":2450,"minecraft:swim_one_cm":16573,"minecraft:fly_one_cm":166864,"minecraft:open_chest":16,"minecraft:crouch_one_cm":16283,"minecraft:play_time":51211,"minecraft:deaths":1,"minecraft:sneak_time":5873,"minecraft:walk_under_water_one_cm":14408,"minecraft:jump":857,"minecraft:walk_on_water_one_cm":10335,"minecraft:total_world_time":51211,"minecraft:fall_one_cm":25024}},"DataVersion":3465}