{"stats":{"minecraft:killed_by":{"minecraft:drowned":1,"minecraft:player":1,"minecraft:skeleton":1},"minecraft:crafted":{"minecraft:black_dye":1,"minecraft:oak_planks":604,"minecraft:cooked_chicken":16,"shieldexp:iron_shield":1,"minecraft:cooked_mutton":12,"minecraft:glass":75,"minecraft:bow":3,"minecraft:iron_boots":1,"minecraft:chest":7,"minecraft:stone_hoe":1,"minecraft:cooked_porkchop":14,"minecraft:crafting_table":7,"minecraft:spruce_planks":56,"minecraft:wooden_pickaxe":1,"minecraft:iron_helmet":1,"minecraft:spruce_door":6,"minecraft:birch_planks":12,"minecraft:iron_chestplate":1,"minecraft:stick":80,"minecraft:iron_ingot":77,"minecraft:iron_pickaxe":2,"minecraft:stone_sword":2,"minecraft:black_bed":1,"minecraft:wooden_sword":1,"minecraft:furnace":5,"minecraft:spruce_fence":3,"minecraft:iron_axe":4,"minecraft:stone_pickaxe":2,"quark:spruce_chest":1,"minecraft:cooked_beef":10,"minecraft:wheat":109,"minecraft:iron_sword":1,"minecraft:bucket":1,"minecraft:stone_axe":1,"minecraft:bread":41,"minecraft:air":0,"minecraft:jungle_planks":16,"aether:iron_gloves":1,"minecraft:wooden_axe":1,"minecraft:iron_leggings":1,"minecraft:torch":80},"minecraft:mined":{"regions_unexplored:golden_larch_leaves":2,"minecraft:spruce_planks":29,"minecraft:white_bed":3,"minecraft:jungle_leaves":4,"regions_unexplored:cattail":16,"minecraft:cave_vines_plant":2,"minecraft:granite":2,"minecraft:grass_block":244,"minecraft:brown_wool":1,"minecraft:jungle_log":4,"minecraft:spawner":4,"minecraft:iron_ore":39,"minecraft:pumpkin":2,"minecraft:moss_carpet":1,"minecraft:deepslate_lapis_ore":5,"minecraft:azure_bluet":2,"minecraft:cave_vines":4,"minecraft:dirt_path":2,"minecraft:orange_bed":1,"minecraft:deepslate_redstone_ore":3,"minecraft:medium_amethyst_bud":1,"minecraft:amethyst_cluster":6,"minecraft:clay":5,"minecraft:torch":16,"minecraft:poppy":2,"minecraft:melon":3,"minecraft:dead_bush":199,"minecraft:mushroom_stem":9,"minecraft:glass":5,"minecraft:cobblestone":8,"minecraft:sugar_cane":3,"minecraft:oak_planks":59,"minecraft:wall_torch":10,"minecraft:amethyst_block":1,"minecraft:dark_oak_slab":1,"minecraft:black_bed":2,"minecraft:grass":442,"minecraft:oak_log":142,"minecraft:sand":83,"minecraft:dirt":22,"minecraft:red_mushroom_block":7,"minecraft:oak_leaves":33,"minecraft:deepslate":13,"minecraft:mossy_cobblestone":1,"minecraft:spruce_leaves":6,"minecraft:moss_block":7,"minecraft:hay_block":15,"minecraft:furnace":5,"minecraft:andesite":5,"minecraft:bookshelf":10,"minecraft:potatoes":4,"minecraft:deepslate_iron_ore":37,"minecraft:vine":2,"minecraft:rail":1,"minecraft:stripped_oak_log":15,"regions_unexplored:medium_grass":1,"minecraft:stone":48,"minecraft:flowering_azalea":1,"minecraft:spruce_door":1,"minecraft:dandelion":1,"minecraft:crafting_table":3,"minecraft:cornflower":1,"minecraft:tall_grass":26,"minecraft:deepslate_coal_ore":3,"minecraft:big_dripleaf":3,"minecraft:cactus":2,"minecraft:coarse_dirt":3,"minecraft:sweet_berry_bush":12,"minecraft:white_carpet":4,"minecraft:spruce_log":146,"minecraft:yellow_bed":1,"minecraft:coal_ore":128,"minecraft:cocoa":2,"minecraft:gravel":2,"minecraft:cobweb":13,"minecraft:gold_ore":2,"quark:hollow_spruce_log":2,"minecraft:fern":122,"regions_unexplored:larch_shrub":1},"minecraft:picked_up":{"minecraft:wooden_axe":2,"minecraft:seagrass":3,"minecraft:iron_chestplate":1,"minecraft:wheat":8,"quark:hollow_spruce_log":2,"minecraft:lead":3,"minecraft:knowledge_book":1,"minecraft:amethyst_block":3,"minecraft:string":40,"minecraft:raw_copper":1,"minecraft:iron_leggings":2,"depthcrawler:blackshard":1,"minecraft:cobbled_deepslate":23,"minecraft:spruce_planks":214,"minecraft:calcite":1,"minecraft:azalea":3,"minecraft:wooden_shovel":1,"minecraft:iron_pickaxe":4,"born_in_chaos_v1:stimulating_decoction":2,"minecraft:melon_slice":41,"minecraft:furnace":5,"minecraft:iron_boots":2,"minecraft:stick":255,"born_in_chaos_v1:shattered_skull":1,"minecraft:big_dripleaf":2,"minecraft:torch":36,"minecraft:porkchop":23,"minecraft:diorite":1,"minecraft:orange_bed":1,"minecraft:stone_sword":1,"minecraft:cactus":3,"minecraft:rotten_flesh":52,"minecraft:cobblestone":96,"minecraft:birch_log":3,"born_in_chaos_v1:staffof_magic_arrows":1,"minecraft:feather":10,"minecraft:cooked_beef":3,"born_in_chaos_v1:spiritual_dust":2,"minecraft:water_bucket":1,"minecraft:andesite":5,"minecraft:jungle_log":4,"minecraft:brown_wool":2,"minecraft:black_bed":3,"minecraft:potato":11,"minecraft:flint":2,"minecraft:lapis_lazuli":36,"minecraft:dirt":284,"minecraft:bone":25,"minecraft:bow":1,"minecraft:wheat_seeds":69,"minecraft:raw_gold":2,"minecraft:bamboo":7,"minecraft:moss_block":5,"born_in_chaos_v1:mint_candy":6,"minecraft:oak_planks":309,"minecraft:cooked_porkchop":9,"minecraft:sand":108,"minecraft:stripped_spruce_log":1,"minecraft:ink_sac":3,"minecraft:mossy_cobblestone":1,"regions_unexplored:cattail":5,"minecraft:granite":2,"minecraft:emerald":3,"minecraft:bread":93,"minecraft:oak_sapling":34,"minecraft:cocoa_beans":7,"minecraft:crafting_table":2,"minecraft:coarse_dirt":3,"minecraft:azure_bluet":1,"minecraft:chicken":18,"minecraft:clay_ball":28,"minecraft:wooden_pickaxe":2,"minecraft:cooked_rabbit":1,"minecraft:chain":2,"minecraft:shield":1,"minecraft:cornflower":1,"minecraft:wooden_sword":2,"minecraft:moss_carpet":10,"minecraft:iron_axe":2,"born_in_chaos_v1:intoxicating_decoction":2,"minecraft:white_carpet":4,"minecraft:beef":15,"minecraft:poppy":4,"minecraft:light_gray_wool":1,"minecraft:sugar_cane":6,"minecraft:birch_sapling":1,"minecraft:egg":4,"minecraft:raw_iron":93,"minecraft:carrot":1,"minecraft:redstone":12,"depthcrawler:whiteshard":1,"minecraft:arrow":33,"minecraft:hay_block":18,"minecraft:saddle":2,"minecraft:glow_berries":2,"minecraft:mutton":16,"minecraft:white_wool":10,"quark:music_disc_wind":1,"minecraft:oxeye_daisy":2,"minecraft:stripped_oak_log":19,"born_in_chaos_v1:corpse_maggot":3,"minecraft:jungle_boat":1,"minecraft:salmon":1,"minecraft:leather":13,"minecraft:red_mushroom":3,"minecraft:oak_log":203,"minecraft:gunpowder":6,"minecraft:yellow_bed":2,"minecraft:cobblestone_wall":1,"mca:book_romance":3,"minecraft:cooked_mutton":40,"minecraft:apple":1,"minecraft:kelp":7,"minecraft:stone_pickaxe":10,"minecraft:iron_ingot":25,"minecraft:cooked_chicken":27,"minecraft:flowering_azalea":1,"minecraft:iron_sword":1,"minecraft:book":30,"minecraft:dark_oak_slab":2,"minecraft:sweet_berries":10,"minecraft:dandelion":3,"minecraft:gravel":1,"minecraft:amethyst_shard":20,"minecraft:spruce_sapling":4,"minecraft:white_bed":3,"minecraft:spruce_log":39,"minecraft:spruce_door":3,"minecraft:spider_eye":5,"minecraft:slime_ball":9,"minecraft:stone_axe":5,"minecraft:iron_helmet":1,"minecraft:black_wool":1,"minecraft:coal":246,"minecraft:ender_pearl":2},"minecraft:used":{"minecraft:iron_shovel":352,"minecraft:chest":7,"minecraft:iron_sword":129,"minecraft:rotten_flesh":3,"minecraft:carrot":14,"minecraft:axolotl_bucket":5,"minecraft:glass":75,"born_in_chaos_v1:mint_candy":4,"minecraft:bow":7,"minecraft:sweet_berries":15,"minecraft:furnace":10,"minecraft:oak_sapling":2,"minecraft:egg":1,"minecraft:potato":6,"minecraft:spruce_door":4,"minecraft:stone_pickaxe":81,"minecraft:oak_planks":525,"minecraft:wooden_pickaxe":15,"minecraft:jungle_boat":1,"minecraft:sand":11,"minecraft:black_bed":4,"minecraft:melon_slice":23,"minecraft:bread":101,"minecraft:wooden_sword":15,"minecraft:cooked_rabbit":1,"minecraft:stone_sword":75,"minecraft:spruce_planks":132,"minecraft:stone_hoe":49,"minecraft:cooked_chicken":20,"minecraft:orange_bed":1,"minecraft:torch":46,"minecraft:dirt":7,"minecraft:spruce_fence":1,"minecraft:wooden_axe":2,"quark:spruce_chest":1,"minecraft:iron_axe":396,"minecraft:cooked_beef":3,"minecraft:cobbled_deepslate":11,"minecraft:knowledge_book":27,"minecraft:calcite":1,"minecraft:cooked_mutton":9,"minecraft:water_bucket":15,"minecraft:crafting_table":8,"minecraft:white_bed":2,"minecraft:iron_pickaxe":236,"minecraft:stone_axe":263,"minecraft:cobblestone":40,"minecraft:cooked_porkchop":5,"minecraft:bucket":21,"minecraft:yellow_bed":2,"minecraft:stripped_oak_log":14},"minecraft:killed":{"minecraft:cave_spider":7,"minecraft:witch":1,"minecraft:spider":17,"minecraft:skeleton":22,"minecraft:chicken":19,"minecraft:parrot":1,"minecraft:pig":12,"minecraft:zombie_villager":1,"minecraft:creeper":8,"minecraft:sheep":11,"minecraft:pillager":1,"enemyexpansion:meature":1,"minecraft:zombie":26,"born_in_chaos_v1:corpse_fly":1,"enemyexpansion:botfly":1,"minecraft:stray":1,"minecraft:cow":10,"born_in_chaos_v1:zombie_clown_not_despawn":1,"minecraft:slime":7,"born_in_chaos_v1:zombie_bruiser":1,"minecraft:drowned":2,"born_in_chaos_v1:barrel_zombie":1,"minecraft:ravager":1,"minecraft:squid":1,"born_in_chaos_v1:bloody_gadfly":1,"enemyexpansion:huntsman":1,"minecraft:enderman":1},"minecraft:custom":{"minecraft:interact_with_crafting_table":61,"minecraft:open_barrel":20,"minecraft:bell_ring":72,"minecraft:leave_game":15,"minecraft:time_since_death":393,"minecraft:damage_resisted":17,"minecraft:sprint_one_cm":1933861,"minecraft:drop":110,"minecraft:talked_to_villager":11,"minecraft:play_time":538943,"minecraft:deaths":14,"minecraft:jump":8510,"minecraft:walk_on_water_one_cm":66812,"minecraft:interact_with_furnace":143,"minecraft:interact_with_cartography_table":1,"minecraft:interact_with_loom":2,"minecraft:sleep_in_bed":19,"minecraft:damage_dealt":26006,"minecraft:crouch_one_cm":31440,"minecraft:interact_with_smoker":22,"minecraft:horse_one_cm":1898721,"minecraft:mob_kills":167,"minecraft:interact_with_anvil":2,"minecraft:interact_with_campfire":3,"minecraft:climb_one_cm":13368,"minecraft:walk_one_cm":1652439,"minecraft:raid_win":1,"minecraft:sneak_time":10378,"minecraft:walk_under_water_one_cm":36205,"minecraft:boat_one_cm":353200,"minecraft:total_world_time":538943,"minecraft:interact_with_stonecutter":2,"minecraft:time_since_rest":437,"minecraft:damage_taken":10876,"minecraft:swim_one_cm":76309,"minecraft:fly_one_cm":1578355,"minecraft:open_chest":236,"minecraft:fall_one_cm":267542},"minecraft:dropped":{"minecraft:iron_sword":1,"minecraft:brown_mushroom":3,"minecraft:dark_oak_slab":1,"minecraft:emerald":1,"minecraft:dirt":320,"minecraft:seagrass":3,"minecraft:chain":1,"minecraft:iron_pickaxe":1,"minecraft:bone":4,"minecraft:cooked_chicken":4,"minecraft:cobbled_deepslate":5,"minecraft:rotten_flesh":11,"minecraft:oak_planks":74,"minecraft:cooked_mutton":11,"minecraft:poppy":2,"minecraft:gunpowder":1,"born_in_chaos_v1:corpse_maggot":3,"minecraft:iron_ingot":17,"minecraft:mossy_cobblestone":1,"minecraft:cobblestone":2,"minecraft:knowledge_book":1,"minecraft:apple":1,"minecraft:stick":5,"minecraft:oxeye_daisy":2,"minecraft:torch":25,"minecraft:brown_wool":1,"minecraft:iron_leggings":1,"minecraft:iron_axe":2,"minecraft:string":17,"minecraft:dandelion":3,"minecraft:moss_carpet":2,"minecraft:kelp":7,"minecraft:sweet_berries":3,"minecraft:cocoa_beans":7,"minecraft:iron_boots":1,"minecraft:stripped_oak_log":5,"born_in_chaos_v1:spiritual_dust":2,"minecraft:hay_block":5,"minecraft:shield":1,"minecraft:spruce_planks":23,"minecraft:slime_ball":2,"minecraft:spruce_log":7,"minecraft:bow":2},"minecraft:broken":{"minecraft:iron_shovel":1,"minecraft:iron_boots":1,"minecraft:stone_axe":1,"minecraft:iron_axe":2,"minecraft:iron_helmet":1}},"DataVersion":3465}