{"stats":{"minecraft:dropped":{"minecraft:dirt":10},"minecraft:picked_up":{"minecraft:raw_iron":2,"minecraft:feather":7,"minecraft:chicken":6,"minecraft:leather":1,"minecraft:oak_log":13,"minecraft:dirt":24,"minecraft:rotten_flesh":1,"minecraft:beef":3,"minecraft:granite":4,"minecraft:oak_sapling":1,"minecraft:coal":2,"minecraft:cobblestone":22},"minecraft:mined":{"minecraft:iron_ore":2,"minecraft:granite":4,"minecraft:coal_ore":2,"minecraft:grass_block":7,"minecraft:oak_log":13,"minecraft:dirt":17,"minecraft:stone":22,"minecraft:oak_leaves":3},"minecraft:used":{"minecraft:wooden_axe":16,"minecraft:stone_sword":3,"minecraft:stone_pickaxe":12,"minecraft:wooden_pickaxe":38,"minecraft:cooked_chicken":4,"minecraft:wooden_shovel":2,"minecraft:stone_axe":4,"minecraft:dirt":1,"minecraft:beef":3,"minecraft:crafting_table":2,"minecraft:furnace":1,"minecraft:golden_shovel":2},"minecraft:crafted":{"minecraft:wooden_sword":1,"minecraft:oak_planks":40,"minecraft:wooden_shovel":1,"minecraft:crafting_table":2,"minecraft:stick":16,"minecraft:cooked_chicken":5,"minecraft:wooden_pickaxe":1,"minecraft:stone_pickaxe":1,"minecraft:wooden_axe":1,"minecraft:stone_sword":1,"minecraft:furnace":1,"minecraft:stone_axe":1,"minecraft:air":0},"minecraft:killed":{"minecraft:zombie":1,"minecraft:chicken":6,"minecraft:cow":2},"minecraft:custom":{"minecraft:time_since_rest":20701,"minecraft:interact_with_furnace":5,"minecraft:sprint_one_cm":102301,"minecraft:damage_taken":298,"minecraft:walk_one_cm":57948,"minecraft:mob_kills":9,"minecraft:drop":10,"minecraft:damage_dealt":609,"minecraft:swim_one_cm":15026,"minecraft:interact_with_crafting_table":8,"minecraft:fly_one_cm":66122,"minecraft:open_chest":6,"minecraft:crouch_one_cm":1128,"minecraft:play_time":20701,"minecraft:sneak_time":503,"minecraft:walk_under_water_one_cm":4193,"minecraft:jump":334,"minecraft:leave_game":2,"minecraft:walk_on_water_one_cm":4677,"minecraft:time_since_death":20701,"minecraft:total_world_time":20701,"minecraft:fall_one_cm":9062}},"DataVersion":3465}