{"stats":{"minecraft:killed":{"minecraft:cave_spider":6,"minecraft:spider":9,"minecraft:slime":7,"minecraft:skeleton":14,"minecraft:chicken":15,"minecraft:drowned":1,"minecraft:parrot":1,"minecraft:pig":8,"minecraft:zombie_villager":1,"minecraft:creeper":3,"minecraft:sheep":7,"minecraft:zombie":9,"minecraft:enderman":1,"minecraft:cow":1},"minecraft:dropped":{"minecraft:iron_ingot":14,"minecraft:brown_mushroom":3,"minecraft:mossy_cobblestone":1,"minecraft:cobblestone":2,"minecraft:stick":1,"minecraft:torch":1,"minecraft:iron_leggings":1,"minecraft:iron_axe":1,"minecraft:iron_pickaxe":1,"minecraft:string":9,"minecraft:dandelion":1,"minecraft:bone":4,"minecraft:moss_carpet":2,"minecraft:kelp":7,"minecraft:sweet_berries":3,"minecraft:cocoa_beans":7,"minecraft:rotten_flesh":2,"minecraft:iron_boots":1,"minecraft:cooked_mutton":11,"minecraft:poppy":1,"minecraft:hay_block":5,"minecraft:shield":1,"minecraft:gunpowder":1,"minecraft:spruce_planks":21,"minecraft:slime_ball":2,"minecraft:spruce_log":7},"minecraft:broken":{"minecraft:stone_axe":1},"minecraft:killed_by":{"minecraft:player":1,"minecraft:drowned":1,"minecraft:skeleton":1},"minecraft:mined":{"minecraft:spruce_planks":25,"minecraft:mossy_cobblestone":1,"minecraft:jungle_leaves":4,"minecraft:cave_vines_plant":2,"minecraft:grass_block":22,"minecraft:jungle_log":4,"minecraft:spruce_leaves":6,"minecraft:moss_block":7,"minecraft:spawner":2,"minecraft:hay_block":15,"minecraft:furnace":3,"minecraft:iron_ore":25,"minecraft:andesite":5,"minecraft:pumpkin":2,"minecraft:moss_carpet":1,"minecraft:deepslate_lapis_ore":5,"minecraft:azure_bluet":1,"minecraft:bookshelf":6,"minecraft:dirt_path":1,"minecraft:cave_vines":4,"minecraft:deepslate_iron_ore":37,"minecraft:vine":2,"minecraft:rail":1,"minecraft:stone":43,"minecraft:deepslate_redstone_ore":3,"minecraft:flowering_azalea":1,"minecraft:dandelion":1,"minecraft:spruce_door":1,"minecraft:clay":5,"minecraft:crafting_table":3,"minecraft:torch":10,"minecraft:poppy":2,"minecraft:melon":3,"minecraft:dead_bush":177,"minecraft:mushroom_stem":9,"minecraft:tall_grass":12,"minecraft:cobblestone":7,"minecraft:deepslate_coal_ore":3,"minecraft:sugar_cane":3,"minecraft:wall_torch":8,"minecraft:big_dripleaf":3,"minecraft:cactus":2,"minecraft:coarse_dirt":3,"minecraft:white_carpet":4,"minecraft:spruce_log":21,"minecraft:yellow_bed":1,"minecraft:grass":390,"minecraft:oak_log":33,"minecraft:coal_ore":79,"minecraft:cocoa":2,"minecraft:gravel":2,"minecraft:sand":80,"minecraft:dirt":10,"minecraft:cobweb":11,"minecraft:red_mushroom_block":7,"minecraft:oak_leaves":22,"minecraft:deepslate":13,"minecraft:fern":122},"minecraft:custom":{"minecraft:interact_with_anvil":2,"minecraft:mob_kills":89,"minecraft:interact_with_crafting_table":37,"minecraft:bell_ring":72,"minecraft:leave_game":10,"minecraft:time_since_death":72225,"minecraft:climb_one_cm":10889,"minecraft:sprint_one_cm":895964,"minecraft:walk_one_cm":836789,"minecraft:drop":43,"minecraft:talked_to_villager":6,"minecraft:play_time":287065,"minecraft:sneak_time":7206,"minecraft:deaths":9,"minecraft:walk_under_water_one_cm":17787,"minecraft:boat_one_cm":353200,"minecraft:jump":4411,"minecraft:walk_on_water_one_cm":42739,"minecraft:total_world_time":287065,"minecraft:interact_with_furnace":104,"minecraft:interact_with_stonecutter":1,"minecraft:sleep_in_bed":5,"minecraft:time_since_rest":41293,"minecraft:damage_taken":5610,"minecraft:damage_dealt":11100,"minecraft:swim_one_cm":49176,"minecraft:fly_one_cm":649571,"minecraft:open_chest":71,"minecraft:crouch_one_cm":20633,"minecraft:interact_with_smoker":6,"minecraft:fall_one_cm":143458,"minecraft:horse_one_cm":970745},"minecraft:used":{"minecraft:stone_sword":75,"minecraft:iron_shovel":81,"minecraft:chest":5,"minecraft:spruce_planks":127,"minecraft:iron_sword":17,"minecraft:cooked_chicken":12,"minecraft:rotten_flesh":3,"minecraft:torch":28,"minecraft:spruce_fence":1,"minecraft:axolotl_bucket":4,"minecraft:glass":40,"minecraft:wooden_axe":2,"minecraft:iron_axe":115,"minecraft:sweet_berries":15,"minecraft:oak_sapling":2,"minecraft:furnace":8,"minecraft:cobbled_deepslate":11,"minecraft:calcite":1,"minecraft:cooked_mutton":9,"minecraft:water_bucket":10,"minecraft:spruce_door":4,"minecraft:stone_pickaxe":81,"minecraft:oak_planks":52,"minecraft:wooden_pickaxe":15,"minecraft:jungle_boat":1,"minecraft:crafting_table":7,"minecraft:bread":31,"minecraft:melon_slice":23,"minecraft:iron_pickaxe":145,"minecraft:stone_axe":263,"minecraft:wooden_sword":15,"minecraft:cobblestone":8,"minecraft:cooked_porkchop":5,"minecraft:bucket":15,"minecraft:yellow_bed":2},"minecraft:crafted":{"minecraft:wooden_sword":1,"minecraft:oak_planks":116,"minecraft:cooked_chicken":8,"minecraft:furnace":5,"minecraft:spruce_fence":3,"minecraft:glass":43,"minecraft:iron_boots":1,"minecraft:iron_axe":2,"minecraft:stone_pickaxe":2,"minecraft:chest":5,"minecraft:wheat":109,"minecraft:cooked_porkchop":14,"minecraft:crafting_table":5,"minecraft:spruce_planks":48,"minecraft:wooden_pickaxe":1,"minecraft:iron_helmet":1,"minecraft:iron_sword":1,"minecraft:spruce_door":6,"minecraft:bucket":1,"minecraft:birch_planks":12,"minecraft:stone_axe":1,"minecraft:bread":39,"minecraft:air":0,"minecraft:jungle_planks":16,"minecraft:iron_chestplate":1,"minecraft:stick":56,"minecraft:iron_ingot":77,"minecraft:iron_pickaxe":1,"minecraft:wooden_axe":1,"minecraft:stone_sword":2,"minecraft:iron_leggings":1,"minecraft:torch":32},"minecraft:picked_up":{"minecraft:wooden_axe":2,"minecraft:crafting_table":2,"minecraft:cocoa_beans":7,"minecraft:iron_chestplate":1,"minecraft:coarse_dirt":3,"minecraft:wheat":8,"minecraft:chicken":15,"minecraft:clay_ball":28,"minecraft:lead":1,"minecraft:wooden_pickaxe":2,"minecraft:cooked_rabbit":1,"minecraft:shield":1,"minecraft:string":30,"minecraft:moss_carpet":10,"minecraft:iron_axe":1,"minecraft:wooden_sword":2,"minecraft:iron_leggings":2,"minecraft:white_carpet":4,"minecraft:cobbled_deepslate":23,"minecraft:spruce_planks":205,"minecraft:beef":3,"minecraft:calcite":1,"minecraft:azalea":3,"minecraft:light_gray_wool":1,"minecraft:poppy":2,"minecraft:iron_pickaxe":3,"minecraft:melon_slice":41,"minecraft:sugar_cane":6,"minecraft:birch_sapling":1,"minecraft:furnace":3,"minecraft:iron_boots":2,"minecraft:egg":3,"minecraft:stick":202,"minecraft:raw_iron":79,"minecraft:big_dripleaf":2,"minecraft:torch":26,"minecraft:porkchop":16,"minecraft:redstone":12,"minecraft:rotten_flesh":20,"minecraft:arrow":25,"minecraft:stone_sword":1,"minecraft:cactus":3,"minecraft:hay_block":18,"minecraft:saddle":1,"minecraft:glow_berries":2,"minecraft:mutton":11,"minecraft:white_wool":4,"minecraft:cobblestone":83,"minecraft:birch_log":3,"minecraft:jungle_boat":1,"minecraft:feather":8,"minecraft:andesite":5,"minecraft:water_bucket":1,"minecraft:jungle_log":4,"minecraft:brown_wool":1,"minecraft:red_mushroom":3,"minecraft:flint":2,"minecraft:oak_log":34,"minecraft:cobblestone_wall":1,"minecraft:yellow_bed":2,"minecraft:gunpowder":3,"minecraft:lapis_lazuli":35,"minecraft:dirt":62,"minecraft:cooked_mutton":40,"minecraft:bone":23,"minecraft:kelp":7,"minecraft:wheat_seeds":60,"minecraft:stone_pickaxe":10,"minecraft:cooked_chicken":23,"minecraft:bamboo":7,"minecraft:moss_block":5,"minecraft:flowering_azalea":1,"minecraft:iron_sword":1,"minecraft:oak_planks":98,"minecraft:book":18,"minecraft:cooked_porkchop":9,"minecraft:sweet_berries":2,"minecraft:dandelion":1,"minecraft:gravel":1,"minecraft:sand":80,"minecraft:spruce_sapling":1,"minecraft:ink_sac":1,"minecraft:spruce_log":19,"minecraft:spruce_door":1,"minecraft:spider_eye":4,"minecraft:mossy_cobblestone":1,"minecraft:slime_ball":9,"minecraft:stone_axe":5,"minecraft:iron_helmet":1,"minecraft:bread":93,"minecraft:oak_sapling":4,"minecraft:black_wool":1,"minecraft:coal":171,"minecraft:ender_pearl":2}},"DataVersion":3465}