{"stats":{"minecraft:used":{"minecraft:stone_sword":55,"minecraft:stone_pickaxe":13,"minecraft:wooden_pickaxe":38,"minecraft:wooden_shovel":2,"minecraft:cooked_chicken":5,"minecraft:golden_hoe":12,"minecraft:dirt":1,"minecraft:crafting_table":3,"minecraft:golden_shovel":3,"minecraft:wooden_axe":16,"minecraft:bread":3,"minecraft:stone_axe":16,"minecraft:cobblestone":6,"minecraft:beef":3,"minecraft:furnace":1,"minecraft:porkchop":4},"minecraft:picked_up":{"minecraft:wooden_axe":1,"minecraft:leather_chestplate":1,"minecraft:wheat":8,"minecraft:feather":34,"minecraft:clock":1,"minecraft:chicken":29,"minecraft:glow_ink_sac":2,"minecraft:leather":2,"minecraft:wooden_pickaxe":1,"minecraft:filled_map":1,"minecraft:golden_shovel":1,"minecraft:flint":3,"minecraft:oak_log":16,"minecraft:gunpowder":2,"minecraft:dirt":39,"minecraft:string":2,"minecraft:paper":18,"minecraft:wooden_sword":1,"minecraft:bone":3,"minecraft:wheat_seeds":1,"minecraft:spruce_planks":1,"minecraft:beef":5,"minecraft:stone_pickaxe":1,"minecraft:wooden_shovel":1,"minecraft:oak_planks":8,"minecraft:egg":6,"minecraft:stick":6,"minecraft:raw_iron":4,"minecraft:porkchop":10,"minecraft:diorite":1,"minecraft:carrot":2,"minecraft:stone_sword":1,"minecraft:arrow":4,"minecraft:rotten_flesh":6,"minecraft:stone_axe":1,"minecraft:golden_hoe":1,"minecraft:hay_block":12,"minecraft:granite":8,"minecraft:glistering_melon_slice":8,"minecraft:oak_sapling":8,"minecraft:coal":4,"minecraft:cobblestone":28},"minecraft:killed_by":{"minecraft:zombie":1},"minecraft:killed":{"minecraft:pig":4,"minecraft:spider":3,"minecraft:skeleton":1,"minecraft:zombie":1,"minecraft:chicken":17,"minecraft:cow":3},"minecraft:mined":{"minecraft:granite":4,"minecraft:grass_block":8,"minecraft:tall_grass":1,"minecraft:diorite":1,"minecraft:hay_block":12,"minecraft:iron_ore":2,"minecraft:fire":6,"minecraft:birch_leaves":6,"minecraft:grass":5,"minecraft:oak_log":13,"minecraft:coal_ore":2,"minecraft:dirt":17,"minecraft:stone":22,"minecraft:oak_leaves":12},"minecraft:crafted":{"minecraft:wooden_sword":1,"minecraft:oak_planks":52,"minecraft:wooden_shovel":1,"minecraft:crafting_table":3,"minecraft:wooden_pickaxe":1,"minecraft:cooked_chicken":5,"minecraft:furnace":1,"minecraft:stone_axe":1,"minecraft:bread":30,"minecraft:air":0,"minecraft:stick":16,"minecraft:stone_pickaxe":1,"minecraft:wooden_axe":1,"minecraft:stone_sword":1,"minecraft:torch":8,"minecraft:wheat":82},"minecraft:dropped":{"minecraft:granite":4,"minecraft:flint":3,"minecraft:dirt":24},"minecraft:custom":{"minecraft:interact_with_furnace":5,"minecraft:mob_kills":29,"minecraft:interact_with_crafting_table":9,"minecraft:leave_game":3,"minecraft:time_since_death":10999,"minecraft:sleep_in_bed":1,"minecraft:time_since_rest":7893,"minecraft:sprint_one_cm":196725,"minecraft:damage_taken":735,"minecraft:walk_one_cm":125694,"minecraft:drop":13,"minecraft:damage_dealt":2317,"minecraft:swim_one_cm":16573,"minecraft:fly_one_cm":153624,"minecraft:open_chest":8,"minecraft:crouch_one_cm":3449,"minecraft:play_time":39211,"minecraft:deaths":1,"minecraft:sneak_time":1384,"minecraft:walk_under_water_one_cm":14408,"minecraft:jump":755,"minecraft:walk_on_water_one_cm":10335,"minecraft:total_world_time":39211,"minecraft:fall_one_cm":20025}},"DataVersion":3465}