{"stats":{"minecraft:dropped":{"minecraft:dirt":10},"minecraft:picked_up":{"minecraft:raw_iron":2,"minecraft:feather":5,"minecraft:chicken":5,"minecraft:leather":1,"minecraft:oak_log":13,"minecraft:dirt":21,"minecraft:rotten_flesh":1,"minecraft:beef":3,"minecraft:granite":4,"minecraft:oak_sapling":1,"minecraft:cobblestone":15},"minecraft:mined":{"minecraft:iron_ore":2,"minecraft:granite":4,"minecraft:grass_block":5,"minecraft:oak_log":13,"minecraft:dirt":16,"minecraft:stone":15,"minecraft:oak_leaves":3},"minecraft:used":{"minecraft:wooden_axe":16,"minecraft:stone_sword":2,"minecraft:stone_pickaxe":2,"minecraft:wooden_pickaxe":38,"minecraft:wooden_shovel":2,"minecraft:stone_axe":4,"minecraft:dirt":1,"minecraft:beef":3,"minecraft:crafting_table":2},"minecraft:crafted":{"minecraft:wooden_sword":1,"minecraft:oak_planks":40,"minecraft:wooden_shovel":1,"minecraft:crafting_table":2,"minecraft:stick":16,"minecraft:wooden_pickaxe":1,"minecraft:stone_pickaxe":1,"minecraft:wooden_axe":1,"minecraft:stone_sword":1,"minecraft:stone_axe":1},"minecraft:killed":{"minecraft:zombie":1,"minecraft:chicken":5,"minecraft:cow":2},"minecraft:custom":{"minecraft:time_since_rest":14701,"minecraft:sprint_one_cm":80388,"minecraft:damage_taken":198,"minecraft:walk_one_cm":41065,"minecraft:mob_kills":8,"minecraft:drop":10,"minecraft:damage_dealt":569,"minecraft:swim_one_cm":5869,"minecraft:interact_with_crafting_table":4,"minecraft:fly_one_cm":50888,"minecraft:open_chest":5,"minecraft:crouch_one_cm":377,"minecraft:play_time":14701,"minecraft:sneak_time":154,"minecraft:walk_under_water_one_cm":2562,"minecraft:jump":244,"minecraft:leave_game":2,"minecraft:walk_on_water_one_cm":2367,"minecraft:time_since_death":14701,"minecraft:total_world_time":14701,"minecraft:fall_one_cm":6529}},"DataVersion":3465}