{"stats":{"minecraft:custom":{"minecraft:jump":161,"minecraft:time_since_rest":997,"minecraft:walk_on_water_one_cm":220,"minecraft:crouch_one_cm":520,"minecraft:deaths":1,"minecraft:sprint_one_cm":29147,"minecraft:play_time":5612,"minecraft:damage_taken":280,"minecraft:time_since_death":967,"minecraft:walk_one_cm":19090,"minecraft:sneak_time":145,"minecraft:climb_one_cm":332,"minecraft:total_world_time":5612,"minecraft:walk_under_water_one_cm":743,"minecraft:swim_one_cm":919,"minecraft:fall_one_cm":8420,"minecraft:fly_one_cm":35321}},"DataVersion":3465}