{"stats":{"minecraft:used":{"minecraft:wheat_seeds":28,"minecraft:oak_fence":27,"minecraft:iron_shovel":255,"minecraft:oak_planks":512,"minecraft:shield":1,"minecraft:iron_sword":12,"minecraft:blue_bed":8,"minecraft:rotten_flesh":1,"minecraft:oak_door":5,"minecraft:torch":22,"minecraft:dirt":102,"minecraft:crafting_table":1,"minecraft:white_bed":1,"minecraft:oak_fence_gate":1,"minecraft:iron_hoe":85,"minecraft:glass":93,"minecraft:oak_log":4,"minecraft:oak_stairs":1,"minecraft:iron_axe":387,"minecraft:bread":14,"minecraft:iron_pickaxe":178,"minecraft:cobblestone":109,"minecraft:purple_bed":1,"minecraft:oak_sapling":30,"minecraft:stripped_oak_log":2},"minecraft:picked_up":{"minecraft:stripped_oak_log":2,"minecraft:crafting_table":1,"minecraft:wheat":3,"minecraft:leather":1,"minecraft:lead":3,"minecraft:oak_stairs":1,"minecraft:oak_log":303,"minecraft:blue_bed":8,"minecraft:dirt":291,"minecraft:cornflower":1,"minecraft:string":1,"minecraft:white_banner":1,"minecraft:apple":4,"minecraft:wheat_seeds":31,"minecraft:iron_ingot":21,"minecraft:poppy":1,"minecraft:oak_planks":28,"minecraft:stick":33,"minecraft:raw_iron":5,"minecraft:oak_door":3,"minecraft:torch":1,"minecraft:sand":125,"minecraft:white_bed":2,"minecraft:arrow":3,"minecraft:rotten_flesh":1,"minecraft:hay_block":16,"minecraft:oak_sapling":30,"minecraft:cobblestone":174},"minecraft:broken":{"minecraft:iron_shovel":1,"minecraft:iron_axe":1},"minecraft:killed":{"minecraft:spider":1,"minecraft:wandering_trader":1,"minecraft:trader_llama":1,"minecraft:pillager":1},"minecraft:mined":{"minecraft:white_bed":2,"minecraft:oak_door":3,"minecraft:crafting_table":1,"minecraft:cornflower":1,"minecraft:grass_block":237,"minecraft:poppy":1,"minecraft:tall_grass":26,"minecraft:cobblestone":8,"minecraft:oak_planks":29,"minecraft:blue_bed":7,"minecraft:wall_torch":1,"minecraft:hay_block":16,"minecraft:iron_ore":5,"minecraft:grass":115,"minecraft:oak_log":302,"minecraft:oak_stairs":1,"minecraft:sand":119,"minecraft:dirt":11,"minecraft:stripped_oak_log":2,"minecraft:stone":165,"minecraft:oak_leaves":16},"minecraft:crafted":{"minecraft:red_dye":1,"minecraft:oak_door":3,"minecraft:oak_planks":804,"minecraft:purple_bed":1,"minecraft:oak_pressure_plate":2,"minecraft:iron_helmet":1,"minecraft:iron_sword":1,"minecraft:bread":48,"minecraft:air":0,"minecraft:blue_dye":1,"minecraft:glass":93,"minecraft:oak_fence_gate":1,"minecraft:iron_boots":1,"minecraft:iron_chestplate":1,"minecraft:purple_dye":2,"minecraft:shield":1,"minecraft:iron_axe":2,"minecraft:iron_hoe":1,"minecraft:stick":12,"minecraft:iron_ingot":3,"minecraft:iron_pickaxe":1,"minecraft:iron_shovel":1,"minecraft:iron_leggings":1,"minecraft:torch":28,"minecraft:oak_fence":27,"minecraft:wheat":144},"minecraft:dropped":{"minecraft:bread":24,"minecraft:lead":1,"minecraft:cobblestone":64,"minecraft:oak_planks":128},"minecraft:custom":{"minecraft:interact_with_furnace":28,"minecraft:mob_kills":4,"minecraft:animals_bred":1,"minecraft:interact_with_crafting_table":23,"minecraft:leave_game":1,"minecraft:time_since_death":98406,"minecraft:sleep_in_bed":10,"minecraft:climb_one_cm":452,"minecraft:time_since_rest":4653,"minecraft:sprint_one_cm":331191,"minecraft:damage_taken":431,"minecraft:walk_one_cm":386744,"minecraft:damage_blocked_by_shield":30,"minecraft:drop":5,"minecraft:damage_dealt":1090,"minecraft:swim_one_cm":10962,"minecraft:fly_one_cm":415313,"minecraft:open_chest":49,"minecraft:crouch_one_cm":598,"minecraft:play_time":103051,"minecraft:deaths":1,"minecraft:sneak_time":210,"minecraft:walk_under_water_one_cm":5121,"minecraft:jump":1743,"minecraft:walk_on_water_one_cm":9898,"minecraft:total_world_time":103051,"minecraft:fall_one_cm":44868}},"DataVersion":3465}