{"stats":{"minecraft:killed":{"minecraft:cave_spider":2,"minecraft:spider":4,"minecraft:skeleton":6,"minecraft:chicken":7,"minecraft:drowned":1,"minecraft:pig":7,"minecraft:rabbit":1,"minecraft:zombie":23,"minecraft:enderman":1},"minecraft:dropped":{"minecraft:bread":191,"minecraft:moss_block":2,"minecraft:wheat_seeds":1,"minecraft:cooked_beef":7,"minecraft:diamond":6,"minecraft:cooked_porkchop":5,"minecraft:iron_helmet":1,"minecraft:feather":2,"minecraft:lead":1,"minecraft:granite":1,"minecraft:leather_helmet":1,"minecraft:stick":5,"minecraft:dirt":50,"minecraft:torch":57,"minecraft:cornflower":1,"minecraft:melon_slice":22,"minecraft:flowering_azalea":2,"minecraft:iron_pickaxe":4,"minecraft:paper":3,"minecraft:spruce_sapling":1,"minecraft:dandelion":2,"minecraft:cooked_chicken":7,"minecraft:rotten_flesh":6,"minecraft:oak_planks":17,"minecraft:poppy":1,"minecraft:shield":2,"minecraft:spruce_planks":1,"minecraft:andesite":11,"minecraft:yellow_bed":1,"minecraft:leather_boots":1,"minecraft:stone_pickaxe":2,"minecraft:egg":2},"minecraft:broken":{"minecraft:stone_pickaxe":1},"minecraft:killed_by":{"minecraft:spider":1,"minecraft:skeleton":2,"minecraft:zombie":1},"minecraft:mined":{"minecraft:white_bed":10,"minecraft:spruce_planks":46,"minecraft:tuff":3,"minecraft:cave_vines_plant":3,"minecraft:granite":2,"minecraft:tube_coral_wall_fan":1,"minecraft:red_sand":5,"minecraft:grass_block":66,"minecraft:yellow_carpet":4,"minecraft:jungle_log":20,"minecraft:kelp":2,"minecraft:moss_block":4,"minecraft:cartography_table":1,"minecraft:oxeye_daisy":1,"minecraft:spawner":1,"minecraft:hay_block":45,"minecraft:smooth_stone":1,"minecraft:iron_ore":26,"minecraft:cobbled_deepslate":2,"minecraft:andesite":12,"minecraft:big_dripleaf_stem":1,"minecraft:bookshelf":4,"minecraft:dirt_path":1,"minecraft:vine":7,"minecraft:cave_vines":1,"minecraft:deepslate_iron_ore":32,"minecraft:oak_stairs":1,"minecraft:potted_spruce_sapling":1,"minecraft:brain_coral_wall_fan":2,"minecraft:azalea":1,"minecraft:stone":179,"minecraft:orange_bed":2,"minecraft:flowering_azalea":2,"minecraft:brown_mushroom":3,"minecraft:smoker":1,"minecraft:dandelion":3,"minecraft:spruce_door":3,"minecraft:clay":1,"minecraft:torch":6,"minecraft:crafting_table":2,"minecraft:blast_furnace":2,"minecraft:poppy":3,"minecraft:melon":11,"minecraft:chest":2,"minecraft:dead_bush":21,"minecraft:lectern":5,"minecraft:glass":1,"minecraft:copper_ore":6,"minecraft:tall_grass":86,"minecraft:cobblestone":22,"minecraft:oak_planks":5,"minecraft:blue_bed":2,"minecraft:wall_torch":29,"minecraft:big_dripleaf":1,"minecraft:purple_bed":1,"minecraft:coarse_dirt":39,"minecraft:cobblestone_wall":2,"minecraft:sea_pickle":4,"minecraft:sweet_berry_bush":1,"minecraft:spruce_log":7,"minecraft:white_carpet":4,"minecraft:pumpkin_stem":3,"minecraft:black_bed":2,"minecraft:yellow_bed":3,"minecraft:grass":425,"minecraft:oak_log":6,"minecraft:coal_ore":42,"minecraft:cocoa":2,"minecraft:gravel":1,"minecraft:sand":15,"minecraft:dirt":30,"minecraft:cobweb":21,"minecraft:red_mushroom_block":30,"minecraft:stonecutter":1,"minecraft:oak_leaves":7,"minecraft:deepslate":5,"minecraft:fern":53},"minecraft:custom":{"minecraft:interact_with_anvil":2,"minecraft:mob_kills":53,"minecraft:interact_with_crafting_table":44,"minecraft:interact_with_campfire":4,"minecraft:bell_ring":34,"minecraft:leave_game":5,"minecraft:time_since_death":100507,"minecraft:climb_one_cm":7001,"minecraft:sprint_one_cm":808502,"minecraft:walk_one_cm":1055709,"minecraft:damage_blocked_by_shield":225,"minecraft:drop":69,"minecraft:talked_to_villager":3,"minecraft:play_time":295033,"minecraft:sneak_time":1474,"minecraft:deaths":6,"minecraft:walk_under_water_one_cm":33074,"minecraft:boat_one_cm":310439,"minecraft:jump":5270,"minecraft:interact_with_blast_furnace":1,"minecraft:walk_on_water_one_cm":49853,"minecraft:total_world_time":295033,"minecraft:interact_with_furnace":72,"minecraft:pot_flower":1,"minecraft:sleep_in_bed":16,"minecraft:time_since_rest":10956,"minecraft:damage_taken":3557,"minecraft:damage_dealt":8234,"minecraft:swim_one_cm":90529,"minecraft:fly_one_cm":826812,"minecraft:open_chest":95,"minecraft:crouch_one_cm":1920,"minecraft:interact_with_smoker":5,"minecraft:fall_one_cm":124347,"minecraft:horse_one_cm":401664},"minecraft:used":{"minecraft:moss_block":3,"minecraft:stone_sword":72,"minecraft:chest":4,"minecraft:spruce_planks":100,"minecraft:shield":8,"minecraft:iron_sword":138,"minecraft:orange_bed":3,"minecraft:wooden_shovel":8,"minecraft:rotten_flesh":2,"minecraft:iron_chestplate":1,"minecraft:torch":97,"minecraft:dirt":70,"minecraft:anvil":1,"minecraft:white_carpet":4,"minecraft:cobblestone_wall":7,"minecraft:tuff":3,"minecraft:axolotl_bucket":15,"minecraft:yellow_carpet":4,"minecraft:big_dripleaf":2,"minecraft:glass":11,"minecraft:wooden_axe":19,"minecraft:iron_axe":53,"minecraft:bow":3,"minecraft:furnace":2,"minecraft:cooked_beef":2,"minecraft:cobbled_deepslate":7,"minecraft:cooked_mutton":11,"minecraft:water_bucket":16,"minecraft:spruce_door":5,"minecraft:stone_pickaxe":148,"minecraft:oak_planks":49,"minecraft:blue_bed":3,"minecraft:glow_berries":7,"minecraft:sand":7,"minecraft:crafting_table":2,"minecraft:blast_furnace":1,"minecraft:white_bed":10,"minecraft:black_bed":2,"minecraft:smoker":1,"minecraft:flower_pot":1,"minecraft:bread":18,"minecraft:melon_slice":26,"minecraft:iron_pickaxe":220,"minecraft:lectern":4,"minecraft:gravel":2,"minecraft:stone_axe":202,"minecraft:cobblestone":19,"minecraft:purple_bed":1,"minecraft:cooked_porkchop":8,"minecraft:bucket":32,"minecraft:pumpkin_pie":1,"minecraft:sea_pickle":5,"minecraft:yellow_bed":2},"minecraft:crafted":{"minecraft:wooden_sword":1,"minecraft:oak_planks":24,"minecraft:cooked_chicken":11,"minecraft:furnace":2,"minecraft:glass":37,"minecraft:iron_boots":1,"minecraft:iron_axe":1,"minecraft:stone_pickaxe":2,"minecraft:cobblestone_wall":6,"minecraft:chest":1,"minecraft:wheat":414,"minecraft:red_dye":1,"minecraft:wooden_shovel":1,"minecraft:cooked_porkchop":12,"minecraft:spruce_planks":68,"minecraft:iron_helmet":1,"minecraft:iron_sword":1,"minecraft:blue_bed":1,"minecraft:bucket":1,"minecraft:orange_dye":2,"minecraft:bread":138,"minecraft:jungle_planks":52,"minecraft:blue_dye":7,"minecraft:yellow_dye":1,"minecraft:iron_chestplate":1,"minecraft:shield":4,"minecraft:stick":12,"minecraft:iron_ingot":55,"minecraft:iron_pickaxe":4,"minecraft:wooden_axe":1,"minecraft:iron_block":3,"minecraft:blue_wool":4,"minecraft:iron_leggings":1,"minecraft:anvil":1,"minecraft:light_gray_dye":1,"minecraft:orange_bed":1},"minecraft:picked_up":{"minecraft:iron_chestplate":3,"minecraft:cocoa_beans":4,"minecraft:coarse_dirt":39,"minecraft:crafting_table":3,"minecraft:azure_bluet":1,"minecraft:clay_ball":8,"minecraft:chicken":9,"minecraft:flower_pot":1,"minecraft:anvil":1,"minecraft:brown_mushroom":4,"minecraft:lead":4,"minecraft:wooden_pickaxe":2,"minecraft:oak_stairs":1,"minecraft:shield":3,"minecraft:cornflower":2,"minecraft:string":22,"minecraft:raw_copper":23,"minecraft:iron_leggings":3,"minecraft:white_carpet":4,"minecraft:sea_pickle":10,"minecraft:cobbled_deepslate":17,"minecraft:red_sand":5,"minecraft:cartography_table":1,"minecraft:smooth_stone":1,"minecraft:bucket":2,"minecraft:spruce_planks":71,"minecraft:azalea":1,"minecraft:poppy":2,"minecraft:iron_pickaxe":8,"minecraft:lectern":5,"minecraft:melon_slice":187,"minecraft:chest":3,"minecraft:iron_boots":3,"minecraft:egg":7,"minecraft:stick":86,"minecraft:raw_iron":60,"minecraft:big_dripleaf":5,"minecraft:torch":204,"minecraft:bowl":4,"minecraft:porkchop":17,"minecraft:orange_bed":2,"minecraft:stone_sword":1,"minecraft:arrow":14,"minecraft:rotten_flesh":27,"minecraft:hay_block":47,"minecraft:glow_berries":7,"minecraft:white_wool":8,"minecraft:cobblestone":482,"minecraft:oxeye_daisy":1,"minecraft:feather":11,"minecraft:cooked_beef":9,"minecraft:andesite":44,"minecraft:jungle_log":18,"minecraft:black_bed":2,"minecraft:brown_wool":1,"minecraft:smoker":1,"minecraft:red_mushroom":12,"minecraft:tuff":3,"minecraft:oak_log":6,"minecraft:yellow_bed":3,"minecraft:cobblestone_wall":3,"minecraft:gunpowder":4,"minecraft:lapis_lazuli":7,"minecraft:blue_bed":2,"minecraft:dirt":179,"minecraft:paper":3,"minecraft:cooked_mutton":23,"minecraft:leather_boots":1,"minecraft:bone":12,"minecraft:stonecutter":1,"minecraft:kelp":19,"minecraft:bow":5,"minecraft:wheat_seeds":63,"minecraft:spore_blossom":3,"minecraft:iron_ingot":28,"minecraft:stone_pickaxe":9,"minecraft:cooked_chicken":4,"minecraft:rabbit":1,"minecraft:oak_planks":67,"minecraft:moss_block":10,"minecraft:iron_sword":3,"minecraft:flowering_azalea":5,"minecraft:book":12,"minecraft:cooked_porkchop":1,"minecraft:pumpkin":3,"minecraft:axolotl_bucket":1,"minecraft:dandelion":5,"minecraft:gravel":4,"minecraft:jungle_planks":9,"minecraft:sand":14,"minecraft:spruce_sapling":1,"minecraft:blast_furnace":2,"minecraft:white_bed":11,"minecraft:spruce_log":21,"minecraft:spruce_door":5,"minecraft:spider_eye":4,"minecraft:leather_helmet":1,"minecraft:pumpkin_seeds":4,"minecraft:purple_bed":1,"minecraft:yellow_carpet":4,"minecraft:diamond":6,"minecraft:stone_axe":4,"minecraft:iron_helmet":4,"minecraft:granite":4,"minecraft:emerald":5,"minecraft:bread":130,"minecraft:oak_sapling":4,"minecraft:coal":57,"minecraft:ender_pearl":3}},"DataVersion":3465}