{"stats":{"minecraft:killed":{"minecraft:cave_spider":2,"minecraft:spider":2,"minecraft:skeleton":3,"minecraft:chicken":7,"minecraft:drowned":1,"minecraft:pig":6,"minecraft:rabbit":1,"minecraft:zombie":16,"minecraft:enderman":1},"minecraft:dropped":{"minecraft:bread":86,"minecraft:moss_block":2,"minecraft:cooked_beef":7,"minecraft:diamond":6,"minecraft:cooked_porkchop":5,"minecraft:feather":2,"minecraft:iron_helmet":1,"minecraft:lead":1,"minecraft:granite":1,"minecraft:leather_helmet":1,"minecraft:stick":5,"minecraft:dirt":1,"minecraft:torch":57,"minecraft:cornflower":1,"minecraft:melon_slice":22,"minecraft:flowering_azalea":2,"minecraft:iron_pickaxe":3,"minecraft:paper":3,"minecraft:spruce_sapling":1,"minecraft:dandelion":2,"minecraft:cooked_chicken":7,"minecraft:rotten_flesh":6,"minecraft:poppy":1,"minecraft:shield":2,"minecraft:spruce_planks":1,"minecraft:andesite":11,"minecraft:yellow_bed":1,"minecraft:leather_boots":1,"minecraft:stone_pickaxe":2,"minecraft:egg":2},"minecraft:broken":{"minecraft:stone_pickaxe":1},"minecraft:killed_by":{"minecraft:spider":1,"minecraft:skeleton":2,"minecraft:zombie":1},"minecraft:mined":{"minecraft:tuff":3,"minecraft:spruce_planks":5,"minecraft:cave_vines_plant":3,"minecraft:granite":2,"minecraft:tube_coral_wall_fan":1,"minecraft:red_sand":5,"minecraft:grass_block":12,"minecraft:yellow_carpet":4,"minecraft:jungle_log":20,"minecraft:kelp":2,"minecraft:moss_block":4,"minecraft:cartography_table":1,"minecraft:oxeye_daisy":1,"minecraft:spawner":1,"minecraft:hay_block":45,"minecraft:smooth_stone":1,"minecraft:iron_ore":26,"minecraft:cobbled_deepslate":2,"minecraft:andesite":12,"minecraft:big_dripleaf_stem":1,"minecraft:bookshelf":4,"minecraft:cave_vines":1,"minecraft:deepslate_iron_ore":32,"minecraft:vine":7,"minecraft:oak_stairs":1,"minecraft:potted_spruce_sapling":1,"minecraft:brain_coral_wall_fan":2,"minecraft:azalea":1,"minecraft:stone":179,"minecraft:flowering_azalea":2,"minecraft:brown_mushroom":3,"minecraft:smoker":1,"minecraft:dandelion":2,"minecraft:clay":1,"minecraft:crafting_table":2,"minecraft:torch":5,"minecraft:blast_furnace":2,"minecraft:poppy":2,"minecraft:melon":11,"minecraft:chest":2,"minecraft:dead_bush":21,"minecraft:lectern":1,"minecraft:copper_ore":6,"minecraft:tall_grass":12,"minecraft:cobblestone":22,"minecraft:oak_planks":2,"minecraft:blue_bed":2,"minecraft:wall_torch":23,"minecraft:big_dripleaf":1,"minecraft:purple_bed":1,"minecraft:coarse_dirt":39,"minecraft:cobblestone_wall":2,"minecraft:sea_pickle":4,"minecraft:sweet_berry_bush":1,"minecraft:white_carpet":4,"minecraft:spruce_log":7,"minecraft:pumpkin_stem":3,"minecraft:yellow_bed":3,"minecraft:grass":206,"minecraft:oak_log":6,"minecraft:coal_ore":20,"minecraft:cocoa":2,"minecraft:gravel":1,"minecraft:sand":4,"minecraft:dirt":12,"minecraft:cobweb":21,"minecraft:stonecutter":1,"minecraft:red_mushroom_block":30,"minecraft:oak_leaves":7,"minecraft:deepslate":5,"minecraft:fern":53},"minecraft:custom":{"minecraft:interact_with_anvil":2,"minecraft:mob_kills":40,"minecraft:interact_with_crafting_table":37,"minecraft:interact_with_campfire":4,"minecraft:bell_ring":34,"minecraft:leave_game":4,"minecraft:time_since_death":28718,"minecraft:climb_one_cm":7001,"minecraft:sprint_one_cm":600702,"minecraft:walk_one_cm":822252,"minecraft:damage_blocked_by_shield":135,"minecraft:drop":45,"minecraft:talked_to_villager":3,"minecraft:play_time":223244,"minecraft:sneak_time":1106,"minecraft:deaths":6,"minecraft:walk_under_water_one_cm":29622,"minecraft:boat_one_cm":310439,"minecraft:jump":4242,"minecraft:interact_with_blast_furnace":1,"minecraft:walk_on_water_one_cm":44204,"minecraft:total_world_time":223244,"minecraft:interact_with_furnace":66,"minecraft:sleep_in_bed":10,"minecraft:time_since_rest":5767,"minecraft:damage_taken":2974,"minecraft:damage_dealt":5926,"minecraft:swim_one_cm":63372,"minecraft:fly_one_cm":556565,"minecraft:open_chest":58,"minecraft:crouch_one_cm":1381,"minecraft:fall_one_cm":98395,"minecraft:horse_one_cm":23207},"minecraft:used":{"minecraft:moss_block":3,"minecraft:stone_sword":72,"minecraft:chest":2,"minecraft:spruce_planks":26,"minecraft:shield":5,"minecraft:iron_sword":84,"minecraft:wooden_shovel":8,"minecraft:rotten_flesh":2,"minecraft:iron_chestplate":1,"minecraft:torch":85,"minecraft:dirt":14,"minecraft:anvil":1,"minecraft:white_carpet":4,"minecraft:cobblestone_wall":7,"minecraft:tuff":3,"minecraft:axolotl_bucket":14,"minecraft:yellow_carpet":4,"minecraft:big_dripleaf":2,"minecraft:wooden_axe":19,"minecraft:furnace":2,"minecraft:cooked_beef":2,"minecraft:cobbled_deepslate":7,"minecraft:cooked_mutton":11,"minecraft:water_bucket":16,"minecraft:stone_pickaxe":148,"minecraft:blue_bed":3,"minecraft:glow_berries":7,"minecraft:sand":4,"minecraft:crafting_table":1,"minecraft:blast_furnace":1,"minecraft:white_bed":1,"minecraft:bread":6,"minecraft:melon_slice":17,"minecraft:iron_pickaxe":198,"minecraft:gravel":2,"minecraft:stone_axe":202,"minecraft:cobblestone":11,"minecraft:purple_bed":1,"minecraft:cooked_porkchop":7,"minecraft:bucket":31,"minecraft:yellow_bed":2,"minecraft:sea_pickle":5},"minecraft:crafted":{"minecraft:wooden_sword":1,"minecraft:oak_planks":24,"minecraft:cooked_chicken":11,"minecraft:furnace":2,"minecraft:iron_boots":1,"minecraft:stone_pickaxe":2,"minecraft:cobblestone_wall":6,"minecraft:wheat":216,"minecraft:wooden_shovel":1,"minecraft:cooked_porkchop":12,"minecraft:spruce_planks":32,"minecraft:iron_helmet":1,"minecraft:iron_sword":1,"minecraft:blue_bed":1,"minecraft:bucket":1,"minecraft:bread":72,"minecraft:jungle_planks":52,"minecraft:blue_dye":7,"minecraft:iron_chestplate":1,"minecraft:shield":4,"minecraft:stick":12,"minecraft:iron_ingot":55,"minecraft:iron_pickaxe":4,"minecraft:wooden_axe":1,"minecraft:iron_block":3,"minecraft:blue_wool":4,"minecraft:iron_leggings":1,"minecraft:anvil":1,"minecraft:light_gray_dye":1},"minecraft:picked_up":{"minecraft:crafting_table":3,"minecraft:iron_chestplate":3,"minecraft:cocoa_beans":4,"minecraft:coarse_dirt":39,"minecraft:anvil":1,"minecraft:azure_bluet":1,"minecraft:flower_pot":1,"minecraft:chicken":9,"minecraft:clay_ball":8,"minecraft:brown_mushroom":4,"minecraft:lead":2,"minecraft:wooden_pickaxe":2,"minecraft:oak_stairs":1,"minecraft:shield":3,"minecraft:cornflower":2,"minecraft:string":20,"minecraft:raw_copper":23,"minecraft:iron_leggings":3,"minecraft:white_carpet":4,"minecraft:sea_pickle":10,"minecraft:cobbled_deepslate":17,"minecraft:red_sand":5,"minecraft:cartography_table":1,"minecraft:smooth_stone":1,"minecraft:bucket":2,"minecraft:spruce_planks":30,"minecraft:azalea":1,"minecraft:poppy":1,"minecraft:iron_pickaxe":8,"minecraft:lectern":1,"minecraft:melon_slice":187,"minecraft:chest":3,"minecraft:iron_boots":3,"minecraft:egg":7,"minecraft:stick":86,"minecraft:raw_iron":60,"minecraft:big_dripleaf":5,"minecraft:torch":198,"minecraft:bowl":4,"minecraft:porkchop":14,"minecraft:stone_sword":1,"minecraft:arrow":11,"minecraft:rotten_flesh":19,"minecraft:hay_block":47,"minecraft:glow_berries":7,"minecraft:cobblestone":480,"minecraft:white_wool":8,"minecraft:oxeye_daisy":1,"minecraft:feather":11,"minecraft:cooked_beef":9,"minecraft:andesite":44,"minecraft:jungle_log":18,"minecraft:brown_wool":1,"minecraft:smoker":1,"minecraft:red_mushroom":12,"minecraft:tuff":3,"minecraft:oak_log":6,"minecraft:yellow_bed":3,"minecraft:cobblestone_wall":3,"minecraft:gunpowder":2,"minecraft:paper":3,"minecraft:lapis_lazuli":7,"minecraft:dirt":25,"minecraft:blue_bed":2,"minecraft:leather_boots":1,"minecraft:cooked_mutton":23,"minecraft:bone":7,"minecraft:stonecutter":1,"minecraft:kelp":19,"minecraft:bow":4,"minecraft:wheat_seeds":34,"minecraft:cooked_chicken":4,"minecraft:spore_blossom":3,"minecraft:iron_ingot":28,"minecraft:stone_pickaxe":9,"minecraft:rabbit":1,"minecraft:moss_block":10,"minecraft:iron_sword":3,"minecraft:flowering_azalea":5,"minecraft:book":12,"minecraft:cooked_porkchop":1,"minecraft:pumpkin":3,"minecraft:axolotl_bucket":1,"minecraft:dandelion":3,"minecraft:gravel":4,"minecraft:sand":4,"minecraft:jungle_planks":9,"minecraft:spruce_sapling":1,"minecraft:blast_furnace":2,"minecraft:white_bed":1,"minecraft:spruce_log":21,"minecraft:spider_eye":4,"minecraft:leather_helmet":1,"minecraft:pumpkin_seeds":4,"minecraft:purple_bed":1,"minecraft:yellow_carpet":4,"minecraft:diamond":6,"minecraft:stone_axe":4,"minecraft:iron_helmet":4,"minecraft:granite":4,"minecraft:emerald":5,"minecraft:bread":85,"minecraft:oak_sapling":4,"minecraft:coal":35,"minecraft:ender_pearl":3}},"DataVersion":3465}