{"stats":{"minecraft:broken":{"minecraft:stone_pickaxe":1},"minecraft:custom":{"minecraft:interact_with_anvil":2,"minecraft:mob_kills":30,"minecraft:interact_with_crafting_table":34,"minecraft:leave_game":3,"minecraft:time_since_death":4377,"minecraft:climb_one_cm":6558,"minecraft:sprint_one_cm":426048,"minecraft:walk_one_cm":661163,"minecraft:damage_blocked_by_shield":110,"minecraft:drop":29,"minecraft:play_time":176945,"minecraft:deaths":4,"minecraft:sneak_time":988,"minecraft:walk_under_water_one_cm":29027,"minecraft:boat_one_cm":310439,"minecraft:jump":3058,"minecraft:interact_with_blast_furnace":1,"minecraft:walk_on_water_one_cm":37382,"minecraft:total_world_time":176945,"minecraft:interact_with_furnace":65,"minecraft:sleep_in_bed":7,"minecraft:time_since_rest":4423,"minecraft:damage_taken":2479,"minecraft:damage_dealt":4811,"minecraft:fly_one_cm":350923,"minecraft:swim_one_cm":63372,"minecraft:open_chest":43,"minecraft:crouch_one_cm":1077,"minecraft:fall_one_cm":70495},"minecraft:crafted":{"minecraft:wooden_sword":1,"minecraft:oak_planks":24,"minecraft:cooked_chicken":11,"minecraft:furnace":2,"minecraft:iron_boots":1,"minecraft:stone_pickaxe":2,"minecraft:cobblestone_wall":6,"minecraft:wheat":216,"minecraft:wooden_shovel":1,"minecraft:cooked_porkchop":12,"minecraft:spruce_planks":32,"minecraft:iron_helmet":1,"minecraft:iron_sword":1,"minecraft:blue_bed":1,"minecraft:bucket":1,"minecraft:bread":72,"minecraft:jungle_planks":52,"minecraft:blue_dye":7,"minecraft:iron_chestplate":1,"minecraft:shield":4,"minecraft:stick":12,"minecraft:iron_ingot":43,"minecraft:iron_pickaxe":4,"minecraft:wooden_axe":1,"minecraft:iron_block":3,"minecraft:blue_wool":4,"minecraft:iron_leggings":1,"minecraft:anvil":1,"minecraft:light_gray_dye":1},"minecraft:mined":{"minecraft:tuff":3,"minecraft:spruce_planks":5,"minecraft:cave_vines_plant":3,"minecraft:granite":2,"minecraft:red_sand":5,"minecraft:tube_coral_wall_fan":1,"minecraft:grass_block":11,"minecraft:yellow_carpet":4,"minecraft:jungle_log":20,"minecraft:moss_block":4,"minecraft:cartography_table":1,"minecraft:kelp":2,"minecraft:oxeye_daisy":1,"minecraft:spawner":1,"minecraft:hay_block":24,"minecraft:smooth_stone":1,"minecraft:cobbled_deepslate":2,"minecraft:iron_ore":22,"minecraft:andesite":12,"minecraft:cave_vines":1,"minecraft:bookshelf":4,"minecraft:deepslate_iron_ore":32,"minecraft:vine":7,"minecraft:oak_stairs":1,"minecraft:brain_coral_wall_fan":2,"minecraft:azalea":1,"minecraft:stone":179,"minecraft:flowering_azalea":2,"minecraft:brown_mushroom":3,"minecraft:dandelion":1,"minecraft:crafting_table":1,"minecraft:torch":5,"minecraft:blast_furnace":2,"minecraft:poppy":2,"minecraft:melon":11,"minecraft:chest":2,"minecraft:dead_bush":21,"minecraft:lectern":1,"minecraft:tall_grass":11,"minecraft:cobblestone":22,"minecraft:copper_ore":6,"minecraft:oak_planks":2,"minecraft:wall_torch":23,"minecraft:blue_bed":1,"minecraft:coarse_dirt":39,"minecraft:cobblestone_wall":2,"minecraft:sea_pickle":4,"minecraft:sweet_berry_bush":1,"minecraft:white_carpet":4,"minecraft:spruce_log":6,"minecraft:yellow_bed":3,"minecraft:grass":204,"minecraft:oak_log":6,"minecraft:coal_ore":20,"minecraft:cocoa":2,"minecraft:gravel":1,"minecraft:sand":4,"minecraft:dirt":10,"minecraft:cobweb":21,"minecraft:red_mushroom_block":30,"minecraft:oak_leaves":7,"minecraft:deepslate":5,"minecraft:fern":52},"minecraft:killed":{"minecraft:cave_spider":2,"minecraft:spider":2,"minecraft:skeleton":3,"minecraft:chicken":5,"minecraft:drowned":1,"minecraft:pig":3,"minecraft:zombie":12,"minecraft:enderman":1},"minecraft:killed_by":{"minecraft:spider":1,"minecraft:skeleton":2},"minecraft:used":{"minecraft:moss_block":3,"minecraft:stone_sword":72,"minecraft:chest":2,"minecraft:spruce_planks":26,"minecraft:shield":4,"minecraft:iron_sword":56,"minecraft:wooden_shovel":8,"minecraft:rotten_flesh":2,"minecraft:iron_chestplate":1,"minecraft:torch":85,"minecraft:dirt":14,"minecraft:anvil":1,"minecraft:white_carpet":4,"minecraft:cobblestone_wall":7,"minecraft:axolotl_bucket":10,"minecraft:tuff":3,"minecraft:yellow_carpet":4,"minecraft:wooden_axe":19,"minecraft:furnace":2,"minecraft:cooked_beef":2,"minecraft:cobbled_deepslate":7,"minecraft:cooked_mutton":7,"minecraft:water_bucket":11,"minecraft:stone_pickaxe":148,"minecraft:blue_bed":2,"minecraft:glow_berries":7,"minecraft:sand":4,"minecraft:crafting_table":1,"minecraft:blast_furnace":1,"minecraft:white_bed":1,"minecraft:melon_slice":15,"minecraft:bread":4,"minecraft:iron_pickaxe":189,"minecraft:gravel":1,"minecraft:stone_axe":202,"minecraft:cobblestone":11,"minecraft:cooked_porkchop":7,"minecraft:bucket":21,"minecraft:yellow_bed":2,"minecraft:sea_pickle":5},"minecraft:dropped":{"minecraft:bread":71,"minecraft:cooked_beef":7,"minecraft:diamond":6,"minecraft:cooked_porkchop":5,"minecraft:leather_helmet":1,"minecraft:stick":5,"minecraft:dirt":1,"minecraft:torch":57,"minecraft:cornflower":1,"minecraft:iron_pickaxe":3,"minecraft:paper":3,"minecraft:dandelion":2,"minecraft:cooked_chicken":3,"minecraft:poppy":1,"minecraft:shield":2,"minecraft:yellow_bed":1,"minecraft:leather_boots":1,"minecraft:stone_pickaxe":2},"minecraft:picked_up":{"minecraft:iron_chestplate":1,"minecraft:coarse_dirt":39,"minecraft:cocoa_beans":4,"minecraft:crafting_table":2,"minecraft:azure_bluet":1,"minecraft:chicken":5,"minecraft:brown_mushroom":3,"minecraft:wooden_pickaxe":2,"minecraft:oak_stairs":1,"minecraft:shield":1,"minecraft:cornflower":2,"minecraft:string":20,"minecraft:raw_copper":23,"minecraft:iron_leggings":1,"minecraft:white_carpet":4,"minecraft:sea_pickle":10,"minecraft:cobbled_deepslate":7,"minecraft:cartography_table":1,"minecraft:red_sand":5,"minecraft:smooth_stone":1,"minecraft:bucket":1,"minecraft:spruce_planks":28,"minecraft:iron_pickaxe":2,"minecraft:azalea":1,"minecraft:poppy":1,"minecraft:lectern":1,"minecraft:melon_slice":101,"minecraft:chest":2,"minecraft:iron_boots":1,"minecraft:egg":3,"minecraft:stick":86,"minecraft:raw_iron":52,"minecraft:torch":168,"minecraft:bowl":4,"minecraft:porkchop":8,"minecraft:stone_sword":1,"minecraft:arrow":7,"minecraft:rotten_flesh":10,"minecraft:hay_block":24,"minecraft:glow_berries":7,"minecraft:cobblestone":289,"minecraft:white_wool":4,"minecraft:oxeye_daisy":1,"minecraft:feather":7,"minecraft:cooked_beef":9,"minecraft:andesite":22,"minecraft:jungle_log":18,"minecraft:brown_wool":1,"minecraft:red_mushroom":12,"minecraft:tuff":3,"minecraft:oak_log":6,"minecraft:yellow_bed":3,"minecraft:cobblestone_wall":3,"minecraft:paper":3,"minecraft:lapis_lazuli":7,"minecraft:dirt":25,"minecraft:blue_bed":1,"minecraft:cooked_mutton":16,"minecraft:leather_boots":1,"minecraft:bone":4,"minecraft:kelp":19,"minecraft:bow":2,"minecraft:wheat_seeds":34,"minecraft:spore_blossom":1,"minecraft:iron_ingot":16,"minecraft:stone_pickaxe":5,"minecraft:moss_block":6,"minecraft:iron_sword":1,"minecraft:flowering_azalea":2,"minecraft:book":12,"minecraft:dandelion":2,"minecraft:gravel":4,"minecraft:sand":4,"minecraft:jungle_planks":9,"minecraft:blast_furnace":2,"minecraft:white_bed":1,"minecraft:spruce_log":14,"minecraft:spider_eye":4,"minecraft:leather_helmet":1,"minecraft:yellow_carpet":4,"minecraft:diamond":6,"minecraft:stone_axe":2,"minecraft:iron_helmet":1,"minecraft:granite":2,"minecraft:bread":39,"minecraft:emerald":5,"minecraft:oak_sapling":4,"minecraft:coal":35,"minecraft:ender_pearl":3}},"DataVersion":3465}