{"stats":{"minecraft:used":{"minecraft:iron_hoe":85,"minecraft:iron_shovel":188,"minecraft:iron_axe":203,"minecraft:bread":7,"minecraft:oak_planks":150,"minecraft:iron_pickaxe":178,"minecraft:blue_bed":1,"minecraft:iron_sword":4,"minecraft:rotten_flesh":1,"minecraft:dirt":102,"minecraft:cobblestone":109,"minecraft:purple_bed":1,"minecraft:crafting_table":1,"minecraft:oak_sapling":17,"minecraft:white_bed":1,"minecraft:wheat_seeds":17},"minecraft:picked_up":{"minecraft:stick":7,"minecraft:crafting_table":1,"minecraft:oak_log":178,"minecraft:white_bed":2,"minecraft:blue_bed":1,"minecraft:cornflower":1,"minecraft:dirt":288,"minecraft:arrow":3,"minecraft:rotten_flesh":1,"minecraft:apple":2,"minecraft:wheat_seeds":23,"minecraft:hay_block":16,"minecraft:poppy":1,"minecraft:oak_sapling":17,"minecraft:oak_planks":3,"minecraft:cobblestone":174,"minecraft:raw_iron":5},"minecraft:mined":{"minecraft:hay_block":16,"minecraft:white_bed":2,"minecraft:iron_ore":5,"minecraft:crafting_table":1,"minecraft:cornflower":1,"minecraft:grass":71,"minecraft:grass_block":234,"minecraft:oak_log":178,"minecraft:poppy":1,"minecraft:dirt":11,"minecraft:tall_grass":19,"minecraft:cobblestone":8,"minecraft:stone":165,"minecraft:oak_planks":3,"minecraft:oak_leaves":1},"minecraft:crafted":{"minecraft:blue_dye":1,"minecraft:red_dye":1,"minecraft:oak_planks":328,"minecraft:iron_boots":1,"minecraft:iron_chestplate":1,"minecraft:purple_dye":2,"minecraft:shield":1,"minecraft:iron_axe":1,"minecraft:purple_bed":1,"minecraft:iron_hoe":1,"minecraft:stick":8,"minecraft:iron_helmet":1,"minecraft:iron_pickaxe":1,"minecraft:iron_sword":1,"minecraft:iron_shovel":1,"minecraft:iron_leggings":1,"minecraft:bread":48,"minecraft:wheat":144},"minecraft:dropped":{"minecraft:bread":24,"minecraft:cobblestone":64},"minecraft:custom":{"minecraft:time_since_rest":10972,"minecraft:interact_with_furnace":4,"minecraft:sprint_one_cm":146578,"minecraft:damage_taken":352,"minecraft:walk_one_cm":223594,"minecraft:drop":2,"minecraft:damage_dealt":97,"minecraft:fly_one_cm":174093,"minecraft:interact_with_crafting_table":8,"minecraft:swim_one_cm":10073,"minecraft:open_chest":34,"minecraft:crouch_one_cm":520,"minecraft:play_time":53612,"minecraft:deaths":1,"minecraft:sneak_time":145,"minecraft:walk_under_water_one_cm":4586,"minecraft:jump":848,"minecraft:walk_on_water_one_cm":3900,"minecraft:time_since_death":48967,"minecraft:sleep_in_bed":5,"minecraft:climb_one_cm":452,"minecraft:total_world_time":53612,"minecraft:fall_one_cm":22324}},"DataVersion":3465}