{"stats":{"minecraft:used":{"minecraft:rotten_flesh":1},"minecraft:picked_up":{"minecraft:arrow":3,"minecraft:rotten_flesh":1,"minecraft:wheat_seeds":4,"minecraft:oak_log":5,"minecraft:dirt":44},"minecraft:mined":{"minecraft:grass":14,"minecraft:grass_block":42,"minecraft:oak_log":5,"minecraft:tall_grass":9},"minecraft:crafted":{"minecraft:iron_sword":1,"minecraft:iron_leggings":1,"minecraft:oak_planks":20,"minecraft:iron_chestplate":1,"minecraft:iron_boots":1,"minecraft:shield":1,"minecraft:iron_axe":1,"minecraft:iron_hoe":1,"minecraft:stick":8,"minecraft:iron_pickaxe":1,"minecraft:iron_helmet":1},"minecraft:custom":{"minecraft:time_since_rest":11097,"minecraft:open_chest":27,"minecraft:crouch_one_cm":520,"minecraft:play_time":17612,"minecraft:sprint_one_cm":66481,"minecraft:walk_one_cm":48904,"minecraft:damage_taken":290,"minecraft:deaths":1,"minecraft:sneak_time":145,"minecraft:walk_under_water_one_cm":1785,"minecraft:jump":408,"minecraft:time_since_death":12967,"minecraft:walk_on_water_one_cm":547,"minecraft:sleep_in_bed":2,"minecraft:total_world_time":17612,"minecraft:climb_one_cm":452,"minecraft:swim_one_cm":10073,"minecraft:interact_with_crafting_table":3,"minecraft:fall_one_cm":15350,"minecraft:fly_one_cm":100953,"minecraft:interact_with_furnace":4}},"DataVersion":3465}