{"stats":{"minecraft:used":{"minecraft:oak_fence":27,"minecraft:wheat_seeds":28,"minecraft:iron_shovel":255,"minecraft:oak_planks":159,"minecraft:iron_sword":4,"minecraft:blue_bed":2,"minecraft:rotten_flesh":1,"minecraft:torch":22,"minecraft:dirt":102,"minecraft:crafting_table":1,"minecraft:white_bed":1,"minecraft:oak_fence_gate":1,"minecraft:glass":93,"minecraft:iron_hoe":85,"minecraft:oak_stairs":1,"minecraft:iron_axe":211,"minecraft:bread":10,"minecraft:iron_pickaxe":178,"minecraft:cobblestone":109,"minecraft:purple_bed":1,"minecraft:oak_sapling":17},"minecraft:picked_up":{"minecraft:crafting_table":1,"minecraft:wheat":3,"minecraft:oak_stairs":1,"minecraft:oak_log":179,"minecraft:dirt":289,"minecraft:cornflower":1,"minecraft:blue_bed":2,"minecraft:apple":2,"minecraft:wheat_seeds":29,"minecraft:poppy":1,"minecraft:oak_planks":4,"minecraft:stick":7,"minecraft:raw_iron":5,"minecraft:torch":1,"minecraft:sand":125,"minecraft:white_bed":2,"minecraft:arrow":3,"minecraft:rotten_flesh":1,"minecraft:hay_block":16,"minecraft:oak_sapling":17,"minecraft:cobblestone":174},"minecraft:broken":{"minecraft:iron_shovel":1},"minecraft:mined":{"minecraft:white_bed":2,"minecraft:cornflower":1,"minecraft:crafting_table":1,"minecraft:grass_block":235,"minecraft:poppy":1,"minecraft:tall_grass":19,"minecraft:cobblestone":8,"minecraft:oak_planks":3,"minecraft:blue_bed":1,"minecraft:wall_torch":1,"minecraft:hay_block":16,"minecraft:iron_ore":5,"minecraft:grass":114,"minecraft:oak_log":178,"minecraft:oak_stairs":1,"minecraft:sand":119,"minecraft:dirt":11,"minecraft:stone":165,"minecraft:oak_leaves":1},"minecraft:crafted":{"minecraft:red_dye":1,"minecraft:oak_planks":332,"minecraft:purple_bed":1,"minecraft:iron_helmet":1,"minecraft:iron_sword":1,"minecraft:bread":48,"minecraft:air":0,"minecraft:blue_dye":1,"minecraft:oak_fence_gate":1,"minecraft:glass":93,"minecraft:iron_boots":1,"minecraft:iron_chestplate":1,"minecraft:purple_dye":2,"minecraft:shield":1,"minecraft:iron_axe":1,"minecraft:iron_hoe":1,"minecraft:stick":12,"minecraft:iron_pickaxe":1,"minecraft:iron_shovel":1,"minecraft:iron_leggings":1,"minecraft:torch":28,"minecraft:oak_fence":27,"minecraft:wheat":144},"minecraft:dropped":{"minecraft:bread":24,"minecraft:cobblestone":64},"minecraft:custom":{"minecraft:interact_with_furnace":28,"minecraft:animals_bred":1,"minecraft:interact_with_crafting_table":16,"minecraft:time_since_death":72967,"minecraft:sleep_in_bed":7,"minecraft:climb_one_cm":452,"minecraft:time_since_rest":7977,"minecraft:sprint_one_cm":217298,"minecraft:damage_taken":352,"minecraft:walk_one_cm":301458,"minecraft:drop":2,"minecraft:damage_dealt":97,"minecraft:swim_one_cm":10073,"minecraft:fly_one_cm":296846,"minecraft:open_chest":44,"minecraft:crouch_one_cm":598,"minecraft:play_time":77612,"minecraft:deaths":1,"minecraft:sneak_time":210,"minecraft:walk_under_water_one_cm":4720,"minecraft:jump":1326,"minecraft:walk_on_water_one_cm":9208,"minecraft:total_world_time":77612,"minecraft:fall_one_cm":32973}},"DataVersion":3465}