{"stats":{"minecraft:killed_by":{"minecraft:zombie":1,"minecraft:spider":1,"minecraft:enderman":1,"minecraft:skeleton":2},"minecraft:crafted":{"minecraft:oak_planks":340,"minecraft:cooked_chicken":11,"minecraft:glass":150,"minecraft:iron_boots":1,"minecraft:chest":2,"minecraft:item_frame":1,"minecraft:wooden_shovel":1,"minecraft:cooked_porkchop":12,"minecraft:map":1,"minecraft:crafting_table":1,"minecraft:spruce_planks":68,"minecraft:iron_helmet":1,"minecraft:cartography_table":1,"minecraft:iron_chestplate":1,"minecraft:paper":27,"minecraft:yellow_dye":1,"minecraft:shield":4,"minecraft:stick":12,"minecraft:iron_ingot":55,"minecraft:compass":1,"minecraft:iron_pickaxe":5,"minecraft:iron_block":3,"minecraft:light_gray_dye":1,"minecraft:wooden_sword":1,"minecraft:oak_door":3,"minecraft:furnace":2,"minecraft:iron_axe":3,"minecraft:stone_pickaxe":2,"minecraft:cobblestone_wall":6,"aether:iron_pendant":1,"minecraft:wheat":513,"minecraft:red_dye":1,"minecraft:iron_sword":2,"minecraft:blue_bed":1,"minecraft:bucket":1,"minecraft:orange_dye":2,"minecraft:bread":171,"minecraft:jungle_planks":52,"aether:iron_gloves":1,"minecraft:blue_dye":7,"minecraft:wooden_axe":1,"minecraft:oak_stairs":24,"minecraft:blue_wool":4,"minecraft:iron_leggings":1,"minecraft:anvil":1,"minecraft:orange_bed":1},"minecraft:mined":{"regions_unexplored:golden_larch_leaves":2,"minecraft:spruce_planks":46,"minecraft:white_bed":10,"minecraft:cave_vines_plant":3,"minecraft:granite":2,"minecraft:budding_amethyst":6,"minecraft:red_sand":5,"minecraft:grass_block":129,"minecraft:yellow_carpet":4,"minecraft:jungle_log":20,"minecraft:oxeye_daisy":1,"minecraft:spawner":3,"minecraft:smooth_stone":1,"minecraft:iron_ore":49,"minecraft:cobbled_deepslate":2,"minecraft:cave_vines":1,"minecraft:dirt_path":1,"minecraft:small_amethyst_bud":1,"minecraft:oak_stairs":4,"minecraft:azalea":1,"minecraft:white_banner":2,"minecraft:orange_bed":4,"minecraft:brown_mushroom":3,"minecraft:smoker":2,"minecraft:clay":1,"minecraft:torch":11,"minecraft:blast_furnace":2,"minecraft:poppy":3,"minecraft:melon":11,"minecraft:chest":4,"minecraft:dead_bush":21,"minecraft:glass":2,"minecraft:cobblestone":26,"minecraft:sugar_cane":21,"minecraft:oak_planks":152,"minecraft:wall_torch":29,"minecraft:amethyst_block":3,"minecraft:skeleton_skull":1,"minecraft:pumpkin_stem":3,"minecraft:black_bed":2,"minecraft:grass":584,"minecraft:oak_log":200,"minecraft:sand":16,"minecraft:dirt":45,"minecraft:red_mushroom_block":30,"minecraft:stonecutter":1,"minecraft:oak_leaves":15,"minecraft:deepslate":8,"minecraft:tuff":3,"minecraft:oak_door":1,"minecraft:tube_coral_wall_fan":1,"minecraft:spruce_leaves":1,"minecraft:cartography_table":1,"minecraft:moss_block":4,"minecraft:kelp":2,"minecraft:hay_block":56,"minecraft:andesite":12,"minecraft:big_dripleaf_stem":1,"minecraft:bookshelf":4,"minecraft:deepslate_iron_ore":32,"minecraft:vine":7,"minecraft:potted_spruce_sapling":1,"minecraft:brain_coral_wall_fan":2,"minecraft:stripped_oak_log":42,"minecraft:stone":188,"minecraft:flowering_azalea":2,"minecraft:spruce_door":3,"minecraft:dandelion":3,"minecraft:crafting_table":2,"minecraft:emerald_ore":1,"minecraft:lectern":5,"minecraft:tall_grass":88,"minecraft:copper_ore":6,"minecraft:blue_bed":2,"minecraft:big_dripleaf":1,"minecraft:purple_bed":1,"minecraft:coarse_dirt":39,"minecraft:cobblestone_wall":2,"minecraft:sea_pickle":4,"minecraft:sweet_berry_bush":1,"minecraft:white_carpet":4,"minecraft:spruce_log":72,"minecraft:yellow_bed":3,"minecraft:coal_ore":54,"minecraft:cocoa":2,"minecraft:gravel":1,"minecraft:cobweb":21,"quark:hollow_spruce_log":3,"minecraft:fern":53},"minecraft:picked_up":{"minecraft:iron_chestplate":4,"quark:hollow_spruce_log":4,"minecraft:anvil":1,"minecraft:flower_pot":1,"minecraft:lead":4,"minecraft:oak_stairs":4,"minecraft:knowledge_book":1,"minecraft:amethyst_block":3,"minecraft:string":28,"minecraft:raw_copper":23,"minecraft:iron_leggings":4,"depthcrawler:blackshard":1,"minecraft:sea_pickle":10,"minecraft:red_sand":5,"minecraft:cobbled_deepslate":22,"minecraft:smooth_stone":1,"minecraft:bucket":2,"minecraft:spruce_planks":71,"minecraft:calcite":1,"minecraft:azalea":1,"minecraft:iron_pickaxe":9,"minecraft:melon_slice":197,"minecraft:iron_boots":4,"minecraft:tipped_arrow":2,"minecraft:stick":94,"minecraft:big_dripleaf":5,"minecraft:oak_fence":2,"minecraft:torch":233,"minecraft:porkchop":41,"minecraft:orange_bed":4,"minecraft:stone_sword":1,"minecraft:rotten_flesh":42,"minecraft:cobblestone":493,"born_in_chaos_v1:staffof_magic_arrows":1,"minecraft:feather":11,"minecraft:cooked_beef":9,"born_in_chaos_v1:spiritual_dust":3,"minecraft:andesite":46,"minecraft:jungle_log":18,"minecraft:brown_wool":1,"minecraft:black_bed":2,"minecraft:smoker":2,"minecraft:tuff":3,"minecraft:dirt":358,"minecraft:lapis_lazuli":7,"minecraft:leather_boots":1,"minecraft:bone":21,"minecraft:stonecutter":1,"minecraft:bow":6,"minecraft:wheat_seeds":95,"minecraft:rabbit":1,"minecraft:moss_block":10,"minecraft:oak_planks":333,"minecraft:cooked_porkchop":7,"minecraft:axolotl_bucket":1,"minecraft:jungle_planks":9,"minecraft:sand":15,"minecraft:yellow_carpet":4,"minecraft:diamond":6,"minecraft:granite":4,"minecraft:bread":177,"minecraft:emerald":9,"minecraft:oak_sapling":18,"minecraft:crafting_table":3,"minecraft:cocoa_beans":4,"minecraft:coarse_dirt":39,"minecraft:azure_bluet":1,"minecraft:chicken":9,"minecraft:clay_ball":8,"born_in_chaos_v1:seedof_chaos":2,"minecraft:brown_mushroom":4,"minecraft:wooden_pickaxe":2,"minecraft:shield":4,"minecraft:cornflower":2,"minecraft:moss_carpet":3,"minecraft:iron_axe":3,"minecraft:white_carpet":4,"minecraft:cartography_table":1,"minecraft:poppy":2,"minecraft:lectern":5,"minecraft:sugar_cane":46,"minecraft:chest":5,"minecraft:egg":7,"minecraft:raw_iron":82,"immersivecaves:immersive_caves_guide":1,"minecraft:bowl":4,"born_in_chaos_v1:pieceofdarkmetal":2,"minecraft:arrow":24,"minecraft:hay_block":58,"aether:white_cape":1,"minecraft:glow_berries":7,"minecraft:skeleton_skull":1,"minecraft:white_wool":8,"minecraft:oxeye_daisy":1,"minecraft:stripped_oak_log":44,"minecraft:red_mushroom":12,"minecraft:filled_map":1,"minecraft:oak_log":190,"minecraft:gunpowder":6,"minecraft:yellow_bed":3,"minecraft:cobblestone_wall":3,"minecraft:blue_bed":2,"minecraft:paper":3,"minecraft:white_banner":4,"minecraft:cooked_mutton":23,"minecraft:apple":3,"minecraft:kelp":19,"minecraft:spore_blossom":3,"minecraft:iron_ingot":81,"minecraft:stone_pickaxe":11,"minecraft:cooked_chicken":4,"minecraft:flowering_azalea":5,"minecraft:iron_sword":4,"minecraft:book":12,"minecraft:pumpkin":3,"born_in_chaos_v1:orbofthe_summoner":1,"born_in_chaos_v1:ethereal_spirit":2,"minecraft:dandelion":5,"minecraft:gravel":4,"minecraft:spruce_sapling":5,"minecraft:blast_furnace":2,"minecraft:white_bed":11,"minecraft:spruce_log":86,"minecraft:spruce_door":5,"minecraft:spider_eye":6,"minecraft:leather_helmet":1,"minecraft:pumpkin_seeds":4,"minecraft:purple_bed":1,"minecraft:stone_axe":4,"minecraft:iron_helmet":5,"minecraft:coal":70,"minecraft:ender_pearl":3},"minecraft:used":{"minecraft:moss_block":3,"minecraft:chest":8,"minecraft:shield":10,"minecraft:iron_sword":327,"minecraft:rotten_flesh":2,"minecraft:iron_chestplate":1,"minecraft:tuff":3,"minecraft:axolotl_bucket":15,"minecraft:big_dripleaf":2,"minecraft:glass":80,"minecraft:item_frame":1,"minecraft:bow":3,"minecraft:furnace":2,"minecraft:spruce_door":6,"minecraft:stone_pickaxe":148,"minecraft:oak_planks":349,"minecraft:blue_bed":3,"minecraft:sugar_cane":16,"minecraft:glow_berries":7,"minecraft:sand":12,"minecraft:blast_furnace":1,"minecraft:black_bed":2,"minecraft:bread":66,"minecraft:melon_slice":26,"born_in_chaos_v1:staffof_magic_arrows":11,"minecraft:lectern":4,"minecraft:gravel":2,"minecraft:oak_fence":2,"minecraft:stone_sword":72,"minecraft:spruce_planks":100,"minecraft:wooden_shovel":8,"minecraft:oak_door":3,"minecraft:orange_bed":5,"minecraft:torch":115,"minecraft:dirt":205,"minecraft:anvil":1,"minecraft:white_carpet":4,"minecraft:cobblestone_wall":7,"minecraft:yellow_carpet":4,"minecraft:wooden_axe":19,"minecraft:iron_axe":439,"minecraft:oak_stairs":24,"minecraft:cooked_beef":2,"minecraft:cobbled_deepslate":7,"minecraft:knowledge_book":10,"minecraft:cooked_mutton":11,"minecraft:water_bucket":16,"minecraft:cartography_table":1,"minecraft:crafting_table":3,"minecraft:white_bed":10,"minecraft:smoker":1,"minecraft:oak_log":87,"minecraft:flower_pot":1,"minecraft:iron_pickaxe":290,"minecraft:map":1,"minecraft:stone_axe":281,"minecraft:cobblestone":81,"minecraft:purple_bed":1,"minecraft:white_banner":3,"minecraft:cooked_porkchop":10,"minecraft:bucket":32,"minecraft:yellow_bed":2,"minecraft:pumpkin_pie":1,"minecraft:sea_pickle":5,"minecraft:stripped_oak_log":44},"minecraft:killed":{"dungeonsweaponry:wraith":1,"minecraft:cave_spider":4,"born_in_chaos_v1:zombie_lumberjack":1,"minecraft:spider":9,"dungeonsweaponry:enchanter":1,"born_in_chaos_v1:baby_skeleton_minion":4,"born_in_chaos_v1:scarlet_persecutor":2,"minecraft:skeleton":13,"minecraft:chicken":7,"born_in_chaos_v1:bonescaller":1,"minecraft:pig":21,"minecraft:creeper":1,"minecraft:pillager":3,"minecraft:zombie":32,"minecraft:stray":2,"enemyexpansion:botfly":1,"minecraft:vex":1,"minecraft:vindicator":2,"born_in_chaos_v1:skeleton_thrasher_not_despawn":1,"depthcrawler:nightmaredeep":1,"minecraft:drowned":1,"minecraft:rabbit":1,"born_in_chaos_v1:decrepit_skeleton":2,"minecraft:enderman":1},"minecraft:custom":{"minecraft:interact_with_crafting_table":68,"minecraft:open_barrel":3,"minecraft:bell_ring":34,"minecraft:leave_game":7,"minecraft:time_since_death":94757,"minecraft:damage_resisted":30,"minecraft:sprint_one_cm":1493884,"minecraft:damage_blocked_by_shield":300,"minecraft:drop":84,"minecraft:talked_to_villager":4,"minecraft:play_time":486482,"minecraft:deaths":7,"minecraft:jump":8307,"minecraft:walk_on_water_one_cm":77400,"minecraft:interact_with_furnace":85,"minecraft:interact_with_cartography_table":1,"minecraft:interact_with_loom":1,"minecraft:sleep_in_bed":28,"minecraft:damage_dealt":20303,"minecraft:crouch_one_cm":3293,"minecraft:interact_with_smoker":5,"minecraft:horse_one_cm":401664,"minecraft:mob_kills":115,"minecraft:interact_with_anvil":2,"minecraft:interact_with_campfire":4,"minecraft:damage_dealt_resisted":193,"minecraft:climb_one_cm":8742,"minecraft:walk_one_cm":1826030,"minecraft:raid_win":1,"minecraft:sneak_time":1892,"minecraft:walk_under_water_one_cm":52585,"minecraft:boat_one_cm":310439,"minecraft:interact_with_blast_furnace":1,"minecraft:total_world_time":486482,"minecraft:pot_flower":1,"minecraft:time_since_rest":60433,"minecraft:damage_taken":5676,"minecraft:swim_one_cm":133757,"minecraft:fly_one_cm":1487091,"minecraft:open_chest":187,"minecraft:fall_one_cm":187098},"minecraft:dropped":{"minecraft:moss_block":2,"minecraft:cooked_beef":7,"minecraft:diamond":6,"minecraft:cooked_porkchop":5,"minecraft:leather_helmet":1,"minecraft:emerald":1,"minecraft:dirt":127,"minecraft:cornflower":1,"minecraft:iron_pickaxe":4,"minecraft:bone":3,"minecraft:cooked_chicken":7,"minecraft:rotten_flesh":6,"minecraft:oak_planks":17,"minecraft:poppy":1,"born_in_chaos_v1:seedof_chaos":2,"minecraft:leather_boots":1,"minecraft:egg":2,"minecraft:bread":191,"minecraft:wheat_seeds":1,"minecraft:iron_helmet":1,"minecraft:feather":2,"minecraft:knowledge_book":1,"minecraft:lead":1,"minecraft:granite":1,"minecraft:stick":5,"minecraft:torch":57,"minecraft:melon_slice":22,"minecraft:flowering_azalea":2,"minecraft:iron_axe":1,"minecraft:paper":3,"minecraft:string":4,"minecraft:spruce_sapling":5,"minecraft:dandelion":2,"immersivecaves:immersive_caves_guide":1,"born_in_chaos_v1:spiritual_dust":1,"minecraft:shield":2,"minecraft:spruce_planks":1,"minecraft:andesite":11,"minecraft:yellow_bed":1,"minecraft:oak_sapling":10,"minecraft:spruce_log":1,"minecraft:stone_pickaxe":3},"minecraft:broken":{"minecraft:stone_pickaxe":1,"minecraft:stone_axe":1,"minecraft:iron_sword":1,"minecraft:iron_axe":1}},"DataVersion":3465}