{"stats":{"minecraft:killed_by":{"minecraft:drowned":1,"minecraft:zombie":1,"minecraft:spider":2,"minecraft:skeleton":1},"minecraft:crafted":{"minecraft:oak_planks":188,"minecraft:cooked_mutton":21,"minecraft:iron_boots":2,"minecraft:chest":8,"minecraft:wooden_shovel":1,"minecraft:cooked_porkchop":22,"minecraft:crafting_table":6,"minecraft:spruce_planks":390,"minecraft:wooden_pickaxe":4,"minecraft:iron_helmet":3,"minecraft:iron_chestplate":2,"minecraft:stick":82,"minecraft:iron_pickaxe":3,"minecraft:iron_ingot":8,"minecraft:stone_sword":2,"minecraft:wooden_sword":1,"minecraft:furnace":3,"minecraft:iron_axe":3,"minecraft:stone_pickaxe":8,"minecraft:dark_oak_planks":64,"minecraft:lead":2,"minecraft:cooked_beef":19,"minecraft:iron_sword":1,"minecraft:bucket":1,"minecraft:stone_axe":2,"minecraft:air":0,"minecraft:jungle_planks":62,"minecraft:wooden_axe":1,"minecraft:iron_shovel":9,"minecraft:iron_leggings":3,"minecraft:white_bed":1,"minecraft:torch":184},"minecraft:mined":{"minecraft:large_amethyst_bud":1,"minecraft:spruce_planks":3,"regions_unexplored:cattail":1,"minecraft:cave_vines_plant":1,"minecraft:red_sand":1,"minecraft:grass_block":1279,"minecraft:jungle_log":16,"minecraft:deepslate_bricks":4,"minecraft:oxeye_daisy":1,"minecraft:spawner":1,"minecraft:iron_ore":77,"minecraft:sticky_piston":1,"minecraft:cobbled_deepslate":1,"minecraft:pumpkin":1,"minecraft:deepslate_lapis_ore":17,"minecraft:anvil":1,"minecraft:cave_vines":5,"minecraft:dirt_path":1,"minecraft:small_amethyst_bud":1,"minecraft:azalea":1,"minecraft:deepslate_redstone_ore":15,"minecraft:brown_mushroom":1,"minecraft:soul_fire":1,"minecraft:amethyst_cluster":12,"minecraft:clay":1,"minecraft:torch":2,"regions_unexplored:peat_grass_block":1,"minecraft:poppy":2,"minecraft:melon":24,"minecraft:chest":1,"minecraft:dead_bush":38,"minecraft:cobblestone":18,"minecraft:sugar_cane":1,"minecraft:oak_planks":2,"minecraft:wall_torch":5,"minecraft:amethyst_block":4,"minecraft:chain":1,"minecraft:birch_log":18,"minecraft:grass":901,"minecraft:oak_log":385,"minecraft:sand":422,"minecraft:dirt":116,"minecraft:smooth_basalt":1,"minecraft:red_mushroom_block":3,"minecraft:oak_leaves":48,"minecraft:deepslate":41,"minecraft:mossy_cobblestone":2,"minecraft:deepslate_diamond_ore":10,"minecraft:dark_oak_log":16,"minecraft:glow_lichen":2,"minecraft:spruce_leaves":4,"minecraft:moss_block":14,"minecraft:large_fern":1,"minecraft:redstone_ore":5,"minecraft:furnace":2,"minecraft:andesite":29,"regions_unexplored:larch_leaves":8,"minecraft:deepslate_iron_ore":43,"minecraft:vine":9,"minecraft:stripped_oak_log":5,"minecraft:packed_ice":2,"minecraft:bamboo":3,"minecraft:stone":482,"minecraft:white_wool":1,"minecraft:dandelion":6,"minecraft:cornflower":3,"minecraft:rose_bush":2,"minecraft:tall_grass":76,"minecraft:copper_ore":2,"biomesoplenty:sprout":1,"minecraft:lapis_ore":8,"minecraft:deepslate_gold_ore":9,"minecraft:cracked_deepslate_bricks":3,"minecraft:diorite":24,"minecraft:purple_bed":1,"minecraft:sweet_berry_bush":12,"minecraft:gray_bed":2,"minecraft:spruce_log":130,"minecraft:yellow_bed":4,"minecraft:coal_ore":268,"minecraft:cocoa":7,"minecraft:polished_andesite":1,"minecraft:small_dripleaf":1,"minecraft:fern":15},"minecraft:picked_up":{"minecraft:wooden_axe":1,"minecraft:iron_chestplate":1,"minecraft:anvil":1,"minecraft:diamond_sword":1,"minecraft:lead":5,"aether:iron_gloves":2,"minecraft:knowledge_book":9,"minecraft:amethyst_block":2,"minecraft:string":17,"minecraft:iron_leggings":1,"minecraft:red_sand":1,"minecraft:gold_nugget":19,"minecraft:cobbled_deepslate":40,"minecraft:spruce_planks":4,"minecraft:rose_bush":1,"minecraft:azalea":1,"minecraft:iron_pickaxe":4,"minecraft:melon_slice":203,"minecraft:iron_boots":1,"minecraft:furnace":2,"minecraft:stick":69,"born_in_chaos_v1:shattered_skull":2,"minecraft:torch":8,"minecraft:porkchop":45,"minecraft:diorite":26,"born_in_chaos_v1:nightmare_claw":1,"minecraft:stone_sword":2,"minecraft:rotten_flesh":21,"minecraft:cobblestone":481,"minecraft:birch_log":15,"minecraft:feather":10,"minecraft:cooked_beef":22,"minecraft:jungle_log":16,"minecraft:andesite":28,"minecraft:brown_wool":1,"minecraft:lapis_lazuli":156,"minecraft:dirt":1334,"minecraft:bone":22,"minecraft:bow":1,"minecraft:wheat_seeds":143,"minecraft:raw_gold":9,"minecraft:bamboo":38,"minecraft:moss_block":12,"minecraft:oak_planks":31,"minecraft:cooked_porkchop":12,"minecraft:poisonous_potato":1,"minecraft:jungle_planks":27,"minecraft:sand":409,"minecraft:grass_block":1,"minecraft:dark_oak_log":16,"minecraft:mossy_cobblestone":2,"minecraft:polished_andesite":1,"minecraft:diamond":20,"minecraft:granite":7,"minecraft:emerald":23,"minecraft:bread":53,"born_in_chaos_v1:rotten_fish":1,"minecraft:oak_sapling":17,"minecraft:cocoa_beans":24,"minecraft:chicken":11,"minecraft:clay_ball":4,"minecraft:brown_mushroom":1,"minecraft:wooden_pickaxe":4,"minecraft:shield":2,"minecraft:cornflower":5,"minecraft:wooden_sword":1,"minecraft:iron_axe":2,"minecraft:iron_shovel":1,"minecraft:beef":45,"minecraft:poppy":1,"minecraft:light_gray_wool":1,"minecraft:sugar_cane":1,"minecraft:chest":1,"minecraft:birch_sapling":3,"minecraft:egg":2,"minecraft:raw_iron":121,"immersivecaves:immersive_caves_guide":1,"born_in_chaos_v1:pieceofdarkmetal":3,"minecraft:redstone":91,"minecraft:arrow":7,"minecraft:deepslate_bricks":4,"minecraft:cracked_deepslate_bricks":3,"minecraft:saddle":1,"minecraft:glow_berries":6,"minecraft:mutton":47,"minecraft:white_wool":26,"minecraft:oxeye_daisy":2,"minecraft:stripped_oak_log":5,"minecraft:leather":24,"minecraft:red_mushroom":2,"minecraft:filled_map":1,"minecraft:oak_log":379,"minecraft:yellow_bed":4,"minecraft:gunpowder":3,"minecraft:white_banner":1,"minecraft:cooked_mutton":6,"minecraft:apple":4,"minecraft:kelp":6,"minecraft:stone_pickaxe":5,"minecraft:iron_ingot":20,"minecraft:cooked_chicken":8,"minecraft:gray_bed":3,"minecraft:iron_sword":3,"minecraft:smooth_basalt":1,"minecraft:pumpkin":1,"minecraft:sweet_berries":29,"born_in_chaos_v1:ethereal_spirit":2,"minecraft:dandelion":7,"minecraft:amethyst_shard":48,"minecraft:spruce_sapling":1,"minecraft:spruce_log":198,"minecraft:spider_eye":3,"minecraft:purple_bed":1,"minecraft:slime_ball":2,"minecraft:stone_axe":1,"minecraft:iron_helmet":1,"minecraft:gray_wool":1,"minecraft:terracotta":4,"minecraft:black_wool":2,"minecraft:coal":265,"minecraft:ender_pearl":2},"minecraft:used":{"minecraft:moss_block":8,"minecraft:iron_shovel":2058,"minecraft:chest":6,"minecraft:iron_sword":559,"minecraft:sweet_berries":35,"minecraft:furnace":5,"minecraft:gray_bed":2,"minecraft:diorite":16,"minecraft:stone_pickaxe":291,"minecraft:oak_planks":1,"minecraft:ender_pearl":5,"minecraft:wooden_pickaxe":58,"minecraft:white_wool":9,"minecraft:golden_apple":3,"minecraft:melon_slice":157,"minecraft:bread":12,"minecraft:brown_wool":1,"minecraft:diamond_sword":83,"minecraft:wooden_sword":13,"minecraft:andesite":12,"minecraft:stone_sword":101,"minecraft:spruce_planks":64,"minecraft:cooked_chicken":4,"minecraft:torch":39,"minecraft:dirt":594,"minecraft:granite":7,"minecraft:wooden_axe":13,"minecraft:dark_oak_planks":64,"minecraft:iron_axe":376,"minecraft:smooth_basalt":1,"minecraft:cooked_beef":32,"minecraft:cobbled_deepslate":23,"minecraft:knowledge_book":196,"minecraft:cooked_mutton":23,"minecraft:lead":4,"minecraft:crafting_table":6,"minecraft:white_bed":1,"minecraft:oak_log":1,"minecraft:cornflower":2,"minecraft:iron_pickaxe":791,"minecraft:stone_axe":230,"minecraft:cobblestone":348,"minecraft:purple_bed":1,"minecraft:porkchop":1,"minecraft:cooked_porkchop":24,"minecraft:yellow_bed":4},"minecraft:killed":{"dungeonsweaponry:wraith":1,"born_in_chaos_v1:zombie_clown":1,"minecraft:cave_spider":2,"minecraft:witch":1,"minecraft:spider":14,"enemyexpansion:equestrian":1,"born_in_chaos_v1:baby_skeleton_minion":2,"born_in_chaos_v1:scarlet_persecutor":1,"minecraft:skeleton":17,"minecraft:chicken":12,"born_in_chaos_v1:bonescaller":1,"minecraft:pig":22,"irons_spellbooks:necromancer":1,"minecraft:creeper":4,"minecraft:sheep":30,"minecraft:pillager":6,"minecraft:zombie":29,"minecraft:stray":2,"minecraft:cow":23,"minecraft:vex":1,"enemyexpansion:direwolf":1,"blue_skies:gatekeeper":1,"born_in_chaos_v1:corpse_fish":2,"minecraft:drowned":2,"born_in_chaos_v1:bone_imp_minion":1,"born_in_chaos_v1:bonescaller_not_despawn":1,"born_in_chaos_v1:dark_vortex":1,"born_in_chaos_v1:nightmare_stalker":1,"minecraft:enderman":3},"minecraft:custom":{"minecraft:interact_with_crafting_table":42,"minecraft:open_barrel":2,"minecraft:leave_game":17,"minecraft:time_since_death":70822,"minecraft:damage_resisted":61,"minecraft:sprint_one_cm":1202846,"minecraft:drop":131,"minecraft:talked_to_villager":3,"minecraft:play_time":526784,"minecraft:deaths":7,"minecraft:jump":11412,"minecraft:walk_on_water_one_cm":97416,"minecraft:interact_with_furnace":67,"minecraft:interact_with_cartography_table":2,"minecraft:sleep_in_bed":21,"minecraft:damage_dealt":31882,"minecraft:player_kills":1,"minecraft:crouch_one_cm":57234,"minecraft:interact_with_smoker":2,"minecraft:horse_one_cm":944253,"minecraft:mob_kills":187,"minecraft:interact_with_anvil":1,"minecraft:interact_with_campfire":22,"minecraft:damage_dealt_resisted":554,"minecraft:climb_one_cm":11849,"minecraft:walk_one_cm":1594186,"minecraft:raid_win":1,"minecraft:sneak_time":16249,"minecraft:walk_under_water_one_cm":103358,"minecraft:boat_one_cm":370205,"minecraft:total_world_time":526784,"minecraft:interact_with_grindstone":1,"minecraft:interact_with_stonecutter":1,"minecraft:time_since_rest":7381,"minecraft:damage_taken":11430,"minecraft:damage_absorbed":118,"minecraft:swim_one_cm":44781,"minecraft:fly_one_cm":2296209,"minecraft:open_chest":184,"minecraft:fall_one_cm":350195},"minecraft:dropped":{"minecraft:iron_sword":3,"minecraft:moss_block":1,"minecraft:brown_mushroom":1,"minecraft:oak_log":3,"minecraft:ender_pearl":4,"minecraft:diamond":10,"minecraft:leather":10,"minecraft:jungle_planks":9,"minecraft:saddle":1,"born_in_chaos_v1:pieceofdarkmetal":3,"minecraft:red_mushroom":2,"minecraft:emerald":4,"minecraft:dirt":53,"minecraft:cornflower":2,"minecraft:sand":25,"minecraft:iron_pickaxe":1,"minecraft:white_wool":11,"minecraft:bone":8,"minecraft:iron_nugget":15,"minecraft:cooked_chicken":4,"minecraft:cobbled_deepslate":10,"born_in_chaos_v1:ethereal_spirit":1,"minecraft:rotten_flesh":8,"minecraft:oak_planks":104,"minecraft:poppy":1,"minecraft:gunpowder":5,"minecraft:azalea":1,"minecraft:chest":1,"minecraft:arrow":3,"minecraft:egg":2,"minecraft:wheat_seeds":27,"minecraft:cobblestone":34,"minecraft:feather":4,"minecraft:iron_helmet":1,"minecraft:lead":1,"minecraft:knowledge_book":5,"minecraft:apple":6,"minecraft:grass_block":1,"minecraft:stick":22,"minecraft:oxeye_daisy":2,"minecraft:torch":64,"minecraft:rose_bush":1,"minecraft:melon_slice":3,"minecraft:iron_leggings":1,"minecraft:pumpkin":1,"minecraft:white_banner":1,"minecraft:string":11,"minecraft:dandelion":4,"minecraft:anvil":1,"minecraft:stone_sword":1,"minecraft:raw_iron":2,"born_in_chaos_v1:rotten_fish":1,"minecraft:stripped_oak_log":3,"minecraft:spruce_planks":166,"minecraft:wooden_shovel":1,"minecraft:spider_eye":3,"minecraft:slime_ball":1,"minecraft:red_sand":1,"minecraft:stone_pickaxe":4,"minecraft:wooden_pickaxe":2,"minecraft:terracotta":3},"minecraft:broken":{"minecraft:iron_shovel":7,"minecraft:stone_pickaxe":2,"minecraft:stone_axe":1,"minecraft:stone_sword":1,"minecraft:iron_axe":1,"minecraft:iron_pickaxe":2}},"DataVersion":3465}