{"stats":{"minecraft:used":{"minecraft:stone_sword":108,"minecraft:chest":2,"minecraft:iron_sword":563,"minecraft:cooked_chicken":5,"minecraft:netherrack":82,"minecraft:iron_chestplate":1,"minecraft:torch":33,"minecraft:dirt":47,"minecraft:golden_chestplate":1,"minecraft:granite":1,"minecraft:obsidian":2,"minecraft:iron_helmet":1,"minecraft:iron_boots":1,"minecraft:basalt":27,"minecraft:bow":11,"minecraft:furnace":3,"minecraft:cooked_beef":10,"minecraft:potato":15,"minecraft:cobbled_deepslate":44,"minecraft:iron_leggings":2,"minecraft:cooked_mutton":17,"minecraft:stone_pickaxe":102,"minecraft:oak_planks":76,"minecraft:ender_pearl":2,"minecraft:wooden_pickaxe":59,"minecraft:redstone_block":1,"minecraft:polished_blackstone_bricks":2,"minecraft:tnt":2,"minecraft:crafting_table":5,"minecraft:diamond_pickaxe":381,"minecraft:apple":4,"minecraft:bread":62,"minecraft:iron_pickaxe":513,"minecraft:suspicious_stew":1,"minecraft:map":1,"minecraft:golden_helmet":1,"minecraft:cobblestone":79,"minecraft:cooked_porkchop":8},"minecraft:picked_up":{"minecraft:iron_chestplate":4,"minecraft:wheat":8,"minecraft:redstone_block":4,"minecraft:chicken":24,"minecraft:ladder":2,"minecraft:gold_block":1,"minecraft:string":19,"minecraft:raw_copper":3,"minecraft:iron_leggings":2,"minecraft:blackstone":4,"minecraft:cobbled_deepslate":66,"minecraft:spruce_planks":1,"minecraft:beef":34,"minecraft:iron_nugget":8,"minecraft:iron_pickaxe":4,"minecraft:light_gray_wool":3,"minecraft:sugar_cane":9,"minecraft:iron_boots":2,"minecraft:egg":6,"minecraft:golden_helmet":2,"minecraft:stick":22,"minecraft:raw_iron":248,"minecraft:torch":13,"minecraft:porkchop":48,"minecraft:polished_blackstone_bricks":3,"minecraft:diorite":19,"minecraft:redstone":32,"minecraft:golden_chestplate":2,"minecraft:iron_horse_armor":1,"minecraft:tnt":2,"minecraft:arrow":30,"minecraft:rotten_flesh":30,"minecraft:golden_hoe":1,"minecraft:obsidian":2,"minecraft:mutton":43,"minecraft:white_wool":20,"minecraft:cobblestone":187,"minecraft:magma_block":1,"minecraft:cooked_beef":8,"minecraft:feather":26,"minecraft:basalt":40,"minecraft:magma_cream":2,"minecraft:andesite":12,"minecraft:leather":8,"minecraft:golden_leggings":1,"minecraft:filled_map":1,"minecraft:tuff":32,"minecraft:oak_log":19,"minecraft:yellow_bed":1,"minecraft:gunpowder":5,"minecraft:lapis_lazuli":13,"minecraft:paper":20,"minecraft:dirt":57,"minecraft:name_tag":1,"minecraft:leather_boots":1,"minecraft:cooked_mutton":14,"minecraft:coast_armor_trim_smithing_template":4,"minecraft:bone":30,"minecraft:bow":4,"minecraft:wheat_seeds":14,"minecraft:raw_gold":47,"minecraft:stone_pickaxe":3,"minecraft:iron_ingot":48,"minecraft:cooked_chicken":15,"minecraft:glowstone_dust":1,"minecraft:iron_sword":6,"minecraft:oak_planks":53,"minecraft:cooked_porkchop":12,"minecraft:pumpkin":8,"minecraft:dandelion":1,"minecraft:gravel":3,"minecraft:amethyst_shard":16,"minecraft:spectral_arrow":4,"minecraft:spider_eye":4,"minecraft:diamond":21,"minecraft:stone_axe":1,"minecraft:cracked_polished_blackstone_bricks":1,"minecraft:iron_helmet":3,"minecraft:granite":6,"minecraft:gray_wool":1,"minecraft:emerald":3,"minecraft:bread":88,"minecraft:oak_sapling":3,"minecraft:black_wool":3,"minecraft:netherrack":249,"minecraft:coal":141,"minecraft:diamond_pickaxe":3,"minecraft:ender_pearl":3},"minecraft:killed_by":{"minecraft:enderman":1,"minecraft:piglin":1},"minecraft:broken":{"minecraft:wooden_pickaxe":1,"minecraft:iron_sword":2,"minecraft:iron_pickaxe":1},"minecraft:killed":{"minecraft:cave_spider":2,"minecraft:zombified_piglin":2,"minecraft:witch":1,"minecraft:spider":12,"minecraft:skeleton":29,"minecraft:chicken":24,"minecraft:magma_cube":3,"minecraft:piglin":7,"minecraft:pig":17,"minecraft:zombie_villager":1,"minecraft:creeper":3,"minecraft:sheep":27,"minecraft:zombie":31,"minecraft:cow":11,"minecraft:enderman":2},"minecraft:mined":{"minecraft:tuff":1,"minecraft:deepslate_diamond_ore":10,"minecraft:obsidian":2,"minecraft:granite":8,"minecraft:grass_block":16,"minecraft:cracked_polished_blackstone_bricks":1,"minecraft:spawner":3,"minecraft:polished_blackstone_bricks":2,"minecraft:magma_block":1,"minecraft:redstone_ore":5,"minecraft:iron_ore":113,"minecraft:fire":20,"minecraft:andesite":6,"minecraft:gold_block":1,"minecraft:deepslate_iron_ore":87,"minecraft:small_amethyst_bud":1,"minecraft:stone":124,"minecraft:deepslate_redstone_ore":3,"minecraft:redstone_block":4,"minecraft:blackstone":3,"minecraft:basalt":71,"minecraft:amethyst_cluster":2,"minecraft:torch":2,"minecraft:copper_ore":1,"minecraft:cobblestone":1,"minecraft:tall_grass":20,"minecraft:deepslate_coal_ore":12,"minecraft:deepslate_gold_ore":38,"minecraft:diorite":13,"minecraft:wall_torch":3,"minecraft:amethyst_block":1,"minecraft:yellow_bed":1,"minecraft:tnt":2,"minecraft:grass":33,"minecraft:oak_log":19,"minecraft:coal_ore":134,"minecraft:gravel":1,"minecraft:dirt":3,"minecraft:cobweb":12,"minecraft:netherrack":280,"minecraft:gold_ore":9,"minecraft:deepslate":52},"minecraft:crafted":{"minecraft:oak_planks":120,"minecraft:cooked_chicken":33,"minecraft:furnace":3,"minecraft:cooked_mutton":30,"minecraft:iron_boots":1,"minecraft:stone_pickaxe":2,"minecraft:chest":2,"minecraft:cooked_beef":23,"minecraft:cooked_porkchop":19,"minecraft:crafting_table":5,"minecraft:iron_helmet":2,"minecraft:wooden_pickaxe":1,"minecraft:iron_sword":4,"minecraft:stone_axe":1,"minecraft:air":0,"minecraft:iron_chestplate":2,"minecraft:diamond_pickaxe":2,"minecraft:stick":92,"minecraft:iron_pickaxe":6,"minecraft:iron_ingot":130,"minecraft:stone_sword":1,"minecraft:iron_leggings":3,"minecraft:torch":64},"minecraft:dropped":{"minecraft:bread":1,"minecraft:acacia_boat":1,"minecraft:moss_block":3,"minecraft:wheat_seeds":6,"minecraft:lapis_lazuli":5,"minecraft:tnt":2,"minecraft:diamond":8,"minecraft:poisonous_potato":4,"minecraft:feather":10,"minecraft:cobblestone":5,"minecraft:leather":6,"minecraft:granite":4,"minecraft:stick":16,"minecraft:dirt":4,"minecraft:gray_wool":1,"minecraft:diorite":8,"minecraft:torch":32,"minecraft:iron_leggings":1,"minecraft:gold_nugget":2,"minecraft:iron_pickaxe":2,"minecraft:string":2,"minecraft:white_wool":11,"minecraft:redstone_block":1,"minecraft:dandelion":1,"minecraft:bone":1,"minecraft:gravel":2,"minecraft:iron_nugget":21,"minecraft:raw_copper":3,"minecraft:cobbled_deepslate":7,"minecraft:bowl":1,"minecraft:rotten_flesh":4,"minecraft:light_gray_wool":1,"minecraft:oak_planks":21,"minecraft:filled_map":1,"minecraft:potato":1,"minecraft:diamond_pickaxe":1,"minecraft:andesite":3,"minecraft:ladder":2,"minecraft:oak_sapling":3,"minecraft:spider_eye":1,"minecraft:bow":1,"minecraft:arrow":5,"minecraft:stone_pickaxe":2,"minecraft:magma_cream":2,"minecraft:black_wool":1,"minecraft:egg":5},"minecraft:custom":{"minecraft:mob_kills":182,"minecraft:interact_with_crafting_table":40,"minecraft:leave_game":1,"minecraft:time_since_death":36007,"minecraft:sprint_one_cm":471954,"minecraft:walk_one_cm":592882,"minecraft:drop":91,"minecraft:talked_to_villager":4,"minecraft:play_time":177097,"minecraft:deaths":6,"minecraft:sneak_time":11334,"minecraft:walk_under_water_one_cm":45079,"minecraft:boat_one_cm":21779,"minecraft:jump":4763,"minecraft:walk_on_water_one_cm":68982,"minecraft:total_world_time":177097,"minecraft:interact_with_furnace":100,"minecraft:interact_with_stonecutter":1,"minecraft:sleep_in_bed":6,"minecraft:time_since_rest":36048,"minecraft:damage_taken":7063,"minecraft:damage_dealt":25858,"minecraft:swim_one_cm":3340,"minecraft:fly_one_cm":928346,"minecraft:player_kills":1,"minecraft:open_chest":101,"minecraft:crouch_one_cm":34117,"minecraft:fall_one_cm":160458}},"DataVersion":3465}