{"stats":{"minecraft:custom":{"minecraft:interact_with_furnace":4,"minecraft:mob_kills":24,"minecraft:interact_with_crafting_table":6,"minecraft:tune_noteblock":1,"minecraft:open_barrel":4,"minecraft:interact_with_stonecutter":1,"minecraft:leave_game":1,"minecraft:time_since_death":4592,"minecraft:climb_one_cm":216560,"minecraft:time_since_rest":4614,"minecraft:sprint_one_cm":101879,"minecraft:damage_taken":2798,"minecraft:walk_one_cm":176832,"minecraft:drop":35,"minecraft:damage_dealt":5550,"minecraft:play_noteblock":1,"minecraft:swim_one_cm":2247,"minecraft:fly_one_cm":161112,"minecraft:open_chest":12,"minecraft:crouch_one_cm":12788,"minecraft:play_time":50234,"minecraft:deaths":6,"minecraft:sneak_time":4450,"minecraft:walk_under_water_one_cm":33878,"minecraft:jump":810,"minecraft:walk_on_water_one_cm":3987,"minecraft:total_world_time":50234,"minecraft:fall_one_cm":37876},"minecraft:picked_up":{"minecraft:wooden_axe":4,"regions_unexplored:peat_dirt":3,"minecraft:crafting_table":3,"minecraft:repeater":24,"minecraft:tripwire_hook":8,"minecraft:redstone_lamp":36,"minecraft:wooden_pickaxe":2,"minecraft:potato":5,"minecraft:knowledge_book":13,"minecraft:oak_log":27,"minecraft:gunpowder":14,"minecraft:string":3,"minecraft:wooden_sword":2,"minecraft:bone":63,"minecraft:apple":4,"minecraft:sea_pickle":4,"minecraft:wheat_seeds":3,"regions_unexplored:pine_log":110,"minecraft:bucket":4,"minecraft:iron_ingot":57,"minecraft:smooth_quartz":2,"minecraft:chest":4,"minecraft:oak_planks":215,"minecraft:furnace":7,"minecraft:stick":40,"immersivecaves:immersive_caves_guide":2,"minecraft:cooked_porkchop":1,"regions_unexplored:pine_sapling":8,"minecraft:torch":40,"minecraft:quartz":22,"minecraft:note_block":3,"minecraft:porkchop":14,"minecraft:spruce_log":2,"minecraft:carrot":1,"minecraft:iron_horse_armor":3,"minecraft:barrel":5,"biomesoplenty:flowering_oak_sapling":12,"quark:ancient_tome":5,"minecraft:arrow":52,"minecraft:rotten_flesh":1,"regions_unexplored:peat_coarse_dirt":1,"regions_unexplored:maple_log":9,"dungeonsweaponry:glaive":3,"minecraft:gold_ingot":14,"minecraft:bread":4,"minecraft:oak_sapling":56,"minecraft:skeleton_skull":3,"minecraft:coal":24},"minecraft:killed":{"minecraft:pig":2,"minecraft:spider":1,"minecraft:skeleton":10,"enemyexpansion:meature":2,"minecraft:zombie":4},"minecraft:used":{"minecraft:knowledge_book":116,"dungeonsweaponry:glaive":75,"minecraft:oak_planks":14,"minecraft:wooden_pickaxe":24,"minecraft:rotten_flesh":9,"minecraft:crafting_table":3,"minecraft:carrot":1,"minecraft:oak_log":1,"minecraft:wooden_axe":64,"minecraft:apple":5,"minecraft:bread":4,"minecraft:wooden_sword":90,"minecraft:cooked_porkchop":2,"minecraft:furnace":1,"minecraft:porkchop":5,"minecraft:potato":6},"minecraft:crafted":{"minecraft:wooden_sword":2,"minecraft:oak_planks":80,"minecraft:cooked_porkchop":3,"minecraft:crafting_table":2,"minecraft:wooden_pickaxe":2,"minecraft:iron_sword":2,"minecraft:air":0,"minecraft:stick":12,"dungeonsweaponry:glaive":1,"minecraft:wooden_axe":3,"minecraft:torch":20},"minecraft:dropped":{"minecraft:iron_sword":1,"minecraft:wheat_seeds":3,"immersivecaves:immersive_caves_guide":1,"minecraft:oak_log":6,"minecraft:knowledge_book":5,"minecraft:oak_planks":30,"regions_unexplored:pine_sapling":8,"minecraft:potato":2,"regions_unexplored:peat_dirt":3,"minecraft:sea_pickle":2,"minecraft:gunpowder":14,"minecraft:wooden_axe":1,"minecraft:smooth_quartz":1,"biomesoplenty:flowering_oak_sapling":3,"minecraft:oak_sapling":12,"minecraft:barrel":1,"minecraft:wooden_sword":2,"minecraft:spruce_log":2,"minecraft:tripwire_hook":4,"minecraft:bucket":1,"quark:ancient_tome":1},"minecraft:mined":{"regions_unexplored:maple_log":13,"minecraft:crafting_table":1,"minecraft:note_block":1,"minecraft:tall_grass":1,"biomesoplenty:sprout":1,"minecraft:oak_planks":3,"regions_unexplored:pine_log":59,"minecraft:spawner":4,"minecraft:furnace":3,"minecraft:spruce_log":2,"minecraft:grass":7,"biomesoplenty:clover":2,"minecraft:coal_ore":10,"minecraft:oak_log":21,"regions_unexplored:peat_dirt":3,"minecraft:smooth_quartz":1,"minecraft:stone":1,"minecraft:tripwire_hook":2,"regions_unexplored:peat_coarse_dirt":1,"minecraft:tripwire":3,"minecraft:fern":2},"minecraft:broken":{"minecraft:wooden_sword":1,"minecraft:wooden_axe":2}},"DataVersion":3465}