{"stats":{"minecraft:dropped":{"minecraft:moss_block":3,"minecraft:wheat_seeds":2,"minecraft:lapis_lazuli":5,"minecraft:iron_nugget":21,"minecraft:cobbled_deepslate":2,"minecraft:tnt":2,"minecraft:diamond":8,"minecraft:bowl":1,"minecraft:poisonous_potato":4,"minecraft:feather":8,"minecraft:light_gray_wool":1,"minecraft:oak_planks":21,"minecraft:leather":4,"minecraft:granite":3,"minecraft:stick":14,"minecraft:filled_map":1,"minecraft:dirt":4,"minecraft:potato":1,"minecraft:gray_wool":1,"minecraft:torch":32,"minecraft:diorite":7,"minecraft:oak_sapling":3,"minecraft:ladder":2,"minecraft:gold_nugget":2,"minecraft:arrow":3,"minecraft:stone_pickaxe":2,"minecraft:iron_pickaxe":2,"minecraft:string":2,"minecraft:white_wool":11,"minecraft:bone":1,"minecraft:egg":1},"minecraft:picked_up":{"minecraft:feather":8,"minecraft:chicken":6,"minecraft:ladder":2,"minecraft:leather":4,"minecraft:filled_map":1,"minecraft:tuff":32,"minecraft:oak_log":17,"minecraft:gunpowder":2,"minecraft:lapis_lazuli":10,"minecraft:string":6,"minecraft:dirt":8,"minecraft:paper":20,"minecraft:leather_boots":1,"minecraft:cooked_mutton":14,"minecraft:coast_armor_trim_smithing_template":4,"minecraft:bone":17,"minecraft:bow":2,"minecraft:wheat_seeds":2,"minecraft:cobbled_deepslate":50,"minecraft:raw_gold":24,"minecraft:iron_ingot":4,"minecraft:stone_pickaxe":3,"minecraft:beef":22,"minecraft:cooked_chicken":1,"minecraft:iron_pickaxe":1,"minecraft:light_gray_wool":1,"minecraft:oak_planks":19,"minecraft:iron_sword":3,"minecraft:egg":1,"minecraft:stick":12,"minecraft:raw_iron":173,"minecraft:pumpkin":8,"minecraft:torch":1,"minecraft:porkchop":24,"minecraft:amethyst_shard":16,"minecraft:diorite":14,"minecraft:redstone":32,"minecraft:spider_eye":1,"minecraft:tnt":2,"minecraft:arrow":11,"minecraft:rotten_flesh":10,"minecraft:diamond":17,"minecraft:stone_axe":1,"minecraft:granite":4,"minecraft:gray_wool":1,"minecraft:emerald":3,"minecraft:bread":85,"minecraft:oak_sapling":3,"minecraft:mutton":21,"minecraft:coal":56,"minecraft:cobblestone":159,"minecraft:white_wool":11,"minecraft:ender_pearl":1},"minecraft:broken":{"minecraft:wooden_pickaxe":1},"minecraft:mined":{"minecraft:deepslate_redstone_ore":3,"minecraft:tuff":1,"minecraft:deepslate_diamond_ore":9,"minecraft:amethyst_cluster":2,"minecraft:granite":6,"minecraft:grass_block":3,"minecraft:tall_grass":9,"minecraft:deepslate_coal_ore":11,"minecraft:deepslate_gold_ore":22,"minecraft:diorite":8,"minecraft:amethyst_block":1,"minecraft:redstone_ore":5,"minecraft:iron_ore":70,"minecraft:fire":20,"minecraft:tnt":2,"minecraft:grass":6,"minecraft:oak_log":17,"minecraft:coal_ore":45,"minecraft:deepslate_iron_ore":52,"minecraft:small_amethyst_bud":1,"minecraft:dirt":1,"minecraft:stone":100,"minecraft:gold_ore":2,"minecraft:deepslate":38},"minecraft:used":{"minecraft:cooked_mutton":11,"minecraft:stone_sword":108,"minecraft:stone_pickaxe":102,"minecraft:oak_planks":8,"minecraft:wooden_pickaxe":59,"minecraft:iron_sword":125,"minecraft:cooked_chicken":1,"minecraft:torch":1,"minecraft:tnt":2,"minecraft:crafting_table":3,"minecraft:granite":1,"minecraft:apple":4,"minecraft:iron_pickaxe":220,"minecraft:map":1,"minecraft:bread":24,"minecraft:suspicious_stew":1,"minecraft:cobblestone":64,"minecraft:furnace":2,"minecraft:cobbled_deepslate":34,"minecraft:potato":15},"minecraft:crafted":{"minecraft:oak_planks":68,"minecraft:cooked_porkchop":12,"minecraft:crafting_table":3,"minecraft:cooked_chicken":5,"minecraft:wooden_pickaxe":1,"minecraft:iron_sword":1,"minecraft:furnace":2,"minecraft:stone_axe":1,"minecraft:cooked_mutton":21,"minecraft:air":0,"minecraft:stick":48,"minecraft:iron_pickaxe":4,"minecraft:iron_ingot":13,"minecraft:stone_pickaxe":2,"minecraft:stone_sword":1,"minecraft:torch":64},"minecraft:killed":{"minecraft:pig":4,"minecraft:zombie_villager":1,"minecraft:spider":6,"minecraft:creeper":1,"minecraft:sheep":13,"minecraft:skeleton":13,"minecraft:zombie":8,"minecraft:chicken":3,"minecraft:enderman":1,"minecraft:cow":5},"minecraft:killed_by":{"minecraft:enderman":1},"minecraft:custom":{"minecraft:interact_with_furnace":21,"minecraft:mob_kills":58,"minecraft:interact_with_crafting_table":13,"minecraft:interact_with_stonecutter":1,"minecraft:time_since_death":28132,"minecraft:sleep_in_bed":5,"minecraft:time_since_rest":28158,"minecraft:sprint_one_cm":206483,"minecraft:walk_one_cm":250439,"minecraft:damage_taken":2109,"minecraft:drop":43,"minecraft:damage_dealt":8617,"minecraft:talked_to_villager":1,"minecraft:fly_one_cm":409009,"minecraft:player_kills":1,"minecraft:open_chest":35,"minecraft:crouch_one_cm":9224,"minecraft:play_time":75123,"minecraft:deaths":1,"minecraft:sneak_time":3953,"minecraft:walk_under_water_one_cm":24247,"minecraft:jump":2119,"minecraft:walk_on_water_one_cm":27331,"minecraft:total_world_time":75123,"minecraft:fall_one_cm":70571}},"DataVersion":3465}