{"stats":{"minecraft:dropped":{"minecraft:moss_block":3,"minecraft:wheat_seeds":2,"minecraft:iron_nugget":21,"minecraft:tnt":2,"minecraft:bowl":1,"minecraft:poisonous_potato":4,"minecraft:feather":4,"minecraft:light_gray_wool":1,"minecraft:leather":4,"minecraft:filled_map":1,"minecraft:dirt":4,"minecraft:potato":1,"minecraft:gray_wool":1,"minecraft:oak_sapling":3,"minecraft:ladder":2,"minecraft:gold_nugget":2,"minecraft:stone_pickaxe":1,"minecraft:white_wool":11,"minecraft:egg":1},"minecraft:picked_up":{"minecraft:feather":6,"minecraft:chicken":3,"minecraft:ladder":2,"minecraft:leather":4,"minecraft:filled_map":1,"minecraft:oak_log":17,"minecraft:string":2,"minecraft:dirt":4,"minecraft:bone":1,"minecraft:wheat_seeds":2,"minecraft:stone_pickaxe":1,"minecraft:beef":11,"minecraft:cooked_chicken":1,"minecraft:light_gray_wool":1,"minecraft:egg":1,"minecraft:raw_iron":5,"minecraft:porkchop":10,"minecraft:diorite":7,"minecraft:tnt":2,"minecraft:arrow":3,"minecraft:granite":1,"minecraft:gray_wool":1,"minecraft:oak_sapling":3,"minecraft:mutton":21,"minecraft:coal":25,"minecraft:cobblestone":68,"minecraft:white_wool":11},"minecraft:broken":{"minecraft:wooden_pickaxe":1},"minecraft:mined":{"minecraft:granite":1,"minecraft:grass_block":3,"minecraft:tall_grass":9,"minecraft:diorite":7,"minecraft:iron_ore":5,"minecraft:fire":19,"minecraft:tnt":2,"minecraft:grass":6,"minecraft:oak_log":17,"minecraft:coal_ore":25,"minecraft:dirt":1,"minecraft:stone":68},"minecraft:used":{"minecraft:stone_sword":93,"minecraft:stone_pickaxe":48,"minecraft:oak_planks":6,"minecraft:wooden_pickaxe":59,"minecraft:cooked_chicken":1,"minecraft:tnt":2,"minecraft:crafting_table":2,"minecraft:granite":1,"minecraft:apple":4,"minecraft:map":1,"minecraft:bread":5,"minecraft:suspicious_stew":1,"minecraft:cobblestone":2,"minecraft:furnace":1,"minecraft:potato":15},"minecraft:crafted":{"minecraft:oak_planks":68,"minecraft:crafting_table":2,"minecraft:wooden_pickaxe":1,"minecraft:furnace":1,"minecraft:stone_axe":1,"minecraft:cooked_mutton":21,"minecraft:air":0,"minecraft:stick":12,"minecraft:stone_pickaxe":2,"minecraft:stone_sword":1},"minecraft:killed":{"minecraft:pig":4,"minecraft:spider":1,"minecraft:sheep":13,"minecraft:skeleton":2,"minecraft:chicken":3,"minecraft:cow":5},"minecraft:custom":{"minecraft:interact_with_furnace":3,"minecraft:mob_kills":31,"minecraft:interact_with_crafting_table":5,"minecraft:interact_with_stonecutter":1,"minecraft:time_since_death":33123,"minecraft:sleep_in_bed":5,"minecraft:time_since_rest":1383,"minecraft:sprint_one_cm":95354,"minecraft:walk_one_cm":98838,"minecraft:damage_taken":306,"minecraft:drop":24,"minecraft:damage_dealt":2864,"minecraft:talked_to_villager":1,"minecraft:fly_one_cm":225177,"minecraft:player_kills":1,"minecraft:open_chest":24,"minecraft:crouch_one_cm":1125,"minecraft:play_time":33123,"minecraft:sneak_time":1278,"minecraft:walk_under_water_one_cm":12442,"minecraft:jump":935,"minecraft:walk_on_water_one_cm":16483,"minecraft:total_world_time":33123,"minecraft:fall_one_cm":31190}},"DataVersion":3465}