{"stats":{"minecraft:dropped":{"minecraft:moss_block":3,"minecraft:wheat_seeds":2,"minecraft:lapis_lazuli":5,"minecraft:iron_nugget":21,"minecraft:cobbled_deepslate":2,"minecraft:tnt":2,"minecraft:bowl":1,"minecraft:poisonous_potato":4,"minecraft:feather":8,"minecraft:light_gray_wool":1,"minecraft:oak_planks":20,"minecraft:leather":4,"minecraft:granite":3,"minecraft:stick":6,"minecraft:filled_map":1,"minecraft:dirt":4,"minecraft:potato":1,"minecraft:gray_wool":1,"minecraft:diorite":7,"minecraft:oak_sapling":3,"minecraft:ladder":2,"minecraft:gold_nugget":2,"minecraft:arrow":3,"minecraft:stone_pickaxe":2,"minecraft:string":2,"minecraft:white_wool":11,"minecraft:bone":1,"minecraft:egg":1},"minecraft:picked_up":{"minecraft:feather":8,"minecraft:chicken":6,"minecraft:ladder":2,"minecraft:leather":4,"minecraft:filled_map":1,"minecraft:tuff":30,"minecraft:oak_log":17,"minecraft:gunpowder":2,"minecraft:lapis_lazuli":10,"minecraft:string":6,"minecraft:dirt":8,"minecraft:paper":20,"minecraft:leather_boots":1,"minecraft:cooked_mutton":14,"minecraft:coast_armor_trim_smithing_template":4,"minecraft:bone":13,"minecraft:bow":2,"minecraft:wheat_seeds":2,"minecraft:cobbled_deepslate":3,"minecraft:iron_ingot":4,"minecraft:stone_pickaxe":3,"minecraft:beef":22,"minecraft:cooked_chicken":1,"minecraft:iron_pickaxe":1,"minecraft:light_gray_wool":1,"minecraft:oak_planks":19,"minecraft:iron_sword":3,"minecraft:egg":1,"minecraft:stick":12,"minecraft:raw_iron":141,"minecraft:pumpkin":8,"minecraft:porkchop":24,"minecraft:amethyst_shard":16,"minecraft:diorite":13,"minecraft:tnt":2,"minecraft:arrow":7,"minecraft:rotten_flesh":8,"minecraft:stone_axe":1,"minecraft:granite":4,"minecraft:gray_wool":1,"minecraft:emerald":3,"minecraft:bread":85,"minecraft:oak_sapling":3,"minecraft:mutton":21,"minecraft:coal":49,"minecraft:cobblestone":141,"minecraft:white_wool":11,"minecraft:ender_pearl":1},"minecraft:broken":{"minecraft:wooden_pickaxe":1},"minecraft:mined":{"minecraft:amethyst_cluster":2,"minecraft:granite":6,"minecraft:grass_block":3,"minecraft:tall_grass":9,"minecraft:deepslate_coal_ore":7,"minecraft:diorite":7,"minecraft:amethyst_block":1,"minecraft:iron_ore":62,"minecraft:fire":19,"minecraft:tnt":2,"minecraft:grass":6,"minecraft:oak_log":17,"minecraft:coal_ore":42,"minecraft:deepslate_iron_ore":27,"minecraft:small_amethyst_bud":1,"minecraft:dirt":1,"minecraft:stone":81,"minecraft:deepslate":3},"minecraft:used":{"minecraft:cooked_mutton":9,"minecraft:stone_sword":108,"minecraft:stone_pickaxe":102,"minecraft:oak_planks":6,"minecraft:wooden_pickaxe":59,"minecraft:iron_sword":74,"minecraft:cooked_chicken":1,"minecraft:tnt":2,"minecraft:crafting_table":2,"minecraft:granite":1,"minecraft:apple":4,"minecraft:iron_pickaxe":81,"minecraft:map":1,"minecraft:bread":7,"minecraft:suspicious_stew":1,"minecraft:cobblestone":2,"minecraft:furnace":1,"minecraft:potato":15},"minecraft:crafted":{"minecraft:oak_planks":68,"minecraft:crafting_table":2,"minecraft:wooden_pickaxe":1,"minecraft:iron_sword":1,"minecraft:furnace":1,"minecraft:stone_axe":1,"minecraft:cooked_mutton":21,"minecraft:air":0,"minecraft:stick":24,"minecraft:iron_pickaxe":1,"minecraft:iron_ingot":7,"minecraft:stone_pickaxe":2,"minecraft:stone_sword":1},"minecraft:killed":{"minecraft:pig":4,"minecraft:zombie_villager":1,"minecraft:spider":4,"minecraft:creeper":1,"minecraft:sheep":13,"minecraft:skeleton":9,"minecraft:zombie":6,"minecraft:chicken":3,"minecraft:enderman":1,"minecraft:cow":5},"minecraft:killed_by":{"minecraft:enderman":1},"minecraft:custom":{"minecraft:interact_with_furnace":11,"minecraft:mob_kills":50,"minecraft:interact_with_crafting_table":8,"minecraft:interact_with_stonecutter":1,"minecraft:time_since_death":4132,"minecraft:sleep_in_bed":5,"minecraft:time_since_rest":4158,"minecraft:sprint_one_cm":141364,"minecraft:walk_one_cm":160169,"minecraft:damage_taken":1262,"minecraft:drop":37,"minecraft:damage_dealt":6613,"minecraft:talked_to_villager":1,"minecraft:fly_one_cm":313062,"minecraft:player_kills":1,"minecraft:open_chest":28,"minecraft:crouch_one_cm":2511,"minecraft:play_time":51123,"minecraft:deaths":1,"minecraft:sneak_time":2167,"minecraft:walk_under_water_one_cm":13601,"minecraft:jump":1385,"minecraft:walk_on_water_one_cm":18874,"minecraft:total_world_time":51123,"minecraft:fall_one_cm":46400}},"DataVersion":3465}