{"stats":{"minecraft:dropped":{"minecraft:moss_block":3,"minecraft:wheat_seeds":2,"minecraft:lapis_lazuli":5,"minecraft:iron_nugget":21,"minecraft:tnt":2,"minecraft:bowl":1,"minecraft:poisonous_potato":4,"minecraft:feather":8,"minecraft:light_gray_wool":1,"minecraft:leather":4,"minecraft:stick":6,"minecraft:filled_map":1,"minecraft:dirt":4,"minecraft:potato":1,"minecraft:gray_wool":1,"minecraft:diorite":7,"minecraft:oak_sapling":3,"minecraft:ladder":2,"minecraft:gold_nugget":2,"minecraft:arrow":3,"minecraft:stone_pickaxe":1,"minecraft:string":2,"minecraft:white_wool":11,"minecraft:bone":1,"minecraft:egg":1},"minecraft:picked_up":{"minecraft:feather":8,"minecraft:chicken":3,"minecraft:ladder":2,"minecraft:leather":4,"minecraft:filled_map":1,"minecraft:oak_log":17,"minecraft:lapis_lazuli":5,"minecraft:string":2,"minecraft:dirt":4,"minecraft:bone":1,"minecraft:bow":1,"minecraft:wheat_seeds":2,"minecraft:cobbled_deepslate":2,"minecraft:stone_pickaxe":1,"minecraft:beef":11,"minecraft:cooked_chicken":1,"minecraft:light_gray_wool":1,"minecraft:egg":1,"minecraft:stick":3,"minecraft:raw_iron":31,"minecraft:porkchop":10,"minecraft:diorite":7,"minecraft:tnt":2,"minecraft:arrow":3,"minecraft:rotten_flesh":2,"minecraft:granite":4,"minecraft:gray_wool":1,"minecraft:bread":41,"minecraft:oak_sapling":3,"minecraft:mutton":21,"minecraft:coal":25,"minecraft:cobblestone":70,"minecraft:white_wool":11},"minecraft:broken":{"minecraft:wooden_pickaxe":1},"minecraft:mined":{"minecraft:granite":6,"minecraft:grass_block":3,"minecraft:tall_grass":9,"minecraft:diorite":7,"minecraft:iron_ore":5,"minecraft:fire":19,"minecraft:tnt":2,"minecraft:grass":6,"minecraft:oak_log":17,"minecraft:coal_ore":25,"minecraft:deepslate_iron_ore":27,"minecraft:dirt":1,"minecraft:stone":70,"minecraft:deepslate":2},"minecraft:used":{"minecraft:cooked_mutton":1,"minecraft:stone_sword":108,"minecraft:stone_pickaxe":85,"minecraft:oak_planks":6,"minecraft:wooden_pickaxe":59,"minecraft:cooked_chicken":1,"minecraft:tnt":2,"minecraft:crafting_table":2,"minecraft:granite":1,"minecraft:apple":4,"minecraft:map":1,"minecraft:bread":6,"minecraft:suspicious_stew":1,"minecraft:cobblestone":2,"minecraft:furnace":1,"minecraft:potato":15},"minecraft:crafted":{"minecraft:oak_planks":68,"minecraft:crafting_table":2,"minecraft:wooden_pickaxe":1,"minecraft:furnace":1,"minecraft:stone_axe":1,"minecraft:cooked_mutton":21,"minecraft:air":0,"minecraft:stick":12,"minecraft:stone_pickaxe":2,"minecraft:stone_sword":1},"minecraft:killed":{"minecraft:pig":4,"minecraft:spider":1,"minecraft:sheep":13,"minecraft:skeleton":3,"minecraft:zombie":1,"minecraft:chicken":3,"minecraft:cow":5},"minecraft:custom":{"minecraft:interact_with_furnace":7,"minecraft:mob_kills":33,"minecraft:interact_with_crafting_table":6,"minecraft:interact_with_stonecutter":1,"minecraft:time_since_death":39123,"minecraft:sleep_in_bed":5,"minecraft:time_since_rest":7383,"minecraft:sprint_one_cm":114248,"minecraft:walk_one_cm":113387,"minecraft:damage_taken":385,"minecraft:drop":33,"minecraft:damage_dealt":3463,"minecraft:talked_to_villager":1,"minecraft:fly_one_cm":257029,"minecraft:player_kills":1,"minecraft:open_chest":25,"minecraft:crouch_one_cm":2389,"minecraft:play_time":39123,"minecraft:sneak_time":1990,"minecraft:walk_under_water_one_cm":12552,"minecraft:jump":1092,"minecraft:walk_on_water_one_cm":17652,"minecraft:total_world_time":39123,"minecraft:fall_one_cm":35625}},"DataVersion":3465}