{"stats":{"minecraft:killed":{"minecraft:witch":1,"minecraft:spider":7,"minecraft:skeleton":13,"minecraft:chicken":9,"minecraft:drowned":2,"minecraft:pig":14,"minecraft:creeper":4,"minecraft:sheep":11,"minecraft:zombie":28,"minecraft:enderman":3,"minecraft:cow":20},"minecraft:dropped":{"minecraft:moss_block":1,"minecraft:brown_mushroom":1,"minecraft:wheat_seeds":27,"minecraft:oak_log":3,"minecraft:ender_pearl":4,"minecraft:diamond":10,"minecraft:lead":1,"minecraft:feather":4,"minecraft:iron_helmet":1,"minecraft:cobblestone":34,"minecraft:leather":10,"minecraft:apple":6,"minecraft:jungle_planks":9,"minecraft:saddle":1,"minecraft:grass_block":1,"minecraft:red_mushroom":2,"minecraft:stick":22,"minecraft:oxeye_daisy":2,"minecraft:dirt":53,"minecraft:melon_slice":3,"minecraft:iron_leggings":1,"minecraft:pumpkin":1,"minecraft:sand":25,"minecraft:iron_pickaxe":1,"minecraft:string":5,"minecraft:white_wool":11,"minecraft:dandelion":4,"minecraft:bone":2,"minecraft:anvil":1,"minecraft:iron_nugget":15,"minecraft:stone_sword":1,"minecraft:cobbled_deepslate":10,"minecraft:raw_iron":2,"minecraft:rotten_flesh":8,"minecraft:oak_planks":104,"minecraft:stripped_oak_log":3,"minecraft:poppy":1,"minecraft:gunpowder":5,"minecraft:spruce_planks":166,"minecraft:wooden_shovel":1,"minecraft:azalea":1,"minecraft:chest":1,"minecraft:spider_eye":2,"minecraft:slime_ball":1,"minecraft:red_sand":1,"minecraft:arrow":3,"minecraft:stone_pickaxe":4,"minecraft:wooden_pickaxe":2,"minecraft:terracotta":3,"minecraft:egg":2},"minecraft:killed_by":{"minecraft:spider":2,"minecraft:drowned":1,"minecraft:skeleton":1,"minecraft:zombie":1},"minecraft:broken":{"minecraft:iron_shovel":4,"minecraft:stone_sword":1,"minecraft:stone_pickaxe":2,"minecraft:iron_axe":1,"minecraft:stone_axe":1,"minecraft:iron_pickaxe":1},"minecraft:mined":{"minecraft:spruce_planks":3,"minecraft:mossy_cobblestone":2,"minecraft:deepslate_diamond_ore":10,"minecraft:dark_oak_log":16,"minecraft:cave_vines_plant":1,"minecraft:glow_lichen":2,"minecraft:red_sand":1,"minecraft:grass_block":631,"minecraft:jungle_log":16,"minecraft:spruce_leaves":3,"minecraft:moss_block":14,"minecraft:oxeye_daisy":1,"minecraft:redstone_ore":5,"minecraft:iron_ore":59,"minecraft:cobbled_deepslate":1,"minecraft:andesite":25,"minecraft:pumpkin":1,"minecraft:anvil":1,"minecraft:deepslate_lapis_ore":13,"minecraft:dirt_path":1,"minecraft:vine":9,"minecraft:cave_vines":5,"minecraft:deepslate_iron_ore":37,"minecraft:packed_ice":2,"minecraft:stripped_oak_log":5,"minecraft:bamboo":3,"minecraft:azalea":1,"minecraft:stone":460,"minecraft:white_wool":1,"minecraft:deepslate_redstone_ore":15,"minecraft:brown_mushroom":1,"minecraft:dandelion":2,"minecraft:clay":1,"minecraft:cornflower":1,"minecraft:torch":1,"minecraft:poppy":1,"minecraft:melon":24,"minecraft:chest":1,"minecraft:dead_bush":38,"minecraft:copper_ore":2,"minecraft:tall_grass":55,"minecraft:cobblestone":18,"minecraft:deepslate_gold_ore":9,"minecraft:lapis_ore":8,"minecraft:sugar_cane":1,"minecraft:oak_planks":2,"minecraft:diorite":24,"minecraft:wall_torch":4,"minecraft:purple_bed":1,"minecraft:birch_log":18,"minecraft:sweet_berry_bush":12,"minecraft:spruce_log":130,"minecraft:yellow_bed":4,"minecraft:grass":453,"minecraft:oak_log":385,"minecraft:coal_ore":235,"minecraft:cocoa":7,"minecraft:dirt":99,"minecraft:sand":422,"minecraft:red_mushroom_block":3,"minecraft:small_dripleaf":1,"minecraft:oak_leaves":46,"minecraft:deepslate":34,"minecraft:fern":15},"minecraft:custom":{"minecraft:interact_with_anvil":1,"minecraft:mob_kills":114,"minecraft:interact_with_crafting_table":35,"minecraft:interact_with_campfire":18,"minecraft:leave_game":15,"minecraft:time_since_death":285272,"minecraft:climb_one_cm":8176,"minecraft:sprint_one_cm":834577,"minecraft:walk_one_cm":1102240,"minecraft:drop":108,"minecraft:talked_to_villager":2,"minecraft:play_time":376257,"minecraft:sneak_time":13747,"minecraft:deaths":5,"minecraft:walk_under_water_one_cm":78883,"minecraft:boat_one_cm":370205,"minecraft:jump":8226,"minecraft:walk_on_water_one_cm":80877,"minecraft:total_world_time":376257,"minecraft:interact_with_furnace":47,"minecraft:interact_with_stonecutter":1,"minecraft:interact_with_grindstone":1,"minecraft:sleep_in_bed":12,"minecraft:time_since_rest":15093,"minecraft:damage_taken":6068,"minecraft:damage_dealt":18898,"minecraft:player_kills":1,"minecraft:swim_one_cm":37533,"minecraft:fly_one_cm":1582220,"minecraft:open_chest":112,"minecraft:crouch_one_cm":46879,"minecraft:interact_with_smoker":2,"minecraft:fall_one_cm":254480,"minecraft:horse_one_cm":944253},"minecraft:used":{"minecraft:moss_block":8,"minecraft:stone_sword":101,"minecraft:iron_shovel":1125,"minecraft:chest":6,"minecraft:spruce_planks":62,"minecraft:iron_sword":320,"minecraft:cooked_chicken":4,"minecraft:torch":29,"minecraft:dirt":332,"minecraft:dark_oak_planks":64,"minecraft:wooden_axe":13,"minecraft:iron_axe":376,"minecraft:sweet_berries":35,"minecraft:furnace":3,"minecraft:cooked_beef":29,"minecraft:cobbled_deepslate":23,"minecraft:cooked_mutton":2,"minecraft:diorite":16,"minecraft:lead":4,"minecraft:oak_planks":1,"minecraft:stone_pickaxe":291,"minecraft:ender_pearl":1,"minecraft:wooden_pickaxe":58,"minecraft:white_wool":1,"minecraft:crafting_table":6,"minecraft:white_bed":1,"minecraft:oak_log":1,"minecraft:bread":6,"minecraft:melon_slice":139,"minecraft:iron_pickaxe":657,"minecraft:stone_axe":230,"minecraft:purple_bed":1,"minecraft:wooden_sword":13,"minecraft:cobblestone":325,"minecraft:cooked_porkchop":10,"minecraft:andesite":12,"minecraft:yellow_bed":4},"minecraft:crafted":{"minecraft:wooden_sword":1,"minecraft:oak_planks":188,"minecraft:furnace":3,"minecraft:iron_boots":1,"minecraft:iron_axe":3,"minecraft:stone_pickaxe":8,"minecraft:chest":8,"minecraft:dark_oak_planks":64,"minecraft:lead":2,"minecraft:cooked_beef":19,"minecraft:wooden_shovel":1,"minecraft:cooked_porkchop":22,"minecraft:crafting_table":6,"minecraft:spruce_planks":390,"minecraft:wooden_pickaxe":4,"minecraft:iron_helmet":2,"minecraft:iron_sword":1,"minecraft:bucket":1,"minecraft:stone_axe":2,"minecraft:air":0,"minecraft:jungle_planks":62,"minecraft:iron_chestplate":1,"minecraft:stick":82,"minecraft:iron_ingot":8,"minecraft:iron_pickaxe":2,"minecraft:wooden_axe":1,"minecraft:stone_sword":2,"minecraft:iron_shovel":9,"minecraft:iron_leggings":2,"minecraft:white_bed":1,"minecraft:torch":24},"minecraft:picked_up":{"minecraft:wooden_axe":1,"minecraft:cocoa_beans":24,"minecraft:chicken":9,"minecraft:clay_ball":4,"minecraft:anvil":1,"minecraft:brown_mushroom":1,"minecraft:lead":5,"minecraft:wooden_pickaxe":4,"minecraft:shield":2,"minecraft:cornflower":1,"minecraft:string":11,"minecraft:iron_axe":1,"minecraft:wooden_sword":1,"minecraft:red_sand":1,"minecraft:gold_nugget":19,"minecraft:cobbled_deepslate":33,"minecraft:spruce_planks":2,"minecraft:beef":39,"minecraft:azalea":1,"minecraft:poppy":1,"minecraft:iron_pickaxe":3,"minecraft:melon_slice":203,"minecraft:sugar_cane":1,"minecraft:chest":1,"minecraft:birch_sapling":3,"minecraft:egg":2,"minecraft:stick":62,"minecraft:raw_iron":96,"minecraft:torch":6,"minecraft:porkchop":26,"minecraft:diorite":26,"minecraft:redstone":91,"minecraft:stone_sword":2,"minecraft:arrow":5,"minecraft:rotten_flesh":21,"minecraft:saddle":1,"minecraft:glow_berries":6,"minecraft:mutton":15,"minecraft:cobblestone":458,"minecraft:white_wool":8,"minecraft:stripped_oak_log":5,"minecraft:oxeye_daisy":2,"minecraft:birch_log":15,"minecraft:feather":4,"minecraft:cooked_beef":22,"minecraft:andesite":24,"minecraft:jungle_log":16,"minecraft:leather":22,"minecraft:red_mushroom":2,"minecraft:oak_log":379,"minecraft:yellow_bed":4,"minecraft:gunpowder":3,"minecraft:lapis_lazuli":129,"minecraft:dirt":712,"minecraft:cooked_mutton":6,"minecraft:bone":8,"minecraft:apple":4,"minecraft:kelp":6,"minecraft:bow":1,"minecraft:wheat_seeds":87,"minecraft:raw_gold":9,"minecraft:iron_ingot":14,"minecraft:stone_pickaxe":5,"minecraft:cooked_chicken":4,"minecraft:bamboo":38,"minecraft:moss_block":12,"minecraft:oak_planks":31,"minecraft:cooked_porkchop":4,"minecraft:pumpkin":1,"minecraft:sweet_berries":29,"minecraft:dandelion":4,"minecraft:sand":409,"minecraft:jungle_planks":27,"minecraft:grass_block":1,"minecraft:spruce_log":124,"minecraft:dark_oak_log":16,"minecraft:spider_eye":2,"minecraft:mossy_cobblestone":2,"minecraft:purple_bed":1,"minecraft:slime_ball":2,"minecraft:diamond":20,"minecraft:stone_axe":1,"minecraft:gray_wool":1,"minecraft:bread":53,"minecraft:terracotta":4,"minecraft:oak_sapling":17,"minecraft:black_wool":2,"minecraft:coal":232,"minecraft:ender_pearl":2}},"DataVersion":3465}