{"stats":{"minecraft:killed_by":{"minecraft:spider":2,"minecraft:drowned":1,"minecraft:skeleton":1,"minecraft:zombie":1},"minecraft:crafted":{"minecraft:wooden_sword":1,"minecraft:oak_planks":188,"minecraft:furnace":3,"minecraft:cooked_mutton":21,"minecraft:iron_boots":2,"minecraft:iron_axe":3,"minecraft:stone_pickaxe":8,"minecraft:chest":8,"minecraft:dark_oak_planks":64,"minecraft:lead":2,"minecraft:cooked_beef":19,"minecraft:wooden_shovel":1,"minecraft:cooked_porkchop":22,"minecraft:crafting_table":6,"minecraft:spruce_planks":390,"minecraft:wooden_pickaxe":4,"minecraft:iron_helmet":3,"minecraft:iron_sword":1,"minecraft:bucket":1,"minecraft:stone_axe":2,"minecraft:air":0,"minecraft:jungle_planks":62,"minecraft:iron_chestplate":2,"minecraft:stick":82,"minecraft:iron_ingot":8,"minecraft:iron_pickaxe":3,"minecraft:wooden_axe":1,"minecraft:stone_sword":2,"minecraft:iron_shovel":9,"minecraft:iron_leggings":3,"minecraft:white_bed":1,"minecraft:torch":184},"minecraft:mined":{"minecraft:large_amethyst_bud":1,"minecraft:spruce_planks":3,"minecraft:mossy_cobblestone":2,"minecraft:deepslate_diamond_ore":10,"minecraft:dark_oak_log":16,"minecraft:cave_vines_plant":1,"minecraft:glow_lichen":2,"minecraft:red_sand":1,"minecraft:grass_block":1279,"minecraft:jungle_log":16,"minecraft:deepslate_bricks":4,"minecraft:spruce_leaves":3,"minecraft:moss_block":14,"minecraft:oxeye_daisy":1,"minecraft:redstone_ore":5,"minecraft:furnace":2,"minecraft:iron_ore":62,"minecraft:sticky_piston":1,"minecraft:cobbled_deepslate":1,"minecraft:andesite":28,"minecraft:pumpkin":1,"minecraft:anvil":1,"minecraft:deepslate_lapis_ore":17,"minecraft:dirt_path":1,"minecraft:vine":9,"minecraft:cave_vines":5,"minecraft:deepslate_iron_ore":43,"minecraft:small_amethyst_bud":1,"minecraft:stripped_oak_log":5,"minecraft:packed_ice":2,"minecraft:bamboo":3,"minecraft:azalea":1,"minecraft:stone":465,"minecraft:white_wool":1,"minecraft:deepslate_redstone_ore":15,"minecraft:brown_mushroom":1,"minecraft:soul_fire":1,"minecraft:amethyst_cluster":12,"minecraft:dandelion":6,"minecraft:clay":1,"minecraft:cornflower":3,"minecraft:torch":2,"minecraft:poppy":2,"minecraft:melon":24,"minecraft:chest":1,"minecraft:dead_bush":38,"minecraft:copper_ore":2,"minecraft:tall_grass":76,"minecraft:cobblestone":18,"minecraft:deepslate_gold_ore":9,"minecraft:lapis_ore":8,"minecraft:oak_planks":2,"minecraft:sugar_cane":1,"minecraft:cracked_deepslate_bricks":3,"minecraft:diorite":24,"minecraft:amethyst_block":4,"minecraft:wall_torch":4,"minecraft:purple_bed":1,"minecraft:birch_log":18,"minecraft:sweet_berry_bush":12,"minecraft:spruce_log":130,"minecraft:yellow_bed":4,"minecraft:grass":901,"minecraft:coal_ore":262,"minecraft:oak_log":385,"minecraft:cocoa":7,"minecraft:dirt":116,"minecraft:sand":422,"minecraft:smooth_basalt":1,"minecraft:red_mushroom_block":3,"minecraft:small_dripleaf":1,"minecraft:oak_leaves":46,"minecraft:deepslate":41,"minecraft:fern":15},"minecraft:picked_up":{"minecraft:wooden_axe":1,"minecraft:cocoa_beans":24,"minecraft:iron_chestplate":1,"aether:iron_gloves":1,"minecraft:chicken":9,"minecraft:clay_ball":4,"minecraft:anvil":1,"minecraft:brown_mushroom":1,"minecraft:lead":5,"minecraft:wooden_pickaxe":4,"minecraft:knowledge_book":4,"minecraft:shield":2,"minecraft:amethyst_block":2,"minecraft:cornflower":5,"minecraft:string":15,"minecraft:iron_axe":1,"minecraft:wooden_sword":1,"minecraft:iron_leggings":1,"minecraft:iron_shovel":1,"minecraft:red_sand":1,"minecraft:gold_nugget":19,"minecraft:cobbled_deepslate":40,"minecraft:spruce_planks":2,"minecraft:beef":39,"minecraft:light_gray_wool":1,"minecraft:azalea":1,"minecraft:poppy":1,"minecraft:iron_pickaxe":4,"minecraft:melon_slice":203,"minecraft:sugar_cane":1,"minecraft:chest":1,"minecraft:birch_sapling":3,"minecraft:furnace":2,"minecraft:iron_boots":1,"minecraft:egg":2,"immersivecaves:immersive_caves_guide":1,"minecraft:stick":69,"minecraft:raw_iron":105,"minecraft:torch":7,"minecraft:porkchop":36,"minecraft:diorite":26,"minecraft:redstone":91,"minecraft:stone_sword":2,"minecraft:arrow":7,"minecraft:rotten_flesh":21,"minecraft:deepslate_bricks":4,"minecraft:cracked_deepslate_bricks":3,"minecraft:saddle":1,"minecraft:glow_berries":6,"minecraft:mutton":45,"minecraft:oxeye_daisy":2,"minecraft:white_wool":25,"minecraft:cobblestone":462,"minecraft:stripped_oak_log":5,"minecraft:birch_log":15,"minecraft:feather":4,"minecraft:cooked_beef":22,"minecraft:andesite":27,"minecraft:jungle_log":16,"minecraft:brown_wool":1,"minecraft:leather":22,"minecraft:red_mushroom":2,"minecraft:oak_log":379,"minecraft:yellow_bed":4,"minecraft:gunpowder":3,"minecraft:lapis_lazuli":156,"minecraft:dirt":1334,"minecraft:white_banner":1,"minecraft:cooked_mutton":6,"minecraft:bone":10,"minecraft:apple":4,"minecraft:kelp":6,"minecraft:bow":1,"minecraft:wheat_seeds":143,"minecraft:raw_gold":9,"minecraft:iron_ingot":20,"minecraft:stone_pickaxe":5,"minecraft:cooked_chicken":8,"minecraft:bamboo":38,"minecraft:moss_block":12,"minecraft:iron_sword":1,"minecraft:oak_planks":31,"minecraft:smooth_basalt":1,"minecraft:cooked_porkchop":12,"minecraft:pumpkin":1,"minecraft:sweet_berries":29,"minecraft:dandelion":7,"minecraft:sand":409,"minecraft:jungle_planks":27,"minecraft:amethyst_shard":48,"minecraft:grass_block":1,"minecraft:spruce_log":124,"minecraft:dark_oak_log":16,"minecraft:spider_eye":3,"minecraft:mossy_cobblestone":2,"minecraft:purple_bed":1,"minecraft:slime_ball":2,"minecraft:diamond":20,"minecraft:stone_axe":1,"minecraft:iron_helmet":1,"minecraft:gray_wool":1,"minecraft:bread":53,"minecraft:terracotta":4,"minecraft:oak_sapling":17,"minecraft:black_wool":2,"minecraft:coal":258,"minecraft:ender_pearl":2},"minecraft:used":{"minecraft:moss_block":8,"minecraft:stone_sword":101,"minecraft:iron_shovel":2058,"minecraft:chest":6,"minecraft:spruce_planks":62,"minecraft:iron_sword":469,"minecraft:cooked_chicken":4,"minecraft:torch":34,"minecraft:dirt":594,"minecraft:dark_oak_planks":64,"minecraft:wooden_axe":13,"minecraft:iron_axe":376,"minecraft:sweet_berries":35,"minecraft:furnace":5,"minecraft:cooked_beef":32,"minecraft:cobbled_deepslate":23,"minecraft:knowledge_book":17,"minecraft:cooked_mutton":3,"minecraft:diorite":16,"minecraft:lead":4,"minecraft:oak_planks":1,"minecraft:stone_pickaxe":291,"minecraft:ender_pearl":1,"minecraft:wooden_pickaxe":58,"minecraft:white_wool":9,"minecraft:crafting_table":6,"minecraft:white_bed":1,"minecraft:oak_log":1,"minecraft:cornflower":2,"minecraft:bread":6,"minecraft:melon_slice":157,"minecraft:iron_pickaxe":745,"minecraft:stone_axe":230,"minecraft:purple_bed":1,"minecraft:wooden_sword":13,"minecraft:cobblestone":325,"minecraft:cooked_porkchop":18,"minecraft:andesite":12,"minecraft:yellow_bed":4},"minecraft:killed":{"minecraft:witch":1,"enemyexpansion:equestrian":1,"minecraft:spider":11,"enemyexpansion:direwolf":1,"minecraft:skeleton":13,"minecraft:chicken":9,"minecraft:drowned":2,"minecraft:pig":19,"minecraft:creeper":4,"minecraft:sheep":29,"minecraft:pillager":6,"minecraft:zombie":29,"minecraft:enderman":3,"minecraft:cow":20},"minecraft:dropped":{"minecraft:moss_block":1,"minecraft:brown_mushroom":1,"minecraft:wheat_seeds":27,"minecraft:oak_log":3,"minecraft:ender_pearl":4,"minecraft:diamond":10,"minecraft:knowledge_book":5,"minecraft:lead":1,"minecraft:iron_helmet":1,"minecraft:feather":4,"minecraft:cobblestone":34,"minecraft:leather":10,"minecraft:apple":6,"minecraft:jungle_planks":9,"minecraft:saddle":1,"minecraft:grass_block":1,"minecraft:red_mushroom":2,"minecraft:stick":22,"minecraft:oxeye_daisy":2,"minecraft:dirt":53,"minecraft:torch":64,"minecraft:cornflower":2,"minecraft:melon_slice":3,"minecraft:iron_leggings":1,"minecraft:pumpkin":1,"minecraft:white_banner":1,"minecraft:sand":25,"minecraft:iron_pickaxe":1,"minecraft:string":11,"minecraft:white_wool":11,"minecraft:dandelion":4,"minecraft:bone":2,"minecraft:anvil":1,"minecraft:iron_nugget":15,"minecraft:cooked_chicken":4,"minecraft:stone_sword":1,"minecraft:cobbled_deepslate":10,"minecraft:raw_iron":2,"minecraft:rotten_flesh":8,"minecraft:oak_planks":104,"minecraft:stripped_oak_log":3,"minecraft:poppy":1,"minecraft:gunpowder":5,"minecraft:spruce_planks":166,"minecraft:wooden_shovel":1,"minecraft:azalea":1,"minecraft:chest":1,"minecraft:spider_eye":3,"minecraft:slime_ball":1,"minecraft:red_sand":1,"minecraft:arrow":3,"minecraft:stone_pickaxe":4,"minecraft:wooden_pickaxe":2,"minecraft:terracotta":3,"minecraft:egg":2},"minecraft:custom":{"minecraft:interact_with_anvil":1,"minecraft:mob_kills":150,"minecraft:interact_with_crafting_table":40,"minecraft:interact_with_campfire":18,"minecraft:leave_game":17,"minecraft:time_since_death":16822,"minecraft:climb_one_cm":8176,"minecraft:sprint_one_cm":1040692,"minecraft:walk_one_cm":1380175,"minecraft:drop":122,"minecraft:talked_to_villager":2,"minecraft:raid_win":1,"minecraft:play_time":472784,"minecraft:sneak_time":15573,"minecraft:deaths":7,"minecraft:walk_under_water_one_cm":85909,"minecraft:boat_one_cm":370205,"minecraft:jump":10070,"minecraft:walk_on_water_one_cm":89318,"minecraft:total_world_time":472784,"minecraft:interact_with_furnace":62,"minecraft:interact_with_cartography_table":2,"minecraft:interact_with_stonecutter":1,"minecraft:interact_with_grindstone":1,"minecraft:sleep_in_bed":18,"minecraft:time_since_rest":16859,"minecraft:damage_taken":7965,"minecraft:damage_dealt":23623,"minecraft:player_kills":1,"minecraft:swim_one_cm":44781,"minecraft:fly_one_cm":2049994,"minecraft:open_chest":170,"minecraft:crouch_one_cm":55306,"minecraft:interact_with_smoker":2,"minecraft:fall_one_cm":301527,"minecraft:horse_one_cm":944253},"minecraft:broken":{"minecraft:iron_shovel":7,"minecraft:stone_sword":1,"minecraft:stone_pickaxe":2,"minecraft:iron_axe":1,"minecraft:stone_axe":1,"minecraft:iron_pickaxe":1}},"DataVersion":3465}