{"stats":{"minecraft:killed":{"minecraft:witch":1,"minecraft:spider":3,"minecraft:skeleton":10,"minecraft:chicken":9,"minecraft:drowned":2,"minecraft:pig":3,"minecraft:creeper":3,"minecraft:sheep":10,"minecraft:zombie":20,"minecraft:cow":10,"minecraft:enderman":1},"minecraft:dropped":{"minecraft:moss_block":1,"minecraft:brown_mushroom":1,"minecraft:wheat_seeds":2,"minecraft:oak_log":3,"minecraft:ender_pearl":4,"minecraft:diamond":10,"minecraft:feather":4,"minecraft:iron_helmet":1,"minecraft:cobblestone":26,"minecraft:apple":6,"minecraft:leather":5,"minecraft:jungle_planks":9,"minecraft:saddle":1,"minecraft:red_mushroom":2,"minecraft:stick":22,"minecraft:dirt":50,"minecraft:melon_slice":2,"minecraft:iron_leggings":1,"minecraft:pumpkin":1,"minecraft:iron_pickaxe":1,"minecraft:white_wool":11,"minecraft:bone":2,"minecraft:stone_sword":1,"minecraft:cobbled_deepslate":10,"minecraft:raw_iron":2,"minecraft:rotten_flesh":3,"minecraft:stripped_oak_log":2,"minecraft:spruce_planks":64,"minecraft:azalea":1,"minecraft:spider_eye":1,"minecraft:arrow":3,"minecraft:red_sand":1,"minecraft:wooden_pickaxe":2,"minecraft:stone_pickaxe":4,"minecraft:egg":1,"minecraft:terracotta":3},"minecraft:broken":{"minecraft:stone_sword":1,"minecraft:stone_pickaxe":2,"minecraft:stone_axe":1,"minecraft:iron_pickaxe":1},"minecraft:killed_by":{"minecraft:spider":2,"minecraft:drowned":1,"minecraft:skeleton":1,"minecraft:zombie":1},"minecraft:mined":{"minecraft:spruce_planks":3,"minecraft:mossy_cobblestone":2,"minecraft:deepslate_diamond_ore":10,"minecraft:dark_oak_log":16,"minecraft:glow_lichen":2,"minecraft:cave_vines_plant":1,"minecraft:red_sand":1,"minecraft:grass_block":21,"minecraft:jungle_log":16,"minecraft:spruce_leaves":3,"minecraft:moss_block":14,"minecraft:oxeye_daisy":1,"minecraft:redstone_ore":5,"minecraft:iron_ore":59,"minecraft:cobbled_deepslate":1,"minecraft:andesite":25,"minecraft:pumpkin":1,"minecraft:anvil":1,"minecraft:deepslate_lapis_ore":13,"minecraft:cave_vines":5,"minecraft:deepslate_iron_ore":37,"minecraft:vine":9,"minecraft:stripped_oak_log":2,"minecraft:bamboo":3,"minecraft:azalea":1,"minecraft:stone":449,"minecraft:white_wool":1,"minecraft:deepslate_redstone_ore":15,"minecraft:brown_mushroom":1,"minecraft:dandelion":1,"minecraft:clay":1,"minecraft:torch":1,"minecraft:melon":24,"minecraft:chest":1,"minecraft:dead_bush":38,"minecraft:tall_grass":40,"minecraft:copper_ore":2,"minecraft:cobblestone":18,"minecraft:lapis_ore":8,"minecraft:deepslate_gold_ore":9,"minecraft:oak_planks":2,"minecraft:diorite":24,"minecraft:wall_torch":4,"minecraft:purple_bed":1,"minecraft:birch_log":18,"minecraft:sweet_berry_bush":12,"minecraft:spruce_log":130,"minecraft:yellow_bed":4,"minecraft:grass":124,"minecraft:oak_log":91,"minecraft:coal_ore":235,"minecraft:cocoa":7,"minecraft:dirt":8,"minecraft:red_mushroom_block":3,"minecraft:small_dripleaf":1,"minecraft:oak_leaves":32,"minecraft:deepslate":34,"minecraft:fern":15},"minecraft:custom":{"minecraft:interact_with_anvil":1,"minecraft:mob_kills":73,"minecraft:interact_with_crafting_table":25,"minecraft:interact_with_campfire":18,"minecraft:leave_game":13,"minecraft:time_since_death":154579,"minecraft:climb_one_cm":8176,"minecraft:sprint_one_cm":504683,"minecraft:walk_one_cm":766055,"minecraft:drop":73,"minecraft:talked_to_villager":2,"minecraft:play_time":245564,"minecraft:sneak_time":10878,"minecraft:deaths":5,"minecraft:walk_under_water_one_cm":52339,"minecraft:boat_one_cm":370205,"minecraft:jump":5097,"minecraft:walk_on_water_one_cm":37704,"minecraft:total_world_time":245564,"minecraft:interact_with_furnace":41,"minecraft:interact_with_grindstone":1,"minecraft:interact_with_stonecutter":1,"minecraft:sleep_in_bed":6,"minecraft:time_since_rest":123945,"minecraft:damage_taken":4729,"minecraft:damage_dealt":12270,"minecraft:player_kills":1,"minecraft:swim_one_cm":2386,"minecraft:fly_one_cm":667967,"minecraft:open_chest":70,"minecraft:crouch_one_cm":32477,"minecraft:interact_with_smoker":1,"minecraft:fall_one_cm":161960},"minecraft:used":{"minecraft:moss_block":8,"minecraft:stone_sword":101,"minecraft:chest":5,"minecraft:spruce_planks":62,"minecraft:iron_sword":160,"minecraft:torch":29,"minecraft:dirt":24,"minecraft:dark_oak_planks":64,"minecraft:wooden_axe":13,"minecraft:iron_axe":57,"minecraft:sweet_berries":35,"minecraft:furnace":3,"minecraft:cooked_beef":14,"minecraft:cobbled_deepslate":23,"minecraft:diorite":16,"minecraft:oak_planks":1,"minecraft:stone_pickaxe":291,"minecraft:ender_pearl":1,"minecraft:wooden_pickaxe":58,"minecraft:white_wool":1,"minecraft:crafting_table":5,"minecraft:white_bed":1,"minecraft:bread":4,"minecraft:melon_slice":139,"minecraft:iron_pickaxe":644,"minecraft:stone_axe":230,"minecraft:wooden_sword":13,"minecraft:cobblestone":325,"minecraft:purple_bed":1,"minecraft:cooked_porkchop":4,"minecraft:andesite":12,"minecraft:yellow_bed":4},"minecraft:crafted":{"minecraft:wooden_sword":1,"minecraft:oak_planks":84,"minecraft:furnace":3,"minecraft:iron_boots":1,"minecraft:stone_pickaxe":8,"minecraft:chest":5,"minecraft:dark_oak_planks":64,"minecraft:cooked_beef":5,"minecraft:cooked_porkchop":4,"minecraft:crafting_table":5,"minecraft:spruce_planks":254,"minecraft:wooden_pickaxe":4,"minecraft:iron_helmet":2,"minecraft:iron_sword":1,"minecraft:bucket":1,"minecraft:stone_axe":2,"minecraft:air":0,"minecraft:jungle_planks":62,"minecraft:iron_chestplate":1,"minecraft:stick":38,"minecraft:iron_ingot":8,"minecraft:iron_pickaxe":2,"minecraft:wooden_axe":1,"minecraft:stone_sword":2,"minecraft:iron_leggings":2,"minecraft:white_bed":1,"minecraft:torch":24},"minecraft:picked_up":{"minecraft:wooden_axe":1,"minecraft:cocoa_beans":24,"minecraft:anvil":1,"minecraft:chicken":9,"minecraft:clay_ball":4,"minecraft:brown_mushroom":1,"minecraft:wooden_pickaxe":4,"minecraft:shield":2,"minecraft:string":2,"minecraft:iron_axe":1,"minecraft:wooden_sword":1,"minecraft:cobbled_deepslate":33,"minecraft:red_sand":1,"minecraft:gold_nugget":19,"minecraft:spruce_planks":1,"minecraft:beef":21,"minecraft:azalea":1,"minecraft:iron_pickaxe":2,"minecraft:melon_slice":203,"minecraft:sugar_cane":1,"minecraft:chest":1,"minecraft:birch_sapling":3,"minecraft:egg":1,"minecraft:stick":56,"minecraft:raw_iron":96,"minecraft:torch":6,"minecraft:porkchop":5,"minecraft:diorite":26,"minecraft:redstone":91,"minecraft:rotten_flesh":16,"minecraft:stone_sword":2,"minecraft:arrow":3,"minecraft:saddle":1,"minecraft:glow_berries":6,"minecraft:mutton":14,"minecraft:oxeye_daisy":1,"minecraft:white_wool":8,"minecraft:cobblestone":450,"minecraft:stripped_oak_log":2,"minecraft:birch_log":15,"minecraft:feather":4,"minecraft:cooked_beef":22,"minecraft:andesite":24,"minecraft:jungle_log":16,"minecraft:leather":12,"minecraft:red_mushroom":2,"minecraft:oak_log":91,"minecraft:yellow_bed":4,"minecraft:lapis_lazuli":129,"minecraft:dirt":124,"minecraft:cooked_mutton":6,"minecraft:bone":4,"minecraft:apple":4,"minecraft:kelp":6,"minecraft:wheat_seeds":18,"minecraft:cooked_chicken":4,"minecraft:raw_gold":9,"minecraft:stone_pickaxe":5,"minecraft:iron_ingot":14,"minecraft:bamboo":38,"minecraft:moss_block":12,"minecraft:oak_planks":12,"minecraft:cooked_porkchop":4,"minecraft:pumpkin":1,"minecraft:sweet_berries":29,"minecraft:dandelion":1,"minecraft:jungle_planks":27,"minecraft:spruce_log":124,"minecraft:dark_oak_log":16,"minecraft:spider_eye":1,"minecraft:mossy_cobblestone":2,"minecraft:purple_bed":1,"minecraft:diamond":20,"minecraft:stone_axe":1,"minecraft:gray_wool":1,"minecraft:bread":23,"minecraft:terracotta":4,"minecraft:oak_sapling":11,"minecraft:black_wool":1,"minecraft:coal":232,"minecraft:ender_pearl":2}},"DataVersion":3465}