{"stats":{"minecraft:killed":{"minecraft:witch":1,"minecraft:spider":2,"minecraft:skeleton":9,"minecraft:chicken":1,"minecraft:drowned":2,"minecraft:pig":2,"minecraft:creeper":2,"minecraft:sheep":4,"minecraft:zombie":17,"minecraft:cow":2,"minecraft:enderman":1},"minecraft:dropped":{"minecraft:brown_mushroom":1,"minecraft:wheat_seeds":1,"minecraft:oak_log":3,"minecraft:ender_pearl":4,"minecraft:diamond":10,"minecraft:iron_helmet":1,"minecraft:cobblestone":8,"minecraft:jungle_planks":9,"minecraft:red_mushroom":2,"minecraft:stick":20,"minecraft:dirt":4,"minecraft:melon_slice":2,"minecraft:iron_leggings":1,"minecraft:iron_pickaxe":1,"minecraft:white_wool":7,"minecraft:stone_sword":1,"minecraft:cobbled_deepslate":10,"minecraft:rotten_flesh":3,"minecraft:stripped_oak_log":2,"minecraft:spruce_planks":64,"minecraft:azalea":1,"minecraft:spider_eye":1,"minecraft:red_sand":1,"minecraft:wooden_pickaxe":2,"minecraft:stone_pickaxe":4,"minecraft:terracotta":3},"minecraft:broken":{"minecraft:stone_sword":1,"minecraft:stone_pickaxe":2,"minecraft:stone_axe":1,"minecraft:iron_pickaxe":1},"minecraft:killed_by":{"minecraft:spider":2,"minecraft:drowned":1,"minecraft:skeleton":1,"minecraft:zombie":1},"minecraft:mined":{"minecraft:spruce_planks":3,"minecraft:mossy_cobblestone":2,"minecraft:deepslate_diamond_ore":10,"minecraft:dark_oak_log":16,"minecraft:glow_lichen":2,"minecraft:cave_vines_plant":1,"minecraft:red_sand":1,"minecraft:grass_block":21,"minecraft:jungle_log":16,"minecraft:spruce_leaves":3,"minecraft:moss_block":14,"minecraft:redstone_ore":5,"minecraft:iron_ore":57,"minecraft:cobbled_deepslate":1,"minecraft:andesite":25,"minecraft:anvil":1,"minecraft:deepslate_lapis_ore":13,"minecraft:cave_vines":5,"minecraft:deepslate_iron_ore":37,"minecraft:vine":9,"minecraft:stripped_oak_log":2,"minecraft:bamboo":3,"minecraft:azalea":1,"minecraft:stone":449,"minecraft:white_wool":1,"minecraft:deepslate_redstone_ore":15,"minecraft:brown_mushroom":1,"minecraft:clay":1,"minecraft:torch":1,"minecraft:melon":24,"minecraft:chest":1,"minecraft:dead_bush":38,"minecraft:tall_grass":9,"minecraft:copper_ore":2,"minecraft:cobblestone":15,"minecraft:lapis_ore":8,"minecraft:deepslate_gold_ore":9,"minecraft:oak_planks":2,"minecraft:diorite":24,"minecraft:wall_torch":4,"minecraft:birch_log":18,"minecraft:sweet_berry_bush":12,"minecraft:spruce_log":127,"minecraft:yellow_bed":4,"minecraft:grass":26,"minecraft:oak_log":91,"minecraft:coal_ore":235,"minecraft:cocoa":7,"minecraft:dirt":8,"minecraft:red_mushroom_block":3,"minecraft:small_dripleaf":1,"minecraft:oak_leaves":30,"minecraft:deepslate":34,"minecraft:fern":15},"minecraft:custom":{"minecraft:interact_with_anvil":1,"minecraft:mob_kills":44,"minecraft:interact_with_crafting_table":24,"minecraft:leave_game":13,"minecraft:time_since_death":136579,"minecraft:climb_one_cm":8176,"minecraft:sprint_one_cm":432363,"minecraft:walk_one_cm":674465,"minecraft:drop":55,"minecraft:talked_to_villager":1,"minecraft:play_time":227564,"minecraft:sneak_time":10671,"minecraft:deaths":5,"minecraft:walk_under_water_one_cm":52230,"minecraft:boat_one_cm":370205,"minecraft:jump":4603,"minecraft:walk_on_water_one_cm":37290,"minecraft:total_world_time":227564,"minecraft:interact_with_furnace":41,"minecraft:sleep_in_bed":6,"minecraft:time_since_rest":105945,"minecraft:damage_taken":4405,"minecraft:damage_dealt":9159,"minecraft:player_kills":1,"minecraft:swim_one_cm":2386,"minecraft:fly_one_cm":588268,"minecraft:open_chest":66,"minecraft:crouch_one_cm":31288,"minecraft:fall_one_cm":143061},"minecraft:used":{"minecraft:moss_block":8,"minecraft:stone_sword":101,"minecraft:chest":5,"minecraft:spruce_planks":62,"minecraft:iron_sword":98,"minecraft:torch":27,"minecraft:dirt":24,"minecraft:dark_oak_planks":64,"minecraft:wooden_axe":13,"minecraft:iron_axe":41,"minecraft:sweet_berries":32,"minecraft:furnace":3,"minecraft:cooked_beef":14,"minecraft:cobbled_deepslate":23,"minecraft:diorite":16,"minecraft:oak_planks":1,"minecraft:stone_pickaxe":291,"minecraft:wooden_pickaxe":58,"minecraft:white_wool":1,"minecraft:crafting_table":5,"minecraft:white_bed":1,"minecraft:bread":2,"minecraft:melon_slice":120,"minecraft:iron_pickaxe":639,"minecraft:stone_axe":230,"minecraft:wooden_sword":13,"minecraft:cobblestone":313,"minecraft:cooked_porkchop":3,"minecraft:andesite":12,"minecraft:yellow_bed":4},"minecraft:crafted":{"minecraft:wooden_sword":1,"minecraft:oak_planks":84,"minecraft:furnace":3,"minecraft:iron_boots":1,"minecraft:stone_pickaxe":8,"minecraft:chest":5,"minecraft:dark_oak_planks":64,"minecraft:cooked_beef":5,"minecraft:cooked_porkchop":4,"minecraft:crafting_table":5,"minecraft:spruce_planks":254,"minecraft:wooden_pickaxe":4,"minecraft:iron_helmet":2,"minecraft:iron_sword":1,"minecraft:bucket":1,"minecraft:stone_axe":2,"minecraft:air":0,"minecraft:jungle_planks":62,"minecraft:iron_chestplate":1,"minecraft:stick":38,"minecraft:iron_ingot":8,"minecraft:iron_pickaxe":2,"minecraft:wooden_axe":1,"minecraft:stone_sword":2,"minecraft:iron_leggings":2,"minecraft:white_bed":1,"minecraft:torch":24},"minecraft:picked_up":{"minecraft:wooden_axe":1,"minecraft:cocoa_beans":24,"minecraft:anvil":1,"minecraft:chicken":1,"minecraft:clay_ball":4,"minecraft:brown_mushroom":1,"minecraft:wooden_pickaxe":4,"minecraft:shield":2,"minecraft:iron_axe":1,"minecraft:wooden_sword":1,"minecraft:cobbled_deepslate":33,"minecraft:red_sand":1,"minecraft:gold_nugget":19,"minecraft:spruce_planks":1,"minecraft:beef":5,"minecraft:azalea":1,"minecraft:iron_pickaxe":2,"minecraft:melon_slice":203,"minecraft:sugar_cane":1,"minecraft:chest":1,"minecraft:birch_sapling":3,"minecraft:stick":56,"minecraft:raw_iron":92,"minecraft:torch":6,"minecraft:porkchop":4,"minecraft:diorite":26,"minecraft:redstone":91,"minecraft:rotten_flesh":16,"minecraft:stone_sword":2,"minecraft:arrow":2,"minecraft:glow_berries":6,"minecraft:mutton":5,"minecraft:white_wool":4,"minecraft:cobblestone":438,"minecraft:stripped_oak_log":2,"minecraft:birch_log":15,"minecraft:cooked_beef":18,"minecraft:andesite":24,"minecraft:jungle_log":16,"minecraft:leather":3,"minecraft:red_mushroom":2,"minecraft:oak_log":91,"minecraft:yellow_bed":4,"minecraft:lapis_lazuli":129,"minecraft:dirt":32,"minecraft:cooked_mutton":2,"minecraft:bone":2,"minecraft:apple":1,"minecraft:kelp":6,"minecraft:wheat_seeds":7,"minecraft:raw_gold":9,"minecraft:stone_pickaxe":5,"minecraft:iron_ingot":14,"minecraft:bamboo":38,"minecraft:moss_block":12,"minecraft:oak_planks":12,"minecraft:cooked_porkchop":4,"minecraft:sweet_berries":29,"minecraft:jungle_planks":27,"minecraft:spruce_log":121,"minecraft:dark_oak_log":16,"minecraft:spider_eye":1,"minecraft:mossy_cobblestone":2,"minecraft:diamond":20,"minecraft:stone_axe":1,"minecraft:gray_wool":1,"minecraft:bread":23,"minecraft:terracotta":4,"minecraft:oak_sapling":11,"minecraft:coal":232,"minecraft:ender_pearl":2}},"DataVersion":3465}