{"stats":{"minecraft:used":{"minecraft:stone_sword":108,"minecraft:chest":2,"minecraft:iron_sword":267,"minecraft:cooked_chicken":1,"minecraft:torch":28,"minecraft:dirt":46,"minecraft:granite":1,"minecraft:bow":11,"minecraft:furnace":2,"minecraft:potato":15,"minecraft:cobbled_deepslate":44,"minecraft:cooked_mutton":11,"minecraft:stone_pickaxe":102,"minecraft:oak_planks":75,"minecraft:wooden_pickaxe":59,"minecraft:tnt":2,"minecraft:crafting_table":4,"minecraft:diamond_pickaxe":3,"minecraft:apple":4,"minecraft:bread":61,"minecraft:iron_pickaxe":301,"minecraft:suspicious_stew":1,"minecraft:map":1,"minecraft:cobblestone":76,"minecraft:cooked_porkchop":1},"minecraft:picked_up":{"minecraft:chicken":8,"minecraft:ladder":2,"minecraft:string":6,"minecraft:cobbled_deepslate":53,"minecraft:beef":30,"minecraft:iron_pickaxe":1,"minecraft:light_gray_wool":1,"minecraft:egg":2,"minecraft:stick":12,"minecraft:raw_iron":185,"minecraft:torch":10,"minecraft:porkchop":25,"minecraft:diorite":18,"minecraft:redstone":32,"minecraft:tnt":2,"minecraft:arrow":22,"minecraft:rotten_flesh":12,"minecraft:mutton":21,"minecraft:white_wool":11,"minecraft:cobblestone":167,"minecraft:feather":10,"minecraft:andesite":11,"minecraft:leather":5,"minecraft:filled_map":1,"minecraft:tuff":32,"minecraft:oak_log":17,"minecraft:gunpowder":5,"minecraft:lapis_lazuli":13,"minecraft:paper":20,"minecraft:dirt":54,"minecraft:leather_boots":1,"minecraft:cooked_mutton":14,"minecraft:coast_armor_trim_smithing_template":4,"minecraft:bone":24,"minecraft:bow":3,"minecraft:wheat_seeds":3,"minecraft:raw_gold":24,"minecraft:stone_pickaxe":3,"minecraft:iron_ingot":4,"minecraft:cooked_chicken":1,"minecraft:glowstone_dust":1,"minecraft:iron_sword":3,"minecraft:oak_planks":19,"minecraft:pumpkin":8,"minecraft:dandelion":1,"minecraft:gravel":2,"minecraft:amethyst_shard":16,"minecraft:spider_eye":1,"minecraft:diamond":20,"minecraft:stone_axe":1,"minecraft:granite":5,"minecraft:gray_wool":1,"minecraft:emerald":3,"minecraft:bread":86,"minecraft:oak_sapling":3,"minecraft:coal":80,"minecraft:ender_pearl":2},"minecraft:killed_by":{"minecraft:enderman":1},"minecraft:broken":{"minecraft:wooden_pickaxe":1,"minecraft:iron_sword":1,"minecraft:iron_pickaxe":1},"minecraft:killed":{"minecraft:witch":1,"minecraft:spider":9,"minecraft:skeleton":25,"minecraft:chicken":5,"minecraft:pig":5,"minecraft:zombie_villager":1,"minecraft:creeper":3,"minecraft:sheep":13,"minecraft:zombie":15,"minecraft:cow":9,"minecraft:enderman":2},"minecraft:mined":{"minecraft:tuff":1,"minecraft:deepslate_diamond_ore":9,"minecraft:granite":7,"minecraft:grass_block":16,"minecraft:spawner":1,"minecraft:redstone_ore":5,"minecraft:iron_ore":83,"minecraft:fire":20,"minecraft:andesite":5,"minecraft:deepslate_iron_ore":52,"minecraft:small_amethyst_bud":1,"minecraft:stone":108,"minecraft:deepslate_redstone_ore":3,"minecraft:amethyst_cluster":2,"minecraft:torch":2,"minecraft:tall_grass":12,"minecraft:deepslate_coal_ore":11,"minecraft:deepslate_gold_ore":22,"minecraft:diorite":12,"minecraft:wall_torch":2,"minecraft:amethyst_block":1,"minecraft:tnt":2,"minecraft:grass":9,"minecraft:oak_log":17,"minecraft:coal_ore":71,"minecraft:dirt":1,"minecraft:gold_ore":2,"minecraft:deepslate":41},"minecraft:crafted":{"minecraft:oak_planks":112,"minecraft:cooked_chicken":5,"minecraft:furnace":2,"minecraft:cooked_mutton":21,"minecraft:stone_pickaxe":2,"minecraft:chest":2,"minecraft:cooked_porkchop":12,"minecraft:crafting_table":4,"minecraft:wooden_pickaxe":1,"minecraft:iron_sword":1,"minecraft:stone_axe":1,"minecraft:air":0,"minecraft:diamond_pickaxe":2,"minecraft:stick":52,"minecraft:iron_pickaxe":4,"minecraft:iron_ingot":24,"minecraft:stone_sword":1,"minecraft:torch":64},"minecraft:dropped":{"minecraft:bread":1,"minecraft:moss_block":3,"minecraft:wheat_seeds":3,"minecraft:lapis_lazuli":5,"minecraft:tnt":2,"minecraft:diamond":8,"minecraft:poisonous_potato":4,"minecraft:feather":10,"minecraft:cobblestone":5,"minecraft:leather":4,"minecraft:granite":3,"minecraft:stick":14,"minecraft:dirt":4,"minecraft:gray_wool":1,"minecraft:diorite":7,"minecraft:torch":32,"minecraft:gold_nugget":2,"minecraft:iron_pickaxe":2,"minecraft:string":2,"minecraft:white_wool":11,"minecraft:dandelion":1,"minecraft:bone":1,"minecraft:gravel":2,"minecraft:iron_nugget":21,"minecraft:cobbled_deepslate":7,"minecraft:bowl":1,"minecraft:light_gray_wool":1,"minecraft:oak_planks":21,"minecraft:filled_map":1,"minecraft:potato":1,"minecraft:diamond_pickaxe":1,"minecraft:andesite":2,"minecraft:ladder":2,"minecraft:oak_sapling":3,"minecraft:bow":1,"minecraft:arrow":3,"minecraft:stone_pickaxe":2,"minecraft:egg":1},"minecraft:custom":{"minecraft:mob_kills":95,"minecraft:interact_with_crafting_table":18,"minecraft:leave_game":1,"minecraft:time_since_death":64106,"minecraft:sprint_one_cm":278966,"minecraft:walk_one_cm":364877,"minecraft:drop":64,"minecraft:talked_to_villager":4,"minecraft:play_time":111097,"minecraft:deaths":1,"minecraft:sneak_time":5741,"minecraft:walk_under_water_one_cm":36975,"minecraft:boat_one_cm":21779,"minecraft:jump":3250,"minecraft:walk_on_water_one_cm":52675,"minecraft:total_world_time":111097,"minecraft:interact_with_furnace":29,"minecraft:interact_with_stonecutter":1,"minecraft:sleep_in_bed":6,"minecraft:time_since_rest":7511,"minecraft:damage_taken":3866,"minecraft:damage_dealt":15350,"minecraft:swim_one_cm":684,"minecraft:fly_one_cm":595364,"minecraft:player_kills":1,"minecraft:open_chest":56,"minecraft:crouch_one_cm":15462,"minecraft:fall_one_cm":109179}},"DataVersion":3465}