{"stats":{"minecraft:broken":{"minecraft:stone_sword":1,"minecraft:stone_pickaxe":1,"minecraft:stone_axe":1},"minecraft:custom":{"minecraft:mob_kills":41,"minecraft:interact_with_crafting_table":19,"minecraft:leave_game":13,"minecraft:time_since_death":106785,"minecraft:climb_one_cm":8140,"minecraft:sprint_one_cm":393959,"minecraft:walk_one_cm":569022,"minecraft:drop":48,"minecraft:talked_to_villager":1,"minecraft:play_time":197770,"minecraft:deaths":5,"minecraft:sneak_time":4469,"minecraft:walk_under_water_one_cm":51904,"minecraft:boat_one_cm":370205,"minecraft:jump":4173,"minecraft:walk_on_water_one_cm":35917,"minecraft:total_world_time":197770,"minecraft:interact_with_furnace":37,"minecraft:sleep_in_bed":6,"minecraft:time_since_rest":76151,"minecraft:damage_taken":3964,"minecraft:damage_dealt":8645,"minecraft:swim_one_cm":2386,"minecraft:fly_one_cm":550231,"minecraft:open_chest":48,"minecraft:crouch_one_cm":8971,"minecraft:fall_one_cm":130700},"minecraft:crafted":{"minecraft:wooden_sword":1,"minecraft:oak_planks":84,"minecraft:furnace":3,"minecraft:iron_boots":1,"minecraft:stone_pickaxe":8,"minecraft:chest":5,"minecraft:dark_oak_planks":64,"minecraft:cooked_beef":5,"minecraft:cooked_porkchop":4,"minecraft:crafting_table":5,"minecraft:spruce_planks":254,"minecraft:wooden_pickaxe":4,"minecraft:iron_helmet":1,"minecraft:iron_sword":1,"minecraft:stone_axe":2,"minecraft:air":0,"minecraft:jungle_planks":62,"minecraft:iron_chestplate":1,"minecraft:stick":38,"minecraft:iron_ingot":8,"minecraft:iron_pickaxe":2,"minecraft:wooden_axe":1,"minecraft:stone_sword":2,"minecraft:iron_leggings":1,"minecraft:white_bed":1,"minecraft:torch":24},"minecraft:mined":{"minecraft:spruce_planks":3,"minecraft:mossy_cobblestone":2,"minecraft:deepslate_diamond_ore":10,"minecraft:dark_oak_log":16,"minecraft:glow_lichen":2,"minecraft:cave_vines_plant":1,"minecraft:red_sand":1,"minecraft:grass_block":21,"minecraft:jungle_log":16,"minecraft:spruce_leaves":1,"minecraft:moss_block":14,"minecraft:redstone_ore":5,"minecraft:iron_ore":51,"minecraft:cobbled_deepslate":1,"minecraft:andesite":18,"minecraft:deepslate_lapis_ore":13,"minecraft:deepslate_iron_ore":37,"minecraft:cave_vines":5,"minecraft:vine":9,"minecraft:stripped_oak_log":2,"minecraft:bamboo":3,"minecraft:azalea":1,"minecraft:stone":227,"minecraft:white_wool":1,"minecraft:deepslate_redstone_ore":15,"minecraft:torch":1,"minecraft:melon":24,"minecraft:chest":1,"minecraft:dead_bush":38,"minecraft:cobblestone":3,"minecraft:copper_ore":2,"minecraft:tall_grass":9,"minecraft:deepslate_gold_ore":9,"minecraft:lapis_ore":8,"minecraft:oak_planks":2,"minecraft:diorite":24,"minecraft:birch_log":18,"minecraft:sweet_berry_bush":11,"minecraft:spruce_log":92,"minecraft:yellow_bed":4,"minecraft:grass":26,"minecraft:coal_ore":147,"minecraft:oak_log":91,"minecraft:cocoa":7,"minecraft:dirt":8,"minecraft:red_mushroom_block":3,"minecraft:small_dripleaf":1,"minecraft:oak_leaves":30,"minecraft:deepslate":34,"minecraft:fern":13},"minecraft:killed":{"minecraft:witch":1,"minecraft:spider":2,"minecraft:skeleton":8,"minecraft:chicken":1,"minecraft:drowned":2,"minecraft:pig":2,"minecraft:creeper":1,"minecraft:sheep":4,"minecraft:zombie":17,"minecraft:enderman":1,"minecraft:cow":2},"minecraft:killed_by":{"minecraft:spider":2,"minecraft:drowned":1,"minecraft:skeleton":1,"minecraft:zombie":1},"minecraft:used":{"minecraft:moss_block":8,"minecraft:stone_sword":101,"minecraft:spruce_planks":62,"minecraft:chest":5,"minecraft:iron_sword":88,"minecraft:torch":13,"minecraft:dirt":24,"minecraft:wooden_axe":13,"minecraft:dark_oak_planks":64,"minecraft:sweet_berries":32,"minecraft:furnace":3,"minecraft:cooked_beef":12,"minecraft:cobbled_deepslate":23,"minecraft:diorite":16,"minecraft:stone_pickaxe":161,"minecraft:oak_planks":1,"minecraft:wooden_pickaxe":58,"minecraft:white_wool":1,"minecraft:crafting_table":5,"minecraft:white_bed":1,"minecraft:bread":1,"minecraft:melon_slice":120,"minecraft:iron_pickaxe":428,"minecraft:stone_axe":230,"minecraft:wooden_sword":13,"minecraft:cobblestone":57,"minecraft:yellow_bed":4},"minecraft:dropped":{"minecraft:wheat_seeds":1,"minecraft:oak_log":3,"minecraft:diamond":10,"minecraft:ender_pearl":2,"minecraft:cobblestone":2,"minecraft:jungle_planks":9,"minecraft:red_mushroom":2,"minecraft:stick":20,"minecraft:dirt":4,"minecraft:melon_slice":2,"minecraft:iron_pickaxe":1,"minecraft:white_wool":7,"minecraft:cobbled_deepslate":10,"minecraft:stone_sword":1,"minecraft:rotten_flesh":3,"minecraft:stripped_oak_log":2,"minecraft:spruce_planks":64,"minecraft:azalea":1,"minecraft:spider_eye":1,"minecraft:red_sand":1,"minecraft:wooden_pickaxe":2,"minecraft:stone_pickaxe":4,"minecraft:terracotta":3},"minecraft:picked_up":{"minecraft:wooden_axe":1,"minecraft:cocoa_beans":24,"minecraft:chicken":1,"minecraft:wooden_pickaxe":4,"minecraft:shield":2,"minecraft:iron_axe":1,"minecraft:wooden_sword":1,"minecraft:red_sand":1,"minecraft:gold_nugget":19,"minecraft:cobbled_deepslate":33,"minecraft:spruce_planks":1,"minecraft:beef":5,"minecraft:azalea":1,"minecraft:iron_pickaxe":2,"minecraft:melon_slice":203,"minecraft:sugar_cane":1,"minecraft:chest":1,"minecraft:birch_sapling":3,"minecraft:stick":56,"minecraft:raw_iron":86,"minecraft:torch":2,"minecraft:porkchop":4,"minecraft:diorite":26,"minecraft:redstone":91,"minecraft:arrow":2,"minecraft:stone_sword":2,"minecraft:rotten_flesh":16,"minecraft:glow_berries":6,"minecraft:mutton":5,"minecraft:white_wool":4,"minecraft:cobblestone":231,"minecraft:stripped_oak_log":2,"minecraft:birch_log":15,"minecraft:cooked_beef":18,"minecraft:andesite":17,"minecraft:jungle_log":16,"minecraft:leather":3,"minecraft:red_mushroom":2,"minecraft:oak_log":91,"minecraft:yellow_bed":4,"minecraft:lapis_lazuli":129,"minecraft:dirt":32,"minecraft:cooked_mutton":2,"minecraft:bone":2,"minecraft:apple":1,"minecraft:kelp":6,"minecraft:wheat_seeds":6,"minecraft:raw_gold":9,"minecraft:iron_ingot":14,"minecraft:stone_pickaxe":5,"minecraft:bamboo":38,"minecraft:moss_block":12,"minecraft:oak_planks":12,"minecraft:cooked_porkchop":4,"minecraft:sweet_berries":26,"minecraft:jungle_planks":27,"minecraft:spruce_log":90,"minecraft:dark_oak_log":16,"minecraft:spider_eye":1,"minecraft:mossy_cobblestone":2,"minecraft:diamond":20,"minecraft:stone_axe":1,"minecraft:gray_wool":1,"minecraft:bread":23,"minecraft:terracotta":4,"minecraft:oak_sapling":11,"minecraft:coal":148,"minecraft:ender_pearl":2}},"DataVersion":3465}