{"stats":{"minecraft:custom":{"minecraft:interact_with_furnace":4,"minecraft:mob_kills":42,"minecraft:interact_with_crafting_table":7,"minecraft:tune_noteblock":1,"minecraft:open_barrel":4,"minecraft:interact_with_stonecutter":1,"minecraft:leave_game":2,"minecraft:time_since_death":3482,"minecraft:climb_one_cm":216560,"minecraft:time_since_rest":3502,"minecraft:sprint_one_cm":146765,"minecraft:damage_taken":4103,"minecraft:walk_one_cm":222475,"minecraft:drop":41,"minecraft:damage_dealt":8196,"minecraft:play_noteblock":1,"minecraft:swim_one_cm":2247,"minecraft:fly_one_cm":271839,"minecraft:open_chest":14,"minecraft:crouch_one_cm":14308,"minecraft:play_time":65070,"minecraft:deaths":9,"minecraft:sneak_time":5105,"minecraft:walk_under_water_one_cm":40011,"minecraft:jump":1261,"minecraft:walk_on_water_one_cm":12321,"minecraft:total_world_time":65070,"minecraft:fall_one_cm":59308},"minecraft:picked_up":{"minecraft:wooden_axe":4,"regions_unexplored:peat_dirt":3,"minecraft:crafting_table":3,"minecraft:repeater":42,"minecraft:tripwire_hook":8,"minecraft:redstone_lamp":63,"minecraft:leather":1,"minecraft:wooden_pickaxe":8,"minecraft:potato":5,"minecraft:knowledge_book":28,"minecraft:oak_log":27,"minecraft:gunpowder":14,"minecraft:dirt":1,"minecraft:string":3,"minecraft:wooden_sword":2,"minecraft:bone":108,"dungeonsweaponry:suns_grace":3,"dungeonsweaponry:chill_gale_knife":1,"minecraft:apple":4,"minecraft:stone_bricks":8,"minecraft:sea_pickle":4,"minecraft:wheat_seeds":3,"regions_unexplored:pine_log":257,"minecraft:bucket":7,"minecraft:beef":10,"minecraft:iron_ingot":114,"minecraft:smooth_quartz":2,"minecraft:chest":7,"minecraft:oak_planks":228,"minecraft:furnace":13,"minecraft:stick":67,"immersivecaves:immersive_caves_guide":2,"minecraft:cooked_porkchop":1,"regions_unexplored:pine_sapling":8,"minecraft:torch":100,"minecraft:quartz":55,"minecraft:gravel":21,"minecraft:note_block":6,"minecraft:porkchop":34,"minecraft:spruce_log":2,"minecraft:carrot":1,"minecraft:iron_horse_armor":6,"minecraft:barrel":8,"biomesoplenty:flowering_oak_sapling":12,"quark:ancient_tome":8,"minecraft:arrow":91,"minecraft:rotten_flesh":4,"regions_unexplored:peat_coarse_dirt":2,"regions_unexplored:maple_log":9,"dungeonsweaponry:glaive":6,"minecraft:gold_ingot":26,"minecraft:bread":4,"minecraft:mutton":2,"minecraft:oak_sapling":56,"minecraft:skeleton_skull":6,"minecraft:coal":75,"minecraft:white_wool":1,"minecraft:cobblestone":7},"minecraft:killed":{"minecraft:pig":8,"minecraft:spider":1,"minecraft:sheep":1,"minecraft:skeleton":10,"enemyexpansion:meature":2,"minecraft:zombie":6,"realmrpg_demons:chort":2,"minecraft:drowned":1,"minecraft:cow":6},"minecraft:used":{"minecraft:knowledge_book":116,"dungeonsweaponry:glaive":75,"minecraft:oak_planks":44,"minecraft:wooden_pickaxe":34,"minecraft:rotten_flesh":9,"minecraft:dirt":1,"minecraft:crafting_table":4,"minecraft:carrot":1,"regions_unexplored:pine_log":6,"minecraft:oak_log":1,"minecraft:wooden_axe":64,"minecraft:apple":5,"minecraft:bread":4,"minecraft:gravel":5,"minecraft:wooden_sword":90,"minecraft:cooked_porkchop":3,"minecraft:furnace":1,"minecraft:porkchop":5,"dungeonsweaponry:suns_grace":62,"minecraft:potato":6},"minecraft:crafted":{"minecraft:wooden_sword":2,"minecraft:oak_planks":80,"minecraft:cooked_porkchop":3,"minecraft:crafting_table":2,"minecraft:wooden_pickaxe":3,"minecraft:iron_sword":2,"minecraft:air":0,"minecraft:stick":12,"dungeonsweaponry:glaive":1,"minecraft:wooden_axe":3,"minecraft:torch":20},"minecraft:dropped":{"minecraft:iron_sword":1,"minecraft:wheat_seeds":3,"dungeonsweaponry:chill_gale_knife":2,"immersivecaves:immersive_caves_guide":1,"minecraft:oak_log":6,"minecraft:knowledge_book":5,"minecraft:oak_planks":31,"minecraft:leather":1,"regions_unexplored:pine_sapling":8,"regions_unexplored:peat_coarse_dirt":1,"minecraft:potato":2,"regions_unexplored:peat_dirt":3,"minecraft:sea_pickle":2,"minecraft:gunpowder":14,"minecraft:wooden_axe":1,"minecraft:smooth_quartz":1,"biomesoplenty:flowering_oak_sapling":3,"minecraft:oak_sapling":12,"minecraft:barrel":1,"minecraft:wooden_sword":2,"minecraft:spruce_log":2,"minecraft:white_wool":1,"minecraft:tripwire_hook":4,"minecraft:bucket":1,"quark:ancient_tome":1},"minecraft:mined":{"regions_unexplored:maple_log":13,"minecraft:crafting_table":1,"minecraft:note_block":1,"minecraft:grass_block":1,"minecraft:tall_grass":1,"biomesoplenty:sprout":1,"minecraft:oak_planks":4,"regions_unexplored:pine_log":59,"minecraft:spawner":4,"minecraft:furnace":3,"minecraft:spruce_log":2,"minecraft:grass":7,"biomesoplenty:clover":2,"minecraft:coal_ore":16,"minecraft:oak_log":21,"regions_unexplored:peat_dirt":3,"minecraft:smooth_quartz":1,"minecraft:stone_bricks":2,"minecraft:stone":3,"minecraft:tripwire_hook":2,"regions_unexplored:peat_coarse_dirt":1,"minecraft:tripwire":3,"minecraft:fern":2},"minecraft:broken":{"minecraft:wooden_sword":1,"minecraft:wooden_axe":2}},"DataVersion":3465}