{"stats":{"minecraft:dropped":{"minecraft:moss_block":3,"minecraft:wheat_seeds":2,"minecraft:iron_nugget":21,"minecraft:tnt":2,"minecraft:bowl":1,"minecraft:poisonous_potato":4,"minecraft:feather":4,"minecraft:light_gray_wool":1,"minecraft:leather":4,"minecraft:filled_map":1,"minecraft:dirt":4,"minecraft:potato":1,"minecraft:gray_wool":1,"minecraft:oak_sapling":3,"minecraft:ladder":2,"minecraft:gold_nugget":2,"minecraft:white_wool":11,"minecraft:egg":1},"minecraft:picked_up":{"minecraft:feather":4,"minecraft:chicken":2,"minecraft:ladder":2,"minecraft:leather":4,"minecraft:filled_map":1,"minecraft:oak_log":17,"minecraft:dirt":4,"minecraft:wheat_seeds":2,"minecraft:beef":11,"minecraft:light_gray_wool":1,"minecraft:egg":1,"minecraft:raw_iron":5,"minecraft:porkchop":3,"minecraft:diorite":7,"minecraft:tnt":2,"minecraft:granite":1,"minecraft:gray_wool":1,"minecraft:oak_sapling":3,"minecraft:mutton":21,"minecraft:coal":25,"minecraft:cobblestone":68,"minecraft:white_wool":11},"minecraft:broken":{"minecraft:wooden_pickaxe":1},"minecraft:mined":{"minecraft:granite":1,"minecraft:grass_block":3,"minecraft:tall_grass":9,"minecraft:diorite":7,"minecraft:iron_ore":5,"minecraft:fire":19,"minecraft:tnt":2,"minecraft:grass":6,"minecraft:oak_log":17,"minecraft:coal_ore":25,"minecraft:dirt":1,"minecraft:stone":68},"minecraft:used":{"minecraft:stone_sword":64,"minecraft:stone_pickaxe":48,"minecraft:oak_planks":6,"minecraft:wooden_pickaxe":59,"minecraft:tnt":2,"minecraft:crafting_table":2,"minecraft:apple":4,"minecraft:map":1,"minecraft:bread":5,"minecraft:suspicious_stew":1,"minecraft:cobblestone":2,"minecraft:furnace":1,"minecraft:potato":15},"minecraft:crafted":{"minecraft:oak_planks":68,"minecraft:crafting_table":2,"minecraft:wooden_pickaxe":1,"minecraft:furnace":1,"minecraft:stone_axe":1,"minecraft:stick":12,"minecraft:stone_pickaxe":2,"minecraft:stone_sword":1},"minecraft:killed":{"minecraft:pig":1,"minecraft:sheep":13,"minecraft:chicken":2,"minecraft:cow":5},"minecraft:custom":{"minecraft:interact_with_furnace":1,"minecraft:mob_kills":21,"minecraft:interact_with_crafting_table":4,"minecraft:interact_with_stonecutter":1,"minecraft:time_since_death":27123,"minecraft:sleep_in_bed":3,"minecraft:time_since_rest":0,"minecraft:sprint_one_cm":72386,"minecraft:walk_one_cm":77007,"minecraft:damage_taken":220,"minecraft:drop":23,"minecraft:damage_dealt":1710,"minecraft:talked_to_villager":1,"minecraft:fly_one_cm":168766,"minecraft:open_chest":24,"minecraft:crouch_one_cm":888,"minecraft:play_time":27123,"minecraft:sneak_time":1159,"minecraft:walk_under_water_one_cm":12151,"minecraft:jump":744,"minecraft:walk_on_water_one_cm":16191,"minecraft:total_world_time":27123,"minecraft:fall_one_cm":25884}},"DataVersion":3465}