{"stats":{"minecraft:dropped":{"minecraft:diamond":1,"minecraft:golden_shovel":1,"minecraft:hay_block":3,"minecraft:torch":1,"minecraft:beef":6,"minecraft:wooden_pickaxe":1},"minecraft:picked_up":{"minecraft:crafting_table":1,"minecraft:wheat":3,"minecraft:feather":2,"minecraft:cooked_beef":2,"minecraft:chicken":2,"minecraft:andesite":1,"minecraft:golden_leggings":1,"minecraft:potato":2,"minecraft:golden_shovel":1,"minecraft:flint":4,"minecraft:tuff":1,"minecraft:oak_log":42,"minecraft:yellow_bed":2,"minecraft:gunpowder":1,"minecraft:lapis_lazuli":40,"minecraft:string":2,"minecraft:dirt":68,"minecraft:flint_and_steel":1,"minecraft:cooked_mutton":9,"minecraft:bone":5,"minecraft:bow":1,"minecraft:wheat_seeds":13,"minecraft:cobbled_deepslate":52,"minecraft:raw_gold":26,"minecraft:stone_pickaxe":1,"minecraft:beef":10,"minecraft:cooked_chicken":1,"minecraft:iron_nugget":17,"minecraft:iron_pickaxe":1,"minecraft:oak_planks":20,"minecraft:chest":2,"minecraft:furnace":1,"minecraft:raw_iron":35,"minecraft:stick":2,"minecraft:pumpkin":4,"minecraft:gravel":12,"minecraft:torch":27,"minecraft:dandelion":1,"minecraft:fire_charge":1,"minecraft:carrot":9,"minecraft:grass_block":11,"minecraft:redstone":95,"minecraft:arrow":3,"minecraft:rotten_flesh":11,"minecraft:diamond":5,"minecraft:stone_axe":1,"minecraft:hay_block":42,"minecraft:granite":6,"minecraft:bread":30,"minecraft:oak_sapling":1,"minecraft:obsidian":2,"minecraft:mutton":7,"minecraft:coal":87,"minecraft:cobblestone":42,"minecraft:white_wool":12},"minecraft:broken":{"minecraft:stone_axe":1,"minecraft:flint_and_steel":1},"minecraft:used":{"minecraft:wheat_seeds":4,"minecraft:cooked_mutton":7,"minecraft:flint_and_steel":69,"minecraft:stone_pickaxe":71,"minecraft:oak_planks":87,"minecraft:chest":2,"minecraft:wooden_pickaxe":7,"minecraft:iron_sword":96,"minecraft:torch":16,"minecraft:dirt":17,"minecraft:crafting_table":7,"minecraft:carrot":8,"minecraft:golden_shovel":16,"minecraft:grass_block":10,"minecraft:bread":7,"minecraft:iron_pickaxe":169,"minecraft:gravel":3,"minecraft:golden_leggings":1,"minecraft:stone_axe":94,"minecraft:bow":7,"minecraft:cobblestone":9,"minecraft:hay_block":1,"minecraft:oak_sapling":1,"minecraft:furnace":3,"minecraft:oak_boat":1,"minecraft:cooked_beef":1,"minecraft:cobbled_deepslate":5,"minecraft:dandelion":1},"minecraft:mined":{"minecraft:deepslate_redstone_ore":23,"minecraft:tuff":1,"minecraft:glass_pane":1,"minecraft:deepslate_diamond_ore":4,"minecraft:glow_lichen":1,"minecraft:crafting_table":1,"minecraft:torch":11,"minecraft:granite":3,"minecraft:blast_furnace":1,"minecraft:grass_block":12,"minecraft:chest":1,"minecraft:tall_grass":2,"minecraft:cobblestone":6,"minecraft:lapis_ore":2,"minecraft:deepslate_gold_ore":26,"minecraft:oak_planks":3,"minecraft:wall_torch":7,"minecraft:hay_block":37,"minecraft:furnace":1,"minecraft:carrots":10,"minecraft:wheat":10,"minecraft:fire":10,"minecraft:andesite":2,"minecraft:pumpkin":3,"minecraft:deepslate_lapis_ore":4,"minecraft:yellow_bed":1,"minecraft:grass":5,"minecraft:coal_ore":48,"minecraft:potatoes":1,"minecraft:oak_log":43,"minecraft:gravel":1,"minecraft:deepslate_iron_ore":22,"minecraft:dirt":22,"minecraft:stone":33,"minecraft:deepslate":52},"minecraft:crafted":{"minecraft:oak_planks":216,"minecraft:crafting_table":6,"minecraft:iron_helmet":1,"minecraft:wooden_pickaxe":1,"minecraft:iron_sword":1,"minecraft:furnace":3,"minecraft:stone_axe":1,"minecraft:cooked_mutton":7,"minecraft:bread":47,"minecraft:air":0,"minecraft:flint_and_steel":1,"minecraft:oak_boat":1,"minecraft:iron_boots":1,"minecraft:iron_chestplate":1,"minecraft:stick":16,"minecraft:iron_ingot":22,"minecraft:iron_pickaxe":1,"minecraft:stone_pickaxe":1,"minecraft:chest":1,"minecraft:iron_leggings":1,"minecraft:wheat":144},"minecraft:killed":{"minecraft:zombie_villager":1,"minecraft:spider":1,"minecraft:creeper":3,"minecraft:sheep":6,"minecraft:skeleton":10,"minecraft:zombie":17,"minecraft:chicken":2,"minecraft:villager":1,"minecraft:enderman":1,"minecraft:cow":2},"minecraft:killed_by":{"minecraft:player":1},"minecraft:custom":{"minecraft:interact_with_furnace":41,"minecraft:mob_kills":45,"minecraft:interact_with_crafting_table":33,"minecraft:time_since_death":46939,"minecraft:sleep_in_bed":5,"minecraft:time_since_rest":43383,"minecraft:sprint_one_cm":152433,"minecraft:damage_taken":1177,"minecraft:walk_one_cm":249280,"minecraft:drop":13,"minecraft:damage_dealt":7285,"minecraft:talked_to_villager":9,"minecraft:fly_one_cm":294121,"minecraft:open_chest":18,"minecraft:crouch_one_cm":8071,"minecraft:play_time":70977,"minecraft:deaths":1,"minecraft:sneak_time":2731,"minecraft:walk_under_water_one_cm":14426,"minecraft:boat_one_cm":5490,"minecraft:jump":1980,"minecraft:walk_on_water_one_cm":24210,"minecraft:total_world_time":70977,"minecraft:fall_one_cm":50126,"minecraft:horse_one_cm":7032}},"DataVersion":3465}