{"stats":{"minecraft:used":{"minecraft:flint_and_steel":84,"minecraft:spruce_planks":2,"minecraft:chest":4,"minecraft:stone":7,"minecraft:iron_sword":140,"minecraft:grass":1,"minecraft:netherrack":183,"minecraft:iron_chestplate":1,"minecraft:torch":16,"minecraft:dirt":21,"minecraft:carrot":10,"minecraft:golden_shovel":16,"minecraft:spruce_boat":1,"minecraft:iron_axe":146,"minecraft:oak_stairs":6,"minecraft:grass_block":124,"minecraft:basalt":56,"minecraft:magma_block":8,"minecraft:oak_sapling":1,"minecraft:bow":7,"minecraft:hay_block":1,"minecraft:furnace":7,"minecraft:acacia_fence":48,"minecraft:gold_block":2,"minecraft:cooked_beef":4,"minecraft:cobbled_deepslate":13,"minecraft:golden_axe":30,"minecraft:iron_leggings":1,"minecraft:water_bucket":5,"minecraft:cooked_mutton":7,"minecraft:wheat_seeds":11,"minecraft:spruce_door":3,"minecraft:stone_pickaxe":71,"minecraft:oak_planks":352,"minecraft:wooden_pickaxe":7,"minecraft:blackstone":24,"minecraft:redstone_block":20,"minecraft:cauldron":7,"minecraft:sheep_spawn_egg":1,"minecraft:golden_hoe":8,"minecraft:tnt":5,"minecraft:crafting_table":13,"minecraft:red_mushroom":3,"minecraft:oak_log":9,"minecraft:diamond_pickaxe":246,"minecraft:string":3,"minecraft:bread":50,"minecraft:iron_pickaxe":410,"minecraft:gravel":12,"minecraft:golden_leggings":1,"minecraft:stone_axe":94,"minecraft:diamond_sword":117,"minecraft:cobblestone":30,"minecraft:bucket":5,"minecraft:yellow_bed":1,"minecraft:golden_pickaxe":34,"minecraft:oak_boat":14,"minecraft:dandelion":1},"minecraft:picked_up":{"minecraft:crafting_table":1,"minecraft:iron_chestplate":4,"minecraft:wheat":3,"minecraft:redstone_block":6,"minecraft:chicken":3,"minecraft:brown_mushroom":6,"minecraft:diamond_sword":1,"minecraft:oak_stairs":6,"minecraft:gold_block":2,"minecraft:golden_shovel":2,"minecraft:brewing_stand":1,"minecraft:string":6,"minecraft:flint_and_steel":2,"minecraft:iron_leggings":2,"minecraft:blackstone":24,"minecraft:gold_nugget":35,"minecraft:cobbled_deepslate":84,"minecraft:bucket":1,"minecraft:spruce_planks":6,"minecraft:beef":13,"minecraft:oak_boat":11,"minecraft:iron_nugget":46,"minecraft:iron_pickaxe":6,"minecraft:sugar_cane":6,"minecraft:chest":2,"minecraft:iron_boots":2,"minecraft:furnace":3,"minecraft:stick":27,"minecraft:raw_iron":95,"minecraft:acacia_fence":215,"minecraft:torch":51,"minecraft:spruce_fence":4,"minecraft:fire_charge":1,"minecraft:polished_blackstone_bricks":1,"minecraft:golden_axe":1,"minecraft:pointed_dripstone":1,"minecraft:warden_spawn_egg":1,"minecraft:carrot":11,"minecraft:redstone":152,"minecraft:cauldron":7,"minecraft:arrow":25,"minecraft:rotten_flesh":25,"minecraft:golden_hoe":1,"minecraft:jungle_stairs":6,"minecraft:hay_block":42,"minecraft:saddle":1,"minecraft:glistering_melon_slice":4,"minecraft:obsidian":2,"minecraft:mutton":11,"minecraft:white_wool":15,"minecraft:cobblestone":95,"minecraft:water_bucket":1,"minecraft:magma_block":13,"minecraft:cooked_beef":7,"minecraft:feather":12,"minecraft:basalt":59,"minecraft:magma_cream":2,"minecraft:glow_ink_sac":2,"minecraft:andesite":6,"minecraft:leather":8,"minecraft:golden_leggings":1,"minecraft:red_mushroom":10,"minecraft:potato":4,"minecraft:flint":6,"minecraft:tuff":4,"minecraft:oak_log":138,"minecraft:yellow_bed":4,"minecraft:golden_boots":2,"minecraft:gunpowder":2,"minecraft:lapis_lazuli":96,"minecraft:dirt":90,"minecraft:cooked_mutton":15,"minecraft:bone":17,"minecraft:bow":2,"minecraft:wheat_seeds":19,"minecraft:raw_gold":49,"minecraft:stone_pickaxe":1,"minecraft:cooked_chicken":1,"minecraft:iron_sword":2,"minecraft:oak_planks":69,"minecraft:pumpkin":4,"minecraft:quartz":124,"minecraft:dandelion":1,"minecraft:dripstone_block":1,"minecraft:gravel":12,"minecraft:jungle_planks":6,"minecraft:grass_block":11,"minecraft:spruce_log":4,"minecraft:spider_eye":1,"minecraft:spruce_door":1,"minecraft:diamond":9,"minecraft:stone_axe":2,"minecraft:iron_helmet":2,"minecraft:granite":7,"minecraft:bread":154,"minecraft:oak_sapling":1,"minecraft:netherrack":194,"minecraft:black_wool":2,"minecraft:coal":194,"minecraft:diamond_pickaxe":2},"minecraft:killed_by":{"minecraft:player":1},"minecraft:broken":{"minecraft:flint_and_steel":1,"minecraft:golden_axe":1,"minecraft:stone_axe":1,"minecraft:golden_pickaxe":1},"minecraft:killed":{"minecraft:zombified_piglin":1,"minecraft:spider":5,"minecraft:skeleton":16,"minecraft:fox":1,"minecraft:chicken":3,"minecraft:turtle":1,"minecraft:drowned":2,"minecraft:magma_cube":16,"minecraft:piglin":1,"minecraft:zombie_villager":1,"minecraft:creeper":3,"minecraft:polar_bear":1,"minecraft:sheep":31,"minecraft:zombie":28,"minecraft:glow_squid":1,"minecraft:villager":1,"minecraft:enderman":2,"minecraft:cow":5},"minecraft:mined":{"minecraft:nether_gold_ore":4,"minecraft:tuff":3,"minecraft:spruce_planks":3,"minecraft:deepslate_diamond_ore":5,"minecraft:brewing_stand":1,"minecraft:glow_lichen":1,"minecraft:granite":3,"minecraft:spruce_fence":2,"minecraft:grass_block":16,"minecraft:jungle_planks":3,"minecraft:red_mushroom":1,"minecraft:hay_block":37,"minecraft:polished_blackstone_bricks":1,"minecraft:magma_block":3,"minecraft:furnace":2,"minecraft:carrots":10,"minecraft:iron_ore":21,"minecraft:fire":19,"minecraft:cobbled_deepslate":1,"minecraft:andesite":4,"minecraft:pumpkin":3,"minecraft:deepslate_lapis_ore":8,"minecraft:gold_block":3,"minecraft:potatoes":1,"minecraft:dirt_path":1,"minecraft:water_cauldron":4,"minecraft:deepslate_iron_ore":25,"minecraft:oak_stairs":7,"minecraft:packed_ice":1,"minecraft:stone":59,"minecraft:deepslate_redstone_ore":23,"minecraft:glass_pane":1,"minecraft:redstone_block":5,"minecraft:blackstone":26,"minecraft:basalt":58,"minecraft:spruce_door":1,"minecraft:crafting_table":1,"minecraft:torch":11,"minecraft:jungle_stairs":3,"minecraft:blast_furnace":1,"minecraft:chest":1,"minecraft:nether_quartz_ore":17,"minecraft:tall_grass":4,"minecraft:cobblestone":17,"minecraft:deepslate_gold_ore":32,"minecraft:lapis_ore":2,"minecraft:oak_planks":43,"minecraft:sugar_cane":2,"minecraft:wall_torch":9,"minecraft:cauldron":3,"minecraft:sweet_berry_bush":6,"minecraft:wheat":11,"minecraft:spruce_log":4,"minecraft:yellow_bed":1,"minecraft:grass":11,"minecraft:oak_log":146,"minecraft:coal_ore":94,"minecraft:acacia_fence":4,"minecraft:gravel":1,"minecraft:dirt":22,"minecraft:dripstone_block":1,"minecraft:netherrack":235,"minecraft:deepslate":57,"minecraft:oak_leaves":1,"minecraft:fern":4},"minecraft:crafted":{"minecraft:oak_planks":564,"minecraft:cooked_chicken":1,"minecraft:furnace":6,"minecraft:cooked_mutton":7,"minecraft:flint_and_steel":1,"minecraft:iron_boots":1,"minecraft:iron_axe":2,"minecraft:stone_pickaxe":1,"minecraft:chest":3,"minecraft:spruce_boat":1,"minecraft:redstone_block":6,"minecraft:wheat":144,"minecraft:diamond_sword":1,"minecraft:cooked_porkchop":2,"minecraft:crafting_table":12,"minecraft:spruce_planks":16,"minecraft:wooden_pickaxe":1,"minecraft:iron_helmet":1,"minecraft:iron_sword":1,"minecraft:spruce_door":3,"minecraft:bucket":1,"minecraft:stone_axe":1,"minecraft:bread":47,"minecraft:air":0,"minecraft:oak_boat":3,"minecraft:iron_chestplate":1,"minecraft:diamond_pickaxe":1,"minecraft:stick":48,"minecraft:iron_ingot":25,"minecraft:iron_pickaxe":1,"minecraft:oak_stairs":4,"minecraft:iron_leggings":1},"minecraft:dropped":{"minecraft:water_bucket":1,"minecraft:golden_boots":1,"minecraft:bread":7,"minecraft:iron_sword":1,"minecraft:brown_mushroom":1,"minecraft:wheat_seeds":5,"minecraft:glow_ink_sac":2,"minecraft:tnt":1,"minecraft:diamond":1,"minecraft:dripstone_block":1,"minecraft:warden_spawn_egg":1,"minecraft:feather":5,"minecraft:cobblestone":4,"minecraft:leather":2,"minecraft:jungle_planks":6,"minecraft:sheep_spawn_egg":1,"minecraft:spruce_door":1,"minecraft:leather_helmet":1,"minecraft:red_mushroom":1,"minecraft:flint":2,"minecraft:stick":33,"minecraft:dirt":15,"minecraft:torch":1,"minecraft:oak_stairs":2,"minecraft:gold_nugget":13,"minecraft:golden_hoe":1,"minecraft:glistering_melon_slice":1,"minecraft:iron_pickaxe":4,"minecraft:string":1,"minecraft:bucket":1,"minecraft:bone":5,"minecraft:furnace":1,"minecraft:stone_axe":1,"minecraft:sugar_cane":6,"minecraft:iron_nugget":1,"minecraft:cooked_chicken":1,"minecraft:tuff":3,"minecraft:pointed_dripstone":1,"minecraft:rotten_flesh":11,"minecraft:oak_planks":7,"minecraft:iron_boots":2,"minecraft:golden_shovel":1,"minecraft:spruce_fence":4,"minecraft:leather_chestplate":1,"minecraft:potato":1,"minecraft:hay_block":3,"minecraft:gunpowder":1,"minecraft:spruce_planks":4,"minecraft:diamond_pickaxe":1,"minecraft:jungle_stairs":6,"minecraft:iron_chestplate":1,"minecraft:andesite":3,"minecraft:spider_eye":1,"minecraft:bow":2,"minecraft:beef":6,"minecraft:wooden_pickaxe":1,"minecraft:magma_cream":1,"minecraft:magma_block":1,"minecraft:acacia_fence":19,"minecraft:netherrack":8,"minecraft:black_wool":1},"minecraft:custom":{"minecraft:mob_kills":122,"minecraft:interact_with_crafting_table":62,"minecraft:leave_game":3,"minecraft:time_since_death":85444,"minecraft:climb_one_cm":1349,"minecraft:sprint_one_cm":435009,"minecraft:walk_one_cm":643601,"minecraft:drop":191,"minecraft:talked_to_villager":9,"minecraft:play_time":220423,"minecraft:sneak_time":13238,"minecraft:deaths":3,"minecraft:walk_under_water_one_cm":70601,"minecraft:boat_one_cm":679264,"minecraft:interact_with_brewingstand":1,"minecraft:jump":5327,"minecraft:walk_on_water_one_cm":68296,"minecraft:total_world_time":220423,"minecraft:interact_with_furnace":70,"minecraft:sleep_in_bed":5,"minecraft:time_since_rest":85469,"minecraft:damage_taken":3606,"minecraft:damage_dealt":16359,"minecraft:player_kills":2,"minecraft:swim_one_cm":1989,"minecraft:fly_one_cm":1185231,"minecraft:open_chest":77,"minecraft:crouch_one_cm":43998,"minecraft:use_cauldron":1,"minecraft:fall_one_cm":155221,"minecraft:horse_one_cm":7032}},"DataVersion":3465}