{"stats":{"minecraft:dropped":{"minecraft:golden_shovel":1,"minecraft:torch":1,"minecraft:wooden_pickaxe":1},"minecraft:picked_up":{"minecraft:crafting_table":1,"minecraft:feather":1,"minecraft:cooked_beef":1,"minecraft:chicken":1,"minecraft:potato":1,"minecraft:oak_log":10,"minecraft:yellow_bed":1,"minecraft:dirt":14,"minecraft:cooked_mutton":2,"minecraft:wheat_seeds":2,"minecraft:beef":2,"minecraft:cooked_chicken":1,"minecraft:chest":1,"minecraft:torch":9,"minecraft:dandelion":1,"minecraft:carrot":1,"minecraft:grass_block":6,"minecraft:hay_block":33,"minecraft:granite":2,"minecraft:oak_sapling":1,"minecraft:mutton":7,"minecraft:coal":7,"minecraft:cobblestone":18,"minecraft:white_wool":6},"minecraft:mined":{"minecraft:crafting_table":1,"minecraft:torch":4,"minecraft:granite":2,"minecraft:grass_block":6,"minecraft:chest":1,"minecraft:tall_grass":2,"minecraft:cobblestone":6,"minecraft:wall_torch":3,"minecraft:hay_block":33,"minecraft:carrots":1,"minecraft:wheat":2,"minecraft:fire":2,"minecraft:yellow_bed":1,"minecraft:grass":4,"minecraft:coal_ore":7,"minecraft:potatoes":1,"minecraft:oak_log":10,"minecraft:dirt":15,"minecraft:stone":12},"minecraft:used":{"minecraft:cooked_mutton":1,"minecraft:flint_and_steel":11,"minecraft:stone_pickaxe":22,"minecraft:wooden_pickaxe":7,"minecraft:dirt":2,"minecraft:crafting_table":4,"minecraft:golden_shovel":6,"minecraft:grass_block":6,"minecraft:bread":1,"minecraft:golden_leggings":1,"minecraft:stone_axe":32,"minecraft:cobblestone":3,"minecraft:oak_sapling":1,"minecraft:furnace":1,"minecraft:oak_boat":1,"minecraft:dandelion":1},"minecraft:crafted":{"minecraft:oak_planks":40,"minecraft:crafting_table":3,"minecraft:wooden_pickaxe":1,"minecraft:furnace":1,"minecraft:stone_axe":1,"minecraft:cooked_mutton":7,"minecraft:bread":32,"minecraft:air":0,"minecraft:oak_boat":1,"minecraft:stick":8,"minecraft:stone_pickaxe":1,"minecraft:wheat":99},"minecraft:killed":{"minecraft:sheep":6,"minecraft:chicken":2,"minecraft:villager":1,"minecraft:cow":2},"minecraft:custom":{"minecraft:interact_with_furnace":18,"minecraft:mob_kills":11,"minecraft:interact_with_crafting_table":8,"minecraft:time_since_death":16977,"minecraft:sleep_in_bed":3,"minecraft:time_since_rest":8854,"minecraft:sprint_one_cm":45425,"minecraft:damage_taken":20,"minecraft:walk_one_cm":49780,"minecraft:drop":3,"minecraft:damage_dealt":1052,"minecraft:talked_to_villager":9,"minecraft:fly_one_cm":110238,"minecraft:open_chest":3,"minecraft:crouch_one_cm":976,"minecraft:play_time":16977,"minecraft:sneak_time":485,"minecraft:walk_under_water_one_cm":7883,"minecraft:boat_one_cm":5490,"minecraft:jump":475,"minecraft:walk_on_water_one_cm":7243,"minecraft:total_world_time":16977,"minecraft:fall_one_cm":12166}},"DataVersion":3465}