{"stats":{"minecraft:used":{"minecraft:flint_and_steel":81,"minecraft:chest":4,"minecraft:iron_sword":140,"minecraft:netherrack":169,"minecraft:iron_chestplate":1,"minecraft:torch":16,"minecraft:dirt":20,"minecraft:carrot":10,"minecraft:golden_shovel":16,"minecraft:spruce_boat":1,"minecraft:iron_axe":126,"minecraft:oak_stairs":6,"minecraft:grass_block":10,"minecraft:basalt":56,"minecraft:magma_block":8,"minecraft:oak_sapling":1,"minecraft:bow":7,"minecraft:hay_block":1,"minecraft:furnace":7,"minecraft:gold_block":2,"minecraft:cooked_beef":4,"minecraft:cobbled_deepslate":13,"minecraft:golden_axe":30,"minecraft:iron_leggings":1,"minecraft:cooked_mutton":7,"minecraft:wheat_seeds":11,"minecraft:spruce_door":3,"minecraft:stone_pickaxe":71,"minecraft:oak_planks":221,"minecraft:wooden_pickaxe":7,"minecraft:blackstone":24,"minecraft:redstone_block":10,"minecraft:golden_hoe":8,"minecraft:crafting_table":11,"minecraft:red_mushroom":3,"minecraft:oak_log":9,"minecraft:diamond_pickaxe":230,"minecraft:bread":33,"minecraft:iron_pickaxe":410,"minecraft:gravel":12,"minecraft:golden_leggings":1,"minecraft:stone_axe":94,"minecraft:diamond_sword":50,"minecraft:cobblestone":30,"minecraft:yellow_bed":1,"minecraft:oak_boat":8,"minecraft:dandelion":1},"minecraft:picked_up":{"minecraft:crafting_table":1,"minecraft:iron_chestplate":3,"minecraft:wheat":3,"minecraft:redstone_block":6,"minecraft:chicken":2,"minecraft:diamond_sword":1,"minecraft:oak_stairs":6,"minecraft:gold_block":2,"minecraft:golden_shovel":2,"minecraft:brewing_stand":1,"minecraft:string":2,"minecraft:flint_and_steel":2,"minecraft:iron_leggings":2,"minecraft:blackstone":24,"minecraft:gold_nugget":35,"minecraft:cobbled_deepslate":84,"minecraft:spruce_planks":4,"minecraft:beef":13,"minecraft:oak_boat":7,"minecraft:iron_nugget":46,"minecraft:iron_pickaxe":6,"minecraft:sugar_cane":6,"minecraft:chest":2,"minecraft:iron_boots":2,"minecraft:furnace":3,"minecraft:stick":27,"minecraft:raw_iron":95,"minecraft:torch":51,"minecraft:spruce_fence":2,"minecraft:fire_charge":1,"minecraft:polished_blackstone_bricks":1,"minecraft:golden_axe":1,"minecraft:pointed_dripstone":1,"minecraft:carrot":11,"minecraft:redstone":152,"minecraft:cauldron":4,"minecraft:arrow":23,"minecraft:rotten_flesh":17,"minecraft:golden_hoe":1,"minecraft:jungle_stairs":3,"minecraft:hay_block":42,"minecraft:glistering_melon_slice":4,"minecraft:obsidian":2,"minecraft:mutton":8,"minecraft:white_wool":13,"minecraft:cobblestone":95,"minecraft:magma_block":12,"minecraft:cooked_beef":7,"minecraft:feather":2,"minecraft:basalt":59,"minecraft:magma_cream":2,"minecraft:glow_ink_sac":2,"minecraft:andesite":6,"minecraft:leather":8,"minecraft:golden_leggings":1,"minecraft:red_mushroom":10,"minecraft:potato":4,"minecraft:flint":6,"minecraft:tuff":4,"minecraft:oak_log":138,"minecraft:yellow_bed":4,"minecraft:golden_boots":2,"minecraft:gunpowder":2,"minecraft:lapis_lazuli":96,"minecraft:dirt":73,"minecraft:cooked_mutton":15,"minecraft:bone":14,"minecraft:bow":2,"minecraft:wheat_seeds":19,"minecraft:raw_gold":49,"minecraft:stone_pickaxe":1,"minecraft:cooked_chicken":1,"minecraft:iron_sword":2,"minecraft:oak_planks":66,"minecraft:pumpkin":4,"minecraft:quartz":124,"minecraft:dandelion":1,"minecraft:dripstone_block":1,"minecraft:gravel":12,"minecraft:jungle_planks":3,"minecraft:grass_block":11,"minecraft:spruce_log":4,"minecraft:spruce_door":1,"minecraft:diamond":9,"minecraft:stone_axe":2,"minecraft:iron_helmet":2,"minecraft:granite":6,"minecraft:bread":152,"minecraft:oak_sapling":1,"minecraft:netherrack":177,"minecraft:black_wool":2,"minecraft:coal":194,"minecraft:diamond_pickaxe":1},"minecraft:killed_by":{"minecraft:player":1},"minecraft:broken":{"minecraft:flint_and_steel":1,"minecraft:golden_axe":1,"minecraft:stone_axe":1},"minecraft:killed":{"minecraft:zombified_piglin":1,"minecraft:spider":1,"minecraft:skeleton":13,"minecraft:chicken":2,"minecraft:turtle":1,"minecraft:drowned":1,"minecraft:magma_cube":16,"minecraft:piglin":1,"minecraft:zombie_villager":1,"minecraft:creeper":3,"minecraft:sheep":8,"minecraft:zombie":22,"minecraft:glow_squid":1,"minecraft:villager":1,"minecraft:enderman":2,"minecraft:cow":5},"minecraft:mined":{"minecraft:nether_gold_ore":4,"minecraft:tuff":3,"minecraft:spruce_planks":2,"minecraft:deepslate_diamond_ore":5,"minecraft:brewing_stand":1,"minecraft:glow_lichen":1,"minecraft:granite":3,"minecraft:spruce_fence":2,"minecraft:grass_block":16,"minecraft:jungle_planks":3,"minecraft:red_mushroom":1,"minecraft:hay_block":37,"minecraft:polished_blackstone_bricks":1,"minecraft:magma_block":3,"minecraft:furnace":2,"minecraft:carrots":10,"minecraft:iron_ore":21,"minecraft:fire":19,"minecraft:cobbled_deepslate":1,"minecraft:andesite":4,"minecraft:pumpkin":3,"minecraft:deepslate_lapis_ore":8,"minecraft:gold_block":3,"minecraft:potatoes":1,"minecraft:dirt_path":1,"minecraft:water_cauldron":4,"minecraft:deepslate_iron_ore":25,"minecraft:oak_stairs":7,"minecraft:packed_ice":1,"minecraft:stone":59,"minecraft:deepslate_redstone_ore":23,"minecraft:glass_pane":1,"minecraft:redstone_block":5,"minecraft:blackstone":26,"minecraft:basalt":58,"minecraft:spruce_door":1,"minecraft:crafting_table":1,"minecraft:torch":11,"minecraft:jungle_stairs":3,"minecraft:blast_furnace":1,"minecraft:chest":1,"minecraft:nether_quartz_ore":17,"minecraft:tall_grass":4,"minecraft:cobblestone":17,"minecraft:deepslate_gold_ore":32,"minecraft:lapis_ore":2,"minecraft:oak_planks":37,"minecraft:sugar_cane":2,"minecraft:wall_torch":9,"minecraft:wheat":11,"minecraft:spruce_log":4,"minecraft:yellow_bed":1,"minecraft:grass":10,"minecraft:oak_log":146,"minecraft:coal_ore":94,"minecraft:gravel":1,"minecraft:dirt":22,"minecraft:dripstone_block":1,"minecraft:netherrack":207,"minecraft:deepslate":57,"minecraft:oak_leaves":1},"minecraft:crafted":{"minecraft:oak_planks":564,"minecraft:cooked_chicken":1,"minecraft:furnace":6,"minecraft:cooked_mutton":7,"minecraft:flint_and_steel":1,"minecraft:iron_boots":1,"minecraft:iron_axe":2,"minecraft:stone_pickaxe":1,"minecraft:chest":3,"minecraft:spruce_boat":1,"minecraft:redstone_block":6,"minecraft:wheat":144,"minecraft:diamond_sword":1,"minecraft:cooked_porkchop":2,"minecraft:crafting_table":10,"minecraft:spruce_planks":16,"minecraft:wooden_pickaxe":1,"minecraft:iron_helmet":1,"minecraft:iron_sword":1,"minecraft:spruce_door":3,"minecraft:stone_axe":1,"minecraft:bread":47,"minecraft:air":0,"minecraft:oak_boat":2,"minecraft:iron_chestplate":1,"minecraft:diamond_pickaxe":1,"minecraft:stick":48,"minecraft:iron_ingot":25,"minecraft:iron_pickaxe":1,"minecraft:oak_stairs":4,"minecraft:iron_leggings":1},"minecraft:dropped":{"minecraft:golden_boots":1,"minecraft:iron_sword":1,"minecraft:wheat_seeds":5,"minecraft:glow_ink_sac":2,"minecraft:diamond":1,"minecraft:dripstone_block":1,"minecraft:cobblestone":4,"minecraft:spruce_door":1,"minecraft:leather_helmet":1,"minecraft:red_mushroom":1,"minecraft:flint":2,"minecraft:stick":33,"minecraft:dirt":1,"minecraft:torch":1,"minecraft:gold_nugget":13,"minecraft:golden_hoe":1,"minecraft:glistering_melon_slice":1,"minecraft:iron_pickaxe":3,"minecraft:furnace":1,"minecraft:stone_axe":1,"minecraft:sugar_cane":6,"minecraft:cooked_chicken":1,"minecraft:tuff":3,"minecraft:pointed_dripstone":1,"minecraft:rotten_flesh":2,"minecraft:iron_boots":2,"minecraft:golden_shovel":1,"minecraft:leather_chestplate":1,"minecraft:potato":1,"minecraft:hay_block":3,"minecraft:gunpowder":1,"minecraft:spruce_planks":2,"minecraft:iron_chestplate":1,"minecraft:andesite":3,"minecraft:bow":2,"minecraft:beef":6,"minecraft:wooden_pickaxe":1,"minecraft:netherrack":8,"minecraft:black_wool":1},"minecraft:custom":{"minecraft:mob_kills":81,"minecraft:interact_with_crafting_table":60,"minecraft:leave_game":2,"minecraft:time_since_death":36467,"minecraft:climb_one_cm":1126,"minecraft:sprint_one_cm":339426,"minecraft:walk_one_cm":531705,"minecraft:drop":90,"minecraft:talked_to_villager":9,"minecraft:play_time":171446,"minecraft:sneak_time":11141,"minecraft:deaths":3,"minecraft:walk_under_water_one_cm":65090,"minecraft:boat_one_cm":353884,"minecraft:interact_with_brewingstand":1,"minecraft:jump":4410,"minecraft:walk_on_water_one_cm":58527,"minecraft:total_world_time":171446,"minecraft:interact_with_furnace":70,"minecraft:sleep_in_bed":5,"minecraft:time_since_rest":36492,"minecraft:damage_taken":2779,"minecraft:damage_dealt":12331,"minecraft:swim_one_cm":1989,"minecraft:fly_one_cm":774283,"minecraft:open_chest":75,"minecraft:crouch_one_cm":40621,"minecraft:fall_one_cm":128742,"minecraft:horse_one_cm":7032}},"DataVersion":3465}