{"stats":{"minecraft:used":{"minecraft:flint_and_steel":81,"minecraft:chest":4,"minecraft:iron_sword":140,"minecraft:netherrack":104,"minecraft:iron_chestplate":1,"minecraft:torch":16,"minecraft:dirt":17,"minecraft:carrot":10,"minecraft:golden_shovel":16,"minecraft:spruce_boat":1,"minecraft:iron_axe":15,"minecraft:grass_block":10,"minecraft:oak_stairs":2,"minecraft:basalt":53,"minecraft:magma_block":3,"minecraft:bow":7,"minecraft:hay_block":1,"minecraft:oak_sapling":1,"minecraft:furnace":7,"minecraft:cooked_beef":4,"minecraft:cobbled_deepslate":13,"minecraft:cooked_mutton":7,"minecraft:wheat_seeds":11,"minecraft:spruce_door":3,"minecraft:stone_pickaxe":71,"minecraft:oak_planks":131,"minecraft:blackstone":24,"minecraft:wooden_pickaxe":7,"minecraft:golden_hoe":8,"minecraft:crafting_table":10,"minecraft:diamond_pickaxe":182,"minecraft:bread":16,"minecraft:iron_pickaxe":410,"minecraft:gravel":12,"minecraft:golden_leggings":1,"minecraft:stone_axe":94,"minecraft:diamond_sword":24,"minecraft:cobblestone":25,"minecraft:oak_boat":1,"minecraft:dandelion":1},"minecraft:picked_up":{"minecraft:crafting_table":1,"minecraft:iron_chestplate":2,"minecraft:wheat":3,"minecraft:chicken":2,"minecraft:gold_block":1,"minecraft:golden_shovel":2,"minecraft:string":2,"minecraft:flint_and_steel":2,"minecraft:iron_leggings":1,"minecraft:blackstone":24,"minecraft:gold_nugget":18,"minecraft:cobbled_deepslate":84,"minecraft:beef":13,"minecraft:iron_nugget":17,"minecraft:iron_pickaxe":5,"minecraft:sugar_cane":6,"minecraft:chest":2,"minecraft:furnace":3,"minecraft:iron_boots":1,"minecraft:stick":3,"minecraft:raw_iron":91,"minecraft:torch":31,"minecraft:fire_charge":1,"minecraft:pointed_dripstone":1,"minecraft:carrot":11,"minecraft:redstone":152,"minecraft:arrow":5,"minecraft:rotten_flesh":12,"minecraft:hay_block":42,"minecraft:obsidian":2,"minecraft:mutton":8,"minecraft:cobblestone":86,"minecraft:white_wool":13,"minecraft:magma_block":3,"minecraft:basalt":55,"minecraft:feather":2,"minecraft:cooked_beef":7,"minecraft:magma_cream":1,"minecraft:glow_ink_sac":2,"minecraft:andesite":6,"minecraft:leather":6,"minecraft:golden_leggings":1,"minecraft:potato":4,"minecraft:flint":6,"minecraft:golden_boots":1,"minecraft:tuff":4,"minecraft:oak_log":58,"minecraft:yellow_bed":3,"minecraft:gunpowder":2,"minecraft:lapis_lazuli":96,"minecraft:dirt":69,"minecraft:cooked_mutton":15,"minecraft:bone":12,"minecraft:bow":2,"minecraft:wheat_seeds":14,"minecraft:raw_gold":49,"minecraft:stone_pickaxe":1,"minecraft:cooked_chicken":1,"minecraft:iron_sword":2,"minecraft:oak_planks":44,"minecraft:pumpkin":4,"minecraft:quartz":14,"minecraft:dandelion":1,"minecraft:dripstone_block":1,"minecraft:gravel":12,"minecraft:grass_block":11,"minecraft:spruce_log":4,"minecraft:spruce_door":1,"minecraft:diamond":9,"minecraft:stone_axe":1,"minecraft:iron_helmet":1,"minecraft:granite":6,"minecraft:bread":92,"minecraft:oak_sapling":1,"minecraft:netherrack":156,"minecraft:black_wool":2,"minecraft:coal":180},"minecraft:killed_by":{"minecraft:player":1},"minecraft:broken":{"minecraft:flint_and_steel":1,"minecraft:stone_axe":1},"minecraft:killed":{"minecraft:zombified_piglin":1,"minecraft:spider":1,"minecraft:skeleton":13,"minecraft:chicken":2,"minecraft:drowned":1,"minecraft:magma_cube":16,"minecraft:zombie_villager":1,"minecraft:creeper":3,"minecraft:sheep":8,"minecraft:zombie":20,"minecraft:glow_squid":1,"minecraft:villager":1,"minecraft:cow":5,"minecraft:enderman":1},"minecraft:mined":{"minecraft:nether_gold_ore":4,"minecraft:tuff":3,"minecraft:deepslate_diamond_ore":5,"minecraft:glow_lichen":1,"minecraft:granite":3,"minecraft:grass_block":12,"minecraft:hay_block":37,"minecraft:magma_block":3,"minecraft:furnace":2,"minecraft:carrots":10,"minecraft:cobbled_deepslate":1,"minecraft:iron_ore":21,"minecraft:fire":14,"minecraft:andesite":4,"minecraft:pumpkin":3,"minecraft:deepslate_lapis_ore":8,"minecraft:gold_block":2,"minecraft:potatoes":1,"minecraft:deepslate_iron_ore":25,"minecraft:packed_ice":1,"minecraft:stone":59,"minecraft:deepslate_redstone_ore":23,"minecraft:glass_pane":1,"minecraft:blackstone":26,"minecraft:basalt":58,"minecraft:spruce_door":1,"minecraft:crafting_table":1,"minecraft:torch":11,"minecraft:blast_furnace":1,"minecraft:chest":1,"minecraft:nether_quartz_ore":17,"minecraft:tall_grass":3,"minecraft:cobblestone":7,"minecraft:lapis_ore":2,"minecraft:deepslate_gold_ore":32,"minecraft:sugar_cane":2,"minecraft:oak_planks":5,"minecraft:wall_torch":9,"minecraft:wheat":10,"minecraft:spruce_log":4,"minecraft:yellow_bed":1,"minecraft:grass":6,"minecraft:oak_log":60,"minecraft:coal_ore":94,"minecraft:gravel":1,"minecraft:dripstone_block":1,"minecraft:dirt":22,"minecraft:netherrack":184,"minecraft:deepslate":57},"minecraft:crafted":{"minecraft:oak_planks":280,"minecraft:furnace":6,"minecraft:cooked_mutton":7,"minecraft:flint_and_steel":1,"minecraft:iron_boots":1,"minecraft:iron_axe":1,"minecraft:stone_pickaxe":1,"minecraft:chest":3,"minecraft:spruce_boat":1,"minecraft:wheat":144,"minecraft:diamond_sword":1,"minecraft:crafting_table":9,"minecraft:spruce_planks":16,"minecraft:wooden_pickaxe":1,"minecraft:iron_helmet":1,"minecraft:iron_sword":1,"minecraft:spruce_door":3,"minecraft:stone_axe":1,"minecraft:bread":47,"minecraft:air":0,"minecraft:oak_boat":1,"minecraft:iron_chestplate":1,"minecraft:diamond_pickaxe":1,"minecraft:stick":24,"minecraft:iron_ingot":22,"minecraft:iron_pickaxe":1,"minecraft:oak_stairs":4,"minecraft:iron_leggings":1},"minecraft:dropped":{"minecraft:glow_ink_sac":2,"minecraft:diamond":1,"minecraft:dripstone_block":1,"minecraft:spruce_door":1,"minecraft:leather_helmet":1,"minecraft:stick":1,"minecraft:flint":2,"minecraft:torch":1,"minecraft:gold_nugget":2,"minecraft:iron_pickaxe":3,"minecraft:furnace":1,"minecraft:sugar_cane":6,"minecraft:tuff":3,"minecraft:pointed_dripstone":1,"minecraft:golden_shovel":1,"minecraft:leather_chestplate":1,"minecraft:potato":1,"minecraft:hay_block":3,"minecraft:gunpowder":1,"minecraft:spruce_planks":1,"minecraft:andesite":3,"minecraft:wooden_pickaxe":1,"minecraft:bow":2,"minecraft:beef":6,"minecraft:black_wool":1,"minecraft:netherrack":8},"minecraft:custom":{"minecraft:mob_kills":76,"minecraft:interact_with_crafting_table":53,"minecraft:leave_game":1,"minecraft:time_since_death":52668,"minecraft:climb_one_cm":214,"minecraft:sprint_one_cm":242299,"minecraft:walk_one_cm":396696,"minecraft:drop":55,"minecraft:talked_to_villager":9,"minecraft:play_time":129471,"minecraft:sneak_time":9246,"minecraft:deaths":2,"minecraft:walk_under_water_one_cm":61107,"minecraft:boat_one_cm":172669,"minecraft:jump":3252,"minecraft:walk_on_water_one_cm":53288,"minecraft:total_world_time":129471,"minecraft:interact_with_furnace":52,"minecraft:sleep_in_bed":5,"minecraft:time_since_rest":52812,"minecraft:damage_taken":2010,"minecraft:damage_dealt":10360,"minecraft:swim_one_cm":1989,"minecraft:fly_one_cm":521893,"minecraft:open_chest":45,"minecraft:crouch_one_cm":32517,"minecraft:fall_one_cm":88395,"minecraft:horse_one_cm":7032}},"DataVersion":3465}