{"stats":{"minecraft:dropped":{"minecraft:diamond":1,"minecraft:golden_shovel":1,"minecraft:hay_block":3,"minecraft:torch":1,"minecraft:beef":6,"minecraft:wooden_pickaxe":1},"minecraft:picked_up":{"minecraft:crafting_table":1,"minecraft:wheat":3,"minecraft:feather":2,"minecraft:cooked_beef":2,"minecraft:chicken":2,"minecraft:golden_leggings":1,"minecraft:potato":2,"minecraft:golden_shovel":1,"minecraft:flint":2,"minecraft:tuff":1,"minecraft:oak_log":42,"minecraft:yellow_bed":2,"minecraft:gunpowder":1,"minecraft:lapis_lazuli":13,"minecraft:string":2,"minecraft:dirt":68,"minecraft:flint_and_steel":1,"minecraft:cooked_mutton":9,"minecraft:bone":5,"minecraft:bow":1,"minecraft:wheat_seeds":13,"minecraft:cobbled_deepslate":47,"minecraft:raw_gold":19,"minecraft:stone_pickaxe":1,"minecraft:beef":10,"minecraft:cooked_chicken":1,"minecraft:iron_nugget":17,"minecraft:iron_pickaxe":1,"minecraft:oak_planks":14,"minecraft:chest":2,"minecraft:raw_iron":22,"minecraft:stick":2,"minecraft:pumpkin":4,"minecraft:gravel":8,"minecraft:torch":24,"minecraft:dandelion":1,"minecraft:fire_charge":1,"minecraft:carrot":9,"minecraft:grass_block":11,"minecraft:redstone":95,"minecraft:arrow":3,"minecraft:rotten_flesh":11,"minecraft:diamond":5,"minecraft:stone_axe":1,"minecraft:hay_block":42,"minecraft:granite":6,"minecraft:bread":30,"minecraft:oak_sapling":1,"minecraft:obsidian":2,"minecraft:mutton":7,"minecraft:coal":78,"minecraft:cobblestone":27,"minecraft:white_wool":12},"minecraft:broken":{"minecraft:stone_axe":1},"minecraft:used":{"minecraft:wheat_seeds":4,"minecraft:cooked_mutton":6,"minecraft:flint_and_steel":62,"minecraft:stone_pickaxe":71,"minecraft:oak_planks":87,"minecraft:chest":2,"minecraft:wooden_pickaxe":7,"minecraft:iron_sword":78,"minecraft:torch":16,"minecraft:dirt":17,"minecraft:crafting_table":6,"minecraft:carrot":6,"minecraft:golden_shovel":16,"minecraft:grass_block":10,"minecraft:bread":5,"minecraft:iron_pickaxe":125,"minecraft:golden_leggings":1,"minecraft:stone_axe":94,"minecraft:bow":7,"minecraft:cobblestone":9,"minecraft:hay_block":1,"minecraft:oak_sapling":1,"minecraft:furnace":2,"minecraft:oak_boat":1,"minecraft:cooked_beef":1,"minecraft:cobbled_deepslate":5,"minecraft:dandelion":1},"minecraft:mined":{"minecraft:deepslate_redstone_ore":23,"minecraft:tuff":1,"minecraft:glass_pane":1,"minecraft:deepslate_diamond_ore":4,"minecraft:glow_lichen":1,"minecraft:crafting_table":1,"minecraft:torch":9,"minecraft:granite":3,"minecraft:blast_furnace":1,"minecraft:grass_block":12,"minecraft:chest":1,"minecraft:tall_grass":2,"minecraft:cobblestone":6,"minecraft:lapis_ore":2,"minecraft:deepslate_gold_ore":19,"minecraft:oak_planks":3,"minecraft:wall_torch":6,"minecraft:hay_block":37,"minecraft:carrots":10,"minecraft:wheat":10,"minecraft:fire":9,"minecraft:pumpkin":3,"minecraft:yellow_bed":1,"minecraft:grass":5,"minecraft:coal_ore":39,"minecraft:potatoes":1,"minecraft:oak_log":43,"minecraft:deepslate_iron_ore":22,"minecraft:dirt":22,"minecraft:stone":16,"minecraft:deepslate":49},"minecraft:crafted":{"minecraft:oak_planks":216,"minecraft:crafting_table":5,"minecraft:iron_helmet":1,"minecraft:wooden_pickaxe":1,"minecraft:iron_sword":1,"minecraft:furnace":2,"minecraft:stone_axe":1,"minecraft:cooked_mutton":7,"minecraft:bread":47,"minecraft:air":0,"minecraft:oak_boat":1,"minecraft:iron_boots":1,"minecraft:iron_chestplate":1,"minecraft:stick":16,"minecraft:iron_ingot":21,"minecraft:iron_pickaxe":1,"minecraft:stone_pickaxe":1,"minecraft:chest":1,"minecraft:iron_leggings":1,"minecraft:wheat":144},"minecraft:killed":{"minecraft:zombie_villager":1,"minecraft:spider":1,"minecraft:creeper":3,"minecraft:sheep":6,"minecraft:skeleton":8,"minecraft:zombie":17,"minecraft:chicken":2,"minecraft:villager":1,"minecraft:enderman":1,"minecraft:cow":2},"minecraft:killed_by":{"minecraft:player":1},"minecraft:custom":{"minecraft:interact_with_furnace":38,"minecraft:mob_kills":43,"minecraft:interact_with_crafting_table":31,"minecraft:time_since_death":40939,"minecraft:sleep_in_bed":5,"minecraft:time_since_rest":37383,"minecraft:sprint_one_cm":141660,"minecraft:damage_taken":984,"minecraft:walk_one_cm":228080,"minecraft:drop":13,"minecraft:damage_dealt":6541,"minecraft:talked_to_villager":9,"minecraft:fly_one_cm":278509,"minecraft:open_chest":18,"minecraft:crouch_one_cm":7325,"minecraft:play_time":64977,"minecraft:deaths":1,"minecraft:sneak_time":2474,"minecraft:walk_under_water_one_cm":13301,"minecraft:boat_one_cm":5490,"minecraft:jump":1818,"minecraft:walk_on_water_one_cm":14189,"minecraft:total_world_time":64977,"minecraft:fall_one_cm":45813,"minecraft:horse_one_cm":7032}},"DataVersion":3465}