{"stats":{"minecraft:dropped":{"minecraft:torch":1,"minecraft:wooden_pickaxe":1,"minecraft:golden_shovel":1},"minecraft:picked_up":{"minecraft:crafting_table":1,"minecraft:torch":9,"minecraft:dandelion":1,"minecraft:potato":1,"minecraft:oak_log":10,"minecraft:yellow_bed":1,"minecraft:carrot":1,"minecraft:dirt":14,"minecraft:wheat_seeds":1,"minecraft:hay_block":11,"minecraft:granite":2,"minecraft:oak_sapling":1,"minecraft:chest":1,"minecraft:mutton":7,"minecraft:white_wool":4,"minecraft:cobblestone":15},"minecraft:used":{"minecraft:cooked_mutton":1,"minecraft:flint_and_steel":6,"minecraft:stone_pickaxe":12,"minecraft:wooden_pickaxe":7,"minecraft:golden_leggings":1,"minecraft:stone_axe":13,"minecraft:dirt":2,"minecraft:crafting_table":3,"minecraft:furnace":1,"minecraft:oak_sapling":1,"minecraft:oak_boat":1,"minecraft:dandelion":1},"minecraft:mined":{"minecraft:hay_block":11,"minecraft:carrots":1,"minecraft:wheat":2,"minecraft:torch":4,"minecraft:yellow_bed":1,"minecraft:crafting_table":1,"minecraft:granite":2,"minecraft:grass":1,"minecraft:potatoes":1,"minecraft:oak_log":10,"minecraft:chest":1,"minecraft:dirt":15,"minecraft:cobblestone":6,"minecraft:stone":9,"minecraft:wall_torch":3},"minecraft:crafted":{"minecraft:oak_boat":1,"minecraft:oak_planks":40,"minecraft:crafting_table":3,"minecraft:stick":8,"minecraft:wooden_pickaxe":1,"minecraft:stone_pickaxe":1,"minecraft:furnace":1,"minecraft:stone_axe":1,"minecraft:air":0,"minecraft:cooked_mutton":7},"minecraft:killed":{"minecraft:sheep":4},"minecraft:custom":{"minecraft:time_since_rest":2854,"minecraft:interact_with_furnace":18,"minecraft:sprint_one_cm":29389,"minecraft:damage_taken":20,"minecraft:walk_one_cm":27155,"minecraft:mob_kills":4,"minecraft:drop":3,"minecraft:damage_dealt":350,"minecraft:interact_with_crafting_table":7,"minecraft:fly_one_cm":75189,"minecraft:open_chest":3,"minecraft:crouch_one_cm":765,"minecraft:play_time":10977,"minecraft:sneak_time":326,"minecraft:walk_under_water_one_cm":2219,"minecraft:boat_one_cm":5490,"minecraft:jump":291,"minecraft:time_since_death":10977,"minecraft:walk_on_water_one_cm":5723,"minecraft:sleep_in_bed":3,"minecraft:total_world_time":10977,"minecraft:fall_one_cm":6639}},"DataVersion":3465}