{"stats":{"minecraft:dropped":{"minecraft:diamond":1,"minecraft:dripstone_block":1,"minecraft:spruce_door":1,"minecraft:leather_helmet":1,"minecraft:stick":1,"minecraft:flint":2,"minecraft:torch":1,"minecraft:iron_pickaxe":2,"minecraft:sugar_cane":6,"minecraft:tuff":3,"minecraft:pointed_dripstone":1,"minecraft:golden_shovel":1,"minecraft:potato":1,"minecraft:hay_block":3,"minecraft:gunpowder":1,"minecraft:andesite":3,"minecraft:bow":1,"minecraft:beef":6,"minecraft:wooden_pickaxe":1},"minecraft:picked_up":{"minecraft:iron_chestplate":1,"minecraft:crafting_table":1,"minecraft:wheat":3,"minecraft:chicken":2,"minecraft:gold_block":1,"minecraft:golden_shovel":2,"minecraft:string":2,"minecraft:flint_and_steel":2,"minecraft:cobbled_deepslate":83,"minecraft:beef":12,"minecraft:iron_nugget":17,"minecraft:iron_pickaxe":4,"minecraft:sugar_cane":6,"minecraft:chest":2,"minecraft:iron_boots":1,"minecraft:furnace":2,"minecraft:stick":3,"minecraft:raw_iron":91,"minecraft:torch":31,"minecraft:fire_charge":1,"minecraft:pointed_dripstone":1,"minecraft:carrot":11,"minecraft:redstone":152,"minecraft:arrow":5,"minecraft:rotten_flesh":11,"minecraft:hay_block":42,"minecraft:mutton":7,"minecraft:obsidian":2,"minecraft:white_wool":12,"minecraft:cobblestone":86,"minecraft:magma_block":1,"minecraft:feather":2,"minecraft:cooked_beef":7,"minecraft:glow_ink_sac":2,"minecraft:andesite":6,"minecraft:leather":5,"minecraft:golden_leggings":1,"minecraft:potato":4,"minecraft:flint":6,"minecraft:tuff":4,"minecraft:oak_log":46,"minecraft:yellow_bed":3,"minecraft:gunpowder":2,"minecraft:lapis_lazuli":96,"minecraft:dirt":68,"minecraft:cooked_mutton":15,"minecraft:bone":12,"minecraft:bow":2,"minecraft:wheat_seeds":13,"minecraft:raw_gold":49,"minecraft:stone_pickaxe":1,"minecraft:cooked_chicken":1,"minecraft:oak_planks":33,"minecraft:iron_sword":1,"minecraft:pumpkin":4,"minecraft:dandelion":1,"minecraft:dripstone_block":1,"minecraft:gravel":12,"minecraft:spruce_log":4,"minecraft:grass_block":11,"minecraft:spruce_door":1,"minecraft:diamond":9,"minecraft:stone_axe":1,"minecraft:iron_helmet":1,"minecraft:granite":6,"minecraft:bread":70,"minecraft:netherrack":8,"minecraft:oak_sapling":1,"minecraft:black_wool":2,"minecraft:coal":174},"minecraft:broken":{"minecraft:flint_and_steel":1,"minecraft:stone_axe":1},"minecraft:used":{"minecraft:flint_and_steel":78,"minecraft:chest":2,"minecraft:iron_sword":135,"minecraft:iron_chestplate":1,"minecraft:torch":16,"minecraft:dirt":17,"minecraft:carrot":10,"minecraft:golden_shovel":16,"minecraft:spruce_boat":1,"minecraft:grass_block":10,"minecraft:bow":7,"minecraft:hay_block":1,"minecraft:furnace":3,"minecraft:oak_sapling":1,"minecraft:cooked_beef":4,"minecraft:cobbled_deepslate":5,"minecraft:wheat_seeds":4,"minecraft:cooked_mutton":7,"minecraft:spruce_door":3,"minecraft:stone_pickaxe":71,"minecraft:oak_planks":96,"minecraft:wooden_pickaxe":7,"minecraft:crafting_table":8,"minecraft:bread":10,"minecraft:iron_pickaxe":306,"minecraft:gravel":12,"minecraft:golden_leggings":1,"minecraft:stone_axe":94,"minecraft:cobblestone":25,"minecraft:oak_boat":1,"minecraft:dandelion":1},"minecraft:mined":{"minecraft:tuff":3,"minecraft:deepslate_diamond_ore":5,"minecraft:glow_lichen":1,"minecraft:granite":3,"minecraft:grass_block":12,"minecraft:hay_block":37,"minecraft:magma_block":1,"minecraft:furnace":1,"minecraft:carrots":10,"minecraft:iron_ore":21,"minecraft:fire":12,"minecraft:andesite":4,"minecraft:pumpkin":3,"minecraft:deepslate_lapis_ore":8,"minecraft:gold_block":1,"minecraft:potatoes":1,"minecraft:deepslate_iron_ore":25,"minecraft:packed_ice":1,"minecraft:stone":59,"minecraft:deepslate_redstone_ore":23,"minecraft:glass_pane":1,"minecraft:spruce_door":1,"minecraft:crafting_table":1,"minecraft:torch":11,"minecraft:blast_furnace":1,"minecraft:chest":1,"minecraft:cobblestone":7,"minecraft:tall_grass":2,"minecraft:deepslate_gold_ore":32,"minecraft:lapis_ore":2,"minecraft:oak_planks":3,"minecraft:sugar_cane":2,"minecraft:wall_torch":7,"minecraft:wheat":10,"minecraft:spruce_log":4,"minecraft:yellow_bed":1,"minecraft:grass":5,"minecraft:oak_log":47,"minecraft:coal_ore":87,"minecraft:dripstone_block":1,"minecraft:dirt":22,"minecraft:gravel":1,"minecraft:netherrack":20,"minecraft:deepslate":57},"minecraft:crafted":{"minecraft:oak_planks":216,"minecraft:furnace":3,"minecraft:cooked_mutton":7,"minecraft:flint_and_steel":1,"minecraft:iron_boots":1,"minecraft:stone_pickaxe":1,"minecraft:chest":1,"minecraft:spruce_boat":1,"minecraft:wheat":144,"minecraft:crafting_table":7,"minecraft:spruce_planks":16,"minecraft:wooden_pickaxe":1,"minecraft:iron_helmet":1,"minecraft:iron_sword":1,"minecraft:spruce_door":3,"minecraft:stone_axe":1,"minecraft:bread":47,"minecraft:air":0,"minecraft:oak_boat":1,"minecraft:iron_chestplate":1,"minecraft:stick":16,"minecraft:iron_ingot":22,"minecraft:iron_pickaxe":1,"minecraft:iron_leggings":1},"minecraft:killed":{"minecraft:spider":1,"minecraft:skeleton":13,"minecraft:chicken":2,"minecraft:drowned":1,"minecraft:zombie_villager":1,"minecraft:creeper":3,"minecraft:sheep":7,"minecraft:zombie":20,"minecraft:glow_squid":1,"minecraft:villager":1,"minecraft:cow":4,"minecraft:enderman":1},"minecraft:killed_by":{"minecraft:player":1},"minecraft:custom":{"minecraft:mob_kills":57,"minecraft:interact_with_crafting_table":39,"minecraft:time_since_death":24174,"minecraft:climb_one_cm":214,"minecraft:sprint_one_cm":196067,"minecraft:walk_one_cm":304672,"minecraft:drop":37,"minecraft:talked_to_villager":9,"minecraft:play_time":100977,"minecraft:deaths":2,"minecraft:sneak_time":4447,"minecraft:walk_under_water_one_cm":61107,"minecraft:boat_one_cm":172669,"minecraft:jump":2736,"minecraft:walk_on_water_one_cm":53288,"minecraft:total_world_time":100977,"minecraft:interact_with_furnace":41,"minecraft:sleep_in_bed":5,"minecraft:time_since_rest":24318,"minecraft:damage_taken":1839,"minecraft:damage_dealt":9274,"minecraft:swim_one_cm":1989,"minecraft:fly_one_cm":434187,"minecraft:open_chest":23,"minecraft:crouch_one_cm":11070,"minecraft:fall_one_cm":73570,"minecraft:horse_one_cm":7032}},"DataVersion":3465}