{"stats":{"minecraft:crafted":{"minecraft:spruce_planks":216,"minecraft:iron_helmet":1,"minecraft:iron_sword":1,"minecraft:furnace":1,"minecraft:cooked_mutton":6,"minecraft:air":0,"minecraft:iron_boots":1,"minecraft:iron_chestplate":1,"minecraft:iron_axe":1,"minecraft:iron_leggings":1},"minecraft:mined":{"minecraft:large_amethyst_bud":2,"minecraft:amethyst_cluster":1,"minecraft:potted_crimson_fungus":1,"minecraft:oak_fence":1,"minecraft:granite":2,"minecraft:lapis_ore":1,"minecraft:diorite":14,"minecraft:amethyst_block":3,"minecraft:spawner":2,"minecraft:chain":1,"minecraft:iron_ore":14,"minecraft:sweet_berry_bush":5,"minecraft:spruce_log":190,"minecraft:pumpkin":1,"minecraft:black_bed":1,"minecraft:coal_ore":1,"minecraft:stone":14,"minecraft:fern":2,"quark:hollow_spruce_log":2,"minecraft:deepslate":6},"minecraft:picked_up":{"minecraft:iron_chestplate":2,"minecraft:flower_pot":1,"minecraft:leather":4,"aether:iron_gloves":3,"minecraft:knowledge_book":15,"minecraft:oak_log":10,"minecraft:gunpowder":6,"minecraft:amethyst_block":3,"mca:book_romance":1,"minecraft:string":8,"minecraft:lapis_lazuli":14,"minecraft:dirt":4,"minecraft:moss_carpet":2,"minecraft:iron_axe":1,"minecraft:iron_leggings":2,"minecraft:cooked_mutton":3,"minecraft:bone":6,"minecraft:cobbled_deepslate":10,"minecraft:beef":7,"minecraft:iron_ingot":15,"minecraft:iron_pickaxe":3,"minecraft:oak_planks":32,"minecraft:iron_sword":2,"minecraft:iron_boots":1,"minecraft:tipped_arrow":1,"minecraft:stick":26,"minecraft:raw_iron":26,"irons_spellbooks:frozen_bone":6,"minecraft:sweet_berries":10,"minecraft:oak_fence":1,"minecraft:porkchop":3,"minecraft:amethyst_shard":16,"minecraft:spruce_sapling":46,"minecraft:diorite":14,"born_in_chaos_v1:pieceofdarkmetal":2,"minecraft:spruce_log":118,"depthcrawler:whiteshard":1,"minecraft:spider_eye":2,"minecraft:arrow":1,"minecraft:iron_helmet":2,"minecraft:granite":4,"minecraft:emerald":2,"minecraft:oak_sapling":19,"minecraft:mutton":7,"minecraft:coal":2,"minecraft:white_wool":3,"minecraft:cobblestone":31},"minecraft:used":{"minecraft:knowledge_book":284,"minecraft:oak_fence":1,"minecraft:cooked_mutton":6,"minecraft:diorite":14,"minecraft:amethyst_block":3,"minecraft:spruce_planks":7,"minecraft:iron_sword":28,"minecraft:iron_chestplate":1,"minecraft:golden_apple":1,"minecraft:dirt":3,"minecraft:granite":2,"minecraft:iron_axe":17,"minecraft:iron_pickaxe":70,"minecraft:iron_boots":1,"minecraft:diamond_sword":28,"minecraft:cobblestone":18,"minecraft:sweet_berries":8,"minecraft:oak_sapling":4,"minecraft:furnace":1,"minecraft:iron_leggings":1},"minecraft:killed":{"enemyexpansion:trollenraged":1,"minecraft:wolf":2,"minecraft:pig":1,"born_in_chaos_v1:bone_imp_minion":4,"minecraft:spider":1,"minecraft:bat":1,"minecraft:sheep":2,"minecraft:zombie":2,"born_in_chaos_v1:bonescaller_not_despawn":1,"minecraft:stray":1,"born_in_chaos_v1:supreme_bonescaller_stage_2":1,"minecraft:cow":1},"minecraft:custom":{"minecraft:interact_with_furnace":12,"minecraft:mob_kills":19,"minecraft:interact_with_crafting_table":7,"minecraft:damage_dealt_resisted":437,"minecraft:leave_game":3,"minecraft:time_since_death":19466,"minecraft:sleep_in_bed":5,"minecraft:climb_one_cm":213,"minecraft:damage_resisted":60,"minecraft:time_since_rest":19513,"minecraft:sprint_one_cm":95689,"minecraft:damage_taken":2797,"minecraft:walk_one_cm":212802,"minecraft:drop":51,"minecraft:damage_dealt":3536,"minecraft:fly_one_cm":161872,"minecraft:open_chest":28,"minecraft:crouch_one_cm":2627,"minecraft:play_time":52453,"minecraft:deaths":1,"minecraft:sneak_time":1287,"minecraft:walk_under_water_one_cm":9308,"minecraft:jump":1025,"minecraft:walk_on_water_one_cm":8082,"minecraft:total_world_time":52453,"minecraft:fall_one_cm":40552,"minecraft:horse_one_cm":1196},"minecraft:dropped":{"minecraft:iron_ingot":4,"minecraft:iron_sword":1,"immersivecaves:immersive_caves_guide":1,"minecraft:iron_helmet":1,"minecraft:knowledge_book":21,"minecraft:leather":2,"minecraft:coal":1,"minecraft:stick":3,"mca:book_romance":1,"minecraft:gunpowder":2,"aether:iron_gloves":1,"minecraft:mutton":1,"minecraft:iron_chestplate":1,"minecraft:oak_sapling":1,"minecraft:iron_leggings":1,"minecraft:iron_pickaxe":2,"minecraft:white_wool":3,"minecraft:spruce_sapling":23,"minecraft:bone":3}},"DataVersion":3465}