{"stats":{"minecraft:crafted":{"minecraft:oak_door":3,"minecraft:furnace":3,"minecraft:cooked_mutton":6,"minecraft:iron_boots":1,"minecraft:iron_axe":1,"minecraft:cooked_beef":4,"minecraft:cooked_porkchop":3,"minecraft:crafting_table":1,"minecraft:spruce_planks":216,"minecraft:iron_helmet":1,"minecraft:iron_sword":1,"minecraft:air":0,"minecraft:iron_chestplate":1,"minecraft:iron_leggings":1},"minecraft:mined":{"minecraft:large_amethyst_bud":2,"regions_unexplored:golden_larch_leaves":5,"minecraft:spruce_planks":3,"born_in_chaos_v1:nightmare_stalker_skull":2,"minecraft:potted_crimson_fungus":1,"minecraft:granite":2,"minecraft:spruce_fence":2,"minecraft:spawner":2,"minecraft:large_fern":1,"minecraft:iron_ore":14,"minecraft:pumpkin":1,"regions_unexplored:larch_leaves":1,"regions_unexplored:medium_grass":1,"minecraft:stone":80,"blue_skies:camellia":1,"minecraft:glass_pane":2,"minecraft:amethyst_cluster":1,"minecraft:oak_fence":1,"minecraft:tall_grass":1,"minecraft:lapis_ore":1,"minecraft:diorite":25,"minecraft:amethyst_block":3,"minecraft:spruce_stairs":1,"minecraft:chain":1,"minecraft:sweet_berry_bush":5,"minecraft:gray_bed":1,"minecraft:spruce_log":190,"minecraft:black_bed":1,"minecraft:grass":2,"minecraft:coal_ore":1,"minecraft:cobweb":1,"quark:hollow_spruce_log":2,"minecraft:deepslate":6,"minecraft:fern":2},"minecraft:picked_up":{"minecraft:iron_chestplate":2,"minecraft:flower_pot":1,"aether:iron_gloves":3,"minecraft:knowledge_book":17,"minecraft:amethyst_block":3,"minecraft:string":9,"minecraft:iron_axe":1,"minecraft:moss_carpet":2,"minecraft:iron_leggings":2,"minecraft:cobbled_deepslate":10,"minecraft:spruce_planks":1,"minecraft:beef":7,"minecraft:iron_pickaxe":3,"minecraft:iron_boots":1,"minecraft:tipped_arrow":1,"minecraft:raw_iron":26,"minecraft:stick":26,"minecraft:oak_fence":1,"minecraft:spruce_stairs":1,"minecraft:spruce_fence":1,"minecraft:porkchop":3,"minecraft:diorite":24,"born_in_chaos_v1:pieceofdarkmetal":2,"depthcrawler:whiteshard":1,"minecraft:arrow":2,"minecraft:mutton":7,"regions_unexplored:golden_larch_sapling":1,"minecraft:white_wool":3,"minecraft:cobblestone":88,"born_in_chaos_v1:monster_flesh":3,"minecraft:leather":4,"minecraft:oak_log":10,"minecraft:gunpowder":6,"mca:book_romance":1,"minecraft:lapis_lazuli":14,"minecraft:dirt":4,"born_in_chaos_v1:nightmare_stalker_skull":3,"minecraft:cooked_mutton":3,"minecraft:bone":14,"minecraft:bow":1,"minecraft:wheat_seeds":1,"minecraft:iron_ingot":15,"minecraft:oak_planks":32,"minecraft:iron_sword":2,"irons_spellbooks:frozen_bone":6,"minecraft:sweet_berries":10,"minecraft:amethyst_shard":16,"minecraft:spruce_sapling":46,"minecraft:spruce_log":118,"minecraft:spider_eye":2,"minecraft:iron_helmet":2,"minecraft:granite":4,"minecraft:emerald":13,"minecraft:oak_sapling":19,"minecraft:coal":2},"minecraft:used":{"minecraft:oak_fence":1,"minecraft:spruce_planks":27,"minecraft:iron_sword":28,"minecraft:oak_door":2,"minecraft:iron_chestplate":1,"minecraft:dirt":3,"minecraft:spruce_fence":1,"minecraft:granite":2,"minecraft:iron_axe":32,"minecraft:iron_boots":1,"born_in_chaos_v1:nightmare_stalker_skull":3,"minecraft:bow":5,"minecraft:beef":3,"minecraft:sweet_berries":11,"minecraft:oak_sapling":4,"minecraft:furnace":3,"minecraft:cooked_beef":1,"minecraft:potato":12,"minecraft:iron_leggings":1,"minecraft:knowledge_book":315,"minecraft:cooked_mutton":6,"minecraft:diorite":14,"minecraft:amethyst_block":3,"minecraft:golden_apple":3,"minecraft:crafting_table":1,"born_in_chaos_v1:monster_flesh":1,"minecraft:bread":1,"minecraft:iron_pickaxe":149,"minecraft:diamond_sword":85,"minecraft:cobblestone":18,"minecraft:cooked_porkchop":1},"minecraft:killed":{"enemyexpansion:trollenraged":1,"minecraft:spider":1,"minecraft:skeleton":1,"depthcrawler:nightmaredeep":1,"born_in_chaos_v1:supreme_bonescaller_stage_2":1,"minecraft:wolf":2,"minecraft:pig":1,"born_in_chaos_v1:bone_imp_minion":4,"minecraft:bat":1,"minecraft:sheep":2,"minecraft:zombie":2,"born_in_chaos_v1:corpse_fly":1,"born_in_chaos_v1:bonescaller_not_despawn":1,"minecraft:stray":1,"mca:male_villager":2,"mca:female_villager":4,"minecraft:cow":1},"minecraft:custom":{"minecraft:mob_kills":29,"minecraft:interact_with_crafting_table":9,"minecraft:open_barrel":2,"minecraft:damage_dealt_resisted":437,"minecraft:leave_game":4,"minecraft:time_since_death":45177,"minecraft:climb_one_cm":3304,"minecraft:damage_resisted":86,"minecraft:sprint_one_cm":124620,"minecraft:walk_one_cm":329257,"minecraft:drop":102,"minecraft:play_time":78164,"minecraft:deaths":1,"minecraft:sneak_time":1892,"minecraft:walk_under_water_one_cm":24407,"minecraft:jump":1408,"minecraft:walk_on_water_one_cm":14476,"minecraft:total_world_time":78164,"minecraft:interact_with_furnace":22,"minecraft:interact_with_loom":1,"minecraft:sleep_in_bed":5,"minecraft:time_since_rest":45224,"minecraft:damage_taken":4040,"minecraft:damage_absorbed":81,"minecraft:damage_dealt":7264,"minecraft:fly_one_cm":207412,"minecraft:open_chest":34,"minecraft:crouch_one_cm":4835,"minecraft:fall_one_cm":56356,"minecraft:horse_one_cm":1196},"minecraft:dropped":{"minecraft:iron_ingot":4,"minecraft:bread":2,"depthcrawler:whiteshard":1,"minecraft:iron_sword":1,"minecraft:wheat_seeds":1,"minecraft:iron_helmet":1,"minecraft:knowledge_book":24,"minecraft:leather":2,"born_in_chaos_v1:pieceofdarkmetal":2,"minecraft:coal":1,"minecraft:stick":3,"minecraft:emerald":41,"mca:book_romance":1,"minecraft:mutton":1,"minecraft:iron_leggings":1,"minecraft:iron_pickaxe":2,"minecraft:white_wool":3,"minecraft:spruce_sapling":23,"minecraft:bone":3,"immersivecaves:immersive_caves_guide":1,"minecraft:gunpowder":2,"aether:iron_gloves":2,"minecraft:iron_chestplate":1,"minecraft:oak_sapling":1}},"DataVersion":3465}