{"stats":{"minecraft:dropped":{"minecraft:diamond":1,"minecraft:torch":1,"minecraft:sugar_cane":6,"minecraft:golden_shovel":1,"minecraft:hay_block":3,"minecraft:gunpowder":1,"minecraft:bow":1,"minecraft:beef":6,"minecraft:wooden_pickaxe":1},"minecraft:picked_up":{"minecraft:iron_chestplate":1,"minecraft:crafting_table":1,"minecraft:wheat":3,"minecraft:chicken":2,"minecraft:golden_shovel":2,"minecraft:string":2,"minecraft:flint_and_steel":2,"minecraft:cobbled_deepslate":83,"minecraft:beef":12,"minecraft:iron_nugget":17,"minecraft:iron_pickaxe":3,"minecraft:sugar_cane":6,"minecraft:chest":2,"minecraft:iron_boots":1,"minecraft:furnace":2,"minecraft:stick":3,"minecraft:raw_iron":85,"minecraft:torch":31,"minecraft:fire_charge":1,"minecraft:pointed_dripstone":1,"minecraft:carrot":11,"minecraft:redstone":152,"minecraft:arrow":5,"minecraft:rotten_flesh":11,"minecraft:hay_block":42,"minecraft:mutton":7,"minecraft:obsidian":2,"minecraft:white_wool":12,"minecraft:cobblestone":63,"minecraft:feather":2,"minecraft:cooked_beef":6,"minecraft:glow_ink_sac":2,"minecraft:andesite":6,"minecraft:leather":4,"minecraft:golden_leggings":1,"minecraft:potato":3,"minecraft:flint":6,"minecraft:tuff":4,"minecraft:oak_log":42,"minecraft:yellow_bed":3,"minecraft:gunpowder":2,"minecraft:lapis_lazuli":96,"minecraft:dirt":68,"minecraft:cooked_mutton":15,"minecraft:bone":12,"minecraft:bow":2,"minecraft:wheat_seeds":13,"minecraft:raw_gold":49,"minecraft:stone_pickaxe":1,"minecraft:cooked_chicken":1,"minecraft:oak_planks":33,"minecraft:iron_sword":1,"minecraft:pumpkin":4,"minecraft:dandelion":1,"minecraft:dripstone_block":1,"minecraft:gravel":12,"minecraft:grass_block":11,"minecraft:diamond":9,"minecraft:stone_axe":1,"minecraft:iron_helmet":1,"minecraft:granite":6,"minecraft:bread":70,"minecraft:oak_sapling":1,"minecraft:black_wool":2,"minecraft:coal":174},"minecraft:broken":{"minecraft:flint_and_steel":1,"minecraft:stone_axe":1},"minecraft:used":{"minecraft:flint_and_steel":77,"minecraft:chest":2,"minecraft:iron_sword":128,"minecraft:iron_chestplate":1,"minecraft:torch":16,"minecraft:dirt":17,"minecraft:carrot":8,"minecraft:golden_shovel":16,"minecraft:grass_block":10,"minecraft:bow":7,"minecraft:hay_block":1,"minecraft:furnace":3,"minecraft:oak_sapling":1,"minecraft:cooked_beef":2,"minecraft:cobbled_deepslate":5,"minecraft:wheat_seeds":4,"minecraft:cooked_mutton":7,"minecraft:stone_pickaxe":71,"minecraft:oak_planks":96,"minecraft:wooden_pickaxe":7,"minecraft:crafting_table":7,"minecraft:bread":10,"minecraft:iron_pickaxe":254,"minecraft:gravel":12,"minecraft:golden_leggings":1,"minecraft:stone_axe":94,"minecraft:cobblestone":16,"minecraft:oak_boat":1,"minecraft:dandelion":1},"minecraft:mined":{"minecraft:tuff":3,"minecraft:deepslate_diamond_ore":5,"minecraft:glow_lichen":1,"minecraft:granite":3,"minecraft:grass_block":12,"minecraft:hay_block":37,"minecraft:furnace":1,"minecraft:carrots":10,"minecraft:iron_ore":15,"minecraft:fire":12,"minecraft:andesite":4,"minecraft:pumpkin":3,"minecraft:deepslate_lapis_ore":8,"minecraft:potatoes":1,"minecraft:deepslate_iron_ore":25,"minecraft:stone":37,"minecraft:deepslate_redstone_ore":23,"minecraft:glass_pane":1,"minecraft:crafting_table":1,"minecraft:torch":11,"minecraft:blast_furnace":1,"minecraft:chest":1,"minecraft:cobblestone":6,"minecraft:tall_grass":2,"minecraft:deepslate_gold_ore":32,"minecraft:lapis_ore":2,"minecraft:oak_planks":3,"minecraft:sugar_cane":2,"minecraft:wall_torch":7,"minecraft:wheat":10,"minecraft:yellow_bed":1,"minecraft:grass":5,"minecraft:oak_log":43,"minecraft:coal_ore":87,"minecraft:dripstone_block":1,"minecraft:dirt":22,"minecraft:gravel":1,"minecraft:deepslate":57},"minecraft:crafted":{"minecraft:oak_planks":216,"minecraft:furnace":3,"minecraft:cooked_mutton":7,"minecraft:flint_and_steel":1,"minecraft:iron_boots":1,"minecraft:stone_pickaxe":1,"minecraft:chest":1,"minecraft:wheat":144,"minecraft:crafting_table":6,"minecraft:wooden_pickaxe":1,"minecraft:iron_helmet":1,"minecraft:iron_sword":1,"minecraft:stone_axe":1,"minecraft:bread":47,"minecraft:air":0,"minecraft:oak_boat":1,"minecraft:iron_chestplate":1,"minecraft:stick":16,"minecraft:iron_ingot":22,"minecraft:iron_pickaxe":1,"minecraft:iron_leggings":1},"minecraft:killed":{"minecraft:spider":1,"minecraft:skeleton":13,"minecraft:chicken":2,"minecraft:zombie_villager":1,"minecraft:creeper":3,"minecraft:sheep":7,"minecraft:zombie":20,"minecraft:glow_squid":1,"minecraft:villager":1,"minecraft:cow":4,"minecraft:enderman":1},"minecraft:killed_by":{"minecraft:player":1},"minecraft:custom":{"minecraft:mob_kills":55,"minecraft:interact_with_crafting_table":33,"minecraft:time_since_death":6174,"minecraft:sprint_one_cm":170841,"minecraft:walk_one_cm":283621,"minecraft:drop":21,"minecraft:talked_to_villager":9,"minecraft:play_time":82977,"minecraft:deaths":2,"minecraft:sneak_time":3232,"minecraft:walk_under_water_one_cm":25870,"minecraft:boat_one_cm":11569,"minecraft:jump":2344,"minecraft:walk_on_water_one_cm":36924,"minecraft:total_world_time":82977,"minecraft:interact_with_furnace":41,"minecraft:sleep_in_bed":5,"minecraft:time_since_rest":6318,"minecraft:damage_taken":1747,"minecraft:damage_dealt":8906,"minecraft:fly_one_cm":338054,"minecraft:open_chest":18,"minecraft:crouch_one_cm":9419,"minecraft:fall_one_cm":65183,"minecraft:horse_one_cm":7032}},"DataVersion":3465}