{"stats":{"minecraft:crafted":{"minecraft:spruce_planks":216,"minecraft:iron_helmet":1,"minecraft:iron_sword":1,"minecraft:furnace":1,"minecraft:cooked_mutton":6,"minecraft:air":0,"minecraft:iron_boots":1,"minecraft:iron_chestplate":1,"minecraft:iron_axe":1,"minecraft:iron_leggings":1},"minecraft:mined":{"blue_skies:camellia":1,"minecraft:large_amethyst_bud":2,"minecraft:spruce_planks":1,"minecraft:glass_pane":2,"minecraft:amethyst_cluster":1,"minecraft:potted_crimson_fungus":1,"minecraft:oak_fence":1,"minecraft:granite":2,"minecraft:spruce_fence":2,"minecraft:tall_grass":1,"minecraft:lapis_ore":1,"minecraft:diorite":14,"minecraft:amethyst_block":3,"minecraft:spawner":2,"minecraft:large_fern":1,"minecraft:spruce_stairs":1,"minecraft:chain":1,"minecraft:iron_ore":14,"minecraft:sweet_berry_bush":5,"minecraft:spruce_log":190,"minecraft:pumpkin":1,"minecraft:black_bed":1,"minecraft:coal_ore":1,"minecraft:cobweb":1,"minecraft:stone":14,"minecraft:deepslate":6,"quark:hollow_spruce_log":2,"minecraft:fern":2},"minecraft:picked_up":{"minecraft:iron_chestplate":2,"minecraft:flower_pot":1,"minecraft:leather":4,"aether:iron_gloves":3,"minecraft:knowledge_book":15,"minecraft:oak_log":10,"minecraft:gunpowder":6,"minecraft:amethyst_block":3,"mca:book_romance":1,"minecraft:lapis_lazuli":14,"minecraft:string":9,"minecraft:dirt":4,"minecraft:moss_carpet":2,"minecraft:iron_axe":1,"minecraft:iron_leggings":2,"minecraft:cooked_mutton":3,"minecraft:bone":14,"minecraft:cobbled_deepslate":10,"minecraft:spruce_planks":1,"minecraft:iron_ingot":15,"minecraft:beef":7,"minecraft:iron_pickaxe":3,"minecraft:iron_sword":2,"minecraft:oak_planks":32,"minecraft:iron_boots":1,"minecraft:tipped_arrow":1,"minecraft:stick":26,"minecraft:raw_iron":26,"irons_spellbooks:frozen_bone":6,"minecraft:sweet_berries":10,"minecraft:oak_fence":1,"minecraft:spruce_stairs":1,"minecraft:spruce_fence":1,"minecraft:porkchop":3,"minecraft:amethyst_shard":16,"minecraft:spruce_sapling":46,"minecraft:diorite":14,"minecraft:spruce_log":118,"born_in_chaos_v1:pieceofdarkmetal":2,"depthcrawler:whiteshard":1,"minecraft:spider_eye":2,"minecraft:arrow":2,"minecraft:iron_helmet":2,"minecraft:granite":4,"minecraft:emerald":13,"minecraft:oak_sapling":19,"minecraft:mutton":7,"minecraft:coal":2,"minecraft:white_wool":3,"minecraft:cobblestone":31},"minecraft:used":{"minecraft:knowledge_book":298,"minecraft:cooked_mutton":6,"minecraft:oak_fence":1,"minecraft:diorite":14,"minecraft:amethyst_block":3,"minecraft:spruce_planks":9,"minecraft:iron_sword":28,"minecraft:iron_chestplate":1,"minecraft:golden_apple":3,"minecraft:dirt":3,"minecraft:granite":2,"minecraft:spruce_fence":1,"born_in_chaos_v1:monster_flesh":1,"minecraft:iron_axe":29,"minecraft:bread":1,"minecraft:iron_pickaxe":71,"minecraft:iron_boots":1,"minecraft:diamond_sword":50,"minecraft:cobblestone":18,"minecraft:sweet_berries":11,"minecraft:furnace":1,"minecraft:oak_sapling":4,"minecraft:iron_leggings":1},"minecraft:killed":{"enemyexpansion:trollenraged":1,"minecraft:wolf":2,"minecraft:pig":1,"born_in_chaos_v1:bone_imp_minion":4,"minecraft:spider":1,"minecraft:bat":1,"minecraft:skeleton":1,"minecraft:sheep":2,"minecraft:zombie":2,"born_in_chaos_v1:corpse_fly":1,"born_in_chaos_v1:bonescaller_not_despawn":1,"minecraft:stray":1,"mca:male_villager":2,"mca:female_villager":4,"born_in_chaos_v1:supreme_bonescaller_stage_2":1,"minecraft:cow":1},"minecraft:custom":{"minecraft:interact_with_furnace":13,"minecraft:mob_kills":27,"minecraft:interact_with_crafting_table":7,"minecraft:open_barrel":2,"minecraft:damage_dealt_resisted":437,"minecraft:leave_game":4,"minecraft:time_since_death":33177,"minecraft:sleep_in_bed":5,"minecraft:climb_one_cm":3304,"minecraft:damage_resisted":86,"minecraft:time_since_rest":33224,"minecraft:sprint_one_cm":113528,"minecraft:damage_absorbed":81,"minecraft:damage_taken":3400,"minecraft:walk_one_cm":277455,"minecraft:drop":95,"minecraft:damage_dealt":5114,"minecraft:fly_one_cm":192891,"minecraft:open_chest":32,"minecraft:crouch_one_cm":3867,"minecraft:play_time":66164,"minecraft:deaths":1,"minecraft:sneak_time":1605,"minecraft:walk_under_water_one_cm":18900,"minecraft:jump":1240,"minecraft:walk_on_water_one_cm":10946,"minecraft:total_world_time":66164,"minecraft:fall_one_cm":49979,"minecraft:horse_one_cm":1196},"minecraft:dropped":{"minecraft:bread":2,"minecraft:iron_ingot":4,"minecraft:iron_sword":1,"immersivecaves:immersive_caves_guide":1,"minecraft:iron_helmet":1,"minecraft:knowledge_book":21,"minecraft:leather":2,"born_in_chaos_v1:pieceofdarkmetal":2,"minecraft:coal":1,"minecraft:emerald":38,"minecraft:stick":3,"mca:book_romance":1,"minecraft:gunpowder":2,"aether:iron_gloves":2,"minecraft:mutton":1,"minecraft:iron_chestplate":1,"minecraft:oak_sapling":1,"minecraft:iron_leggings":1,"minecraft:iron_pickaxe":2,"minecraft:white_wool":3,"depthcrawler:whiteshard":1,"minecraft:spruce_sapling":23,"minecraft:bone":3}},"DataVersion":3465}