{
  "minecraft:recipes/misc/charcoal": {
    "criteria": {
      "has_log": "2024-06-27 14:57:46 +0000"
    },
    "done": true
  },
  "minecraft:recipes/decorations/crafting_table": {
    "criteria": {
      "unlock_right_away": "2024-06-27 14:54:54 +0000"
    },
    "done": true
  },
  "minecraft:recipes/building_blocks/oak_planks": {
    "criteria": {
      "has_logs": "2024-06-27 14:57:46 +0000"
    },
    "done": true
  },
  "minecraft:adventure/adventuring_time": {
    "criteria": {
      "minecraft:forest": "2024-06-27 14:57:40 +0000",
      "minecraft:plains": "2024-06-27 14:54:55 +0000"
    },
    "done": false
  },
  "minecraft:recipes/building_blocks/oak_wood": {
    "criteria": {
      "has_log": "2024-06-27 14:57:46 +0000"
    },
    "done": true
  },
  "DataVersion": 3465
}