{
  "minecraft:adventure/adventuring_time": {
    "criteria": {
      "minecraft:old_growth_pine_taiga": "2024-06-22 23:31:30 +0000",
      "minecraft:taiga": "2024-06-22 23:39:18 +0000",
      "minecraft:deep_ocean": "2024-06-22 23:23:05 +0000",
      "minecraft:wooded_badlands": "2024-06-22 22:16:37 +0000",
      "minecraft:badlands": "2024-06-22 22:09:28 +0000",
      "minecraft:beach": "2024-06-22 23:26:03 +0000",
      "minecraft:dark_forest": "2024-06-22 23:37:59 +0000",
      "minecraft:sparse_jungle": "2024-06-22 22:36:07 +0000",
      "minecraft:river": "2024-06-22 22:18:33 +0000",
      "minecraft:lukewarm_ocean": "2024-06-22 23:13:04 +0000",
      "minecraft:stony_shore": "2024-06-22 22:18:47 +0000",
      "minecraft:cold_ocean": "2024-06-22 23:24:22 +0000",
      "minecraft:forest": "2024-06-22 22:44:49 +0000",
      "minecraft:lush_caves": "2024-06-22 23:40:05 +0000",
      "minecraft:deep_cold_ocean": "2024-06-22 23:24:11 +0000",
      "minecraft:jungle": "2024-06-22 22:32:08 +0000",
      "minecraft:ocean": "2024-06-22 23:22:31 +0000",
      "minecraft:old_growth_spruce_taiga": "2024-06-22 23:31:37 +0000",
      "minecraft:warm_ocean": "2024-06-22 22:18:57 +0000",
      "minecraft:deep_lukewarm_ocean": "2024-06-22 23:21:07 +0000",
      "minecraft:windswept_gravelly_hills": "2024-06-23 12:37:38 +0000",
      "minecraft:plains": "2024-06-22 22:42:31 +0000"
    },
    "done": false
  },
  "minecraft:adventure/root": {
    "criteria": {
      "killed_by_something": "2024-06-22 22:11:01 +0000"
    },
    "done": true
  },
  "minecraft:adventure/kill_all_mobs": {
    "criteria": {
      "minecraft:pillager": "2024-06-23 14:38:48 +0000",
      "minecraft:skeleton": "2024-06-22 23:50:30 +0000",
      "minecraft:vindicator": "2024-06-23 14:39:20 +0000",
      "minecraft:spider": "2024-06-22 23:09:58 +0000",
      "minecraft:creeper": "2024-06-23 14:54:38 +0000",
      "minecraft:cave_spider": "2024-06-22 23:48:34 +0000",
      "minecraft:enderman": "2024-06-23 00:06:47 +0000",
      "minecraft:zombie": "2024-06-22 22:30:19 +0000",
      "minecraft:drowned": "2024-06-22 23:28:14 +0000"
    },
    "done": false
  },
  "minecraft:adventure/kill_a_mob": {
    "criteria": {
      "minecraft:zombie": "2024-06-22 22:30:19 +0000"
    },
    "done": true
  },
  "minecraft:husbandry/balanced_diet": {
    "criteria": {
      "cooked_porkchop": "2024-06-22 23:10:10 +0000",
      "cooked_beef": "2024-06-22 23:08:31 +0000",
      "glow_berries": "2024-06-23 00:01:05 +0000",
      "cooked_mutton": "2024-06-22 23:50:34 +0000",
      "pumpkin_pie": "2024-06-23 12:41:20 +0000",
      "bread": "2024-06-22 22:52:36 +0000",
      "rotten_flesh": "2024-06-22 22:34:00 +0000",
      "melon_slice": "2024-06-22 22:40:38 +0000"
    },
    "done": false
  },
  "minecraft:husbandry/root": {
    "criteria": {
      "consumed_item": "2024-06-22 22:34:00 +0000"
    },
    "done": true
  },
  "minecraft:story/mine_stone": {
    "criteria": {
      "get_stone": "2024-06-22 22:35:32 +0000"
    },
    "done": true
  },
  "minecraft:story/upgrade_tools": {
    "criteria": {
      "stone_pickaxe": "2024-06-22 22:35:44 +0000"
    },
    "done": true
  },
  "minecraft:story/smelt_iron": {
    "criteria": {
      "iron": "2024-06-22 22:44:33 +0000"
    },
    "done": true
  },
  "minecraft:adventure/sleep_in_bed": {
    "criteria": {
      "slept_in_bed": "2024-06-22 22:47:56 +0000"
    },
    "done": true
  },
  "minecraft:story/root": {
    "criteria": {
      "crafting_table": "2024-06-22 22:59:10 +0000"
    },
    "done": true
  },
  "minecraft:story/iron_tools": {
    "criteria": {
      "iron_pickaxe": "2024-06-22 23:04:37 +0000"
    },
    "done": true
  },
  "minecraft:story/obtain_armor": {
    "criteria": {
      "iron_helmet": "2024-06-22 23:56:37 +0000"
    },
    "done": true
  },
  "minecraft:husbandry/axolotl_in_a_bucket": {
    "criteria": {
      "axolotl_bucket": "2024-06-23 00:20:27 +0000"
    },
    "done": true
  },
  "minecraft:story/mine_diamond": {
    "criteria": {
      "diamond": "2024-06-23 00:21:21 +0000"
    },
    "done": true
  },
  "minecraft:husbandry/tame_an_animal": {
    "criteria": {
      "tamed_animal": "2024-06-23 12:29:28 +0000"
    },
    "done": true
  },
  "minecraft:adventure/shoot_arrow": {
    "criteria": {
      "shot_arrow": "2024-06-23 12:40:10 +0000"
    },
    "done": true
  },
  "minecraft:story/deflect_arrow": {
    "criteria": {
      "deflected_projectile": "2024-06-23 12:52:13 +0000"
    },
    "done": true
  },
  "minecraft:adventure/voluntary_exile": {
    "criteria": {
      "voluntary_exile": "2024-06-23 14:39:20 +0000"
    },
    "done": true
  },
  "minecraft:adventure/hero_of_the_village": {
    "criteria": {
      "hero_of_the_village": "2024-06-23 14:41:24 +0000"
    },
    "done": true
  },
  "morevillagers:root": {
    "criteria": {
      "always": "2024-06-23 23:03:52 +0000"
    },
    "done": true
  },
  "stellarity:dragons_den/cursed_tome/root": {
    "criteria": {
      "requirement": "2024-06-23 23:03:52 +0000"
    },
    "done": true
  },
  "knize1007:hostilemobs": {
    "criteria": {
      "tick": "2024-06-23 23:03:52 +0000"
    },
    "done": true
  },
  "dungeons_arise:wda_root": {
    "criteria": {
      "WDA": "2024-06-23 23:03:52 +0000"
    },
    "done": true
  },
  "knize1007:root": {
    "criteria": {
      "tick": "2024-06-23 23:03:52 +0000"
    },
    "done": true
  },
  "depthcrawler:nightmarekill": {
    "criteria": {
      "nightmarekill": "2024-06-23 23:06:46 +0000"
    },
    "done": true
  },
  "stellarity:story/drop_rare_illager_loot": {
    "criteria": {
      "drop4": "2024-06-23 23:03:52 +0000"
    },
    "done": true
  },
  "farmersdelight:main/root": {
    "criteria": {
      "seeds": "2024-06-23 23:03:52 +0000"
    },
    "done": true
  },
  "stellarity:cursed_tome/spellbooks/conveyance": {
    "criteria": {
      "requirement": "2024-06-23 23:03:52 +0000"
    },
    "done": true
  },
  "create:root": {
    "criteria": {
      "0": "2024-06-23 23:03:52 +0000"
    },
    "done": true
  },
  "choups_drakvyrn_mod:choups_drakvyrn_mod_advancement": {
    "criteria": {
      "choups_drakvyrn_mod_advancement_0": "2024-06-23 23:03:52 +0000"
    },
    "done": true
  },
  "stellarity:cursed_tome/root": {
    "criteria": {
      "requirement": "2024-06-23 23:03:52 +0000"
    },
    "done": true
  },
  "bakery:main/root": {
    "criteria": {
      "seeds": "2024-06-23 23:03:52 +0000"
    },
    "done": true
  },
  "stellarity:cursed_tome/spellbooks/updraft": {
    "criteria": {
      "requirement": "2024-06-23 23:03:52 +0000"
    },
    "done": true
  },
  "stellarity:cursed_tome/spellbooks/light": {
    "criteria": {
      "requirement": "2024-06-23 23:03:52 +0000"
    },
    "done": true
  },
  "travelersbackpack:standard_from_custom": {
    "criteria": {
      "has_the_recipe": "2024-06-23 23:03:52 +0000"
    },
    "done": true
  },
  "mca:recipes/building_blocks/headstones": {
    "criteria": {
      "has_the_upright_recipe": "2024-06-23 23:03:52 +0000"
    },
    "done": true
  },
  "stellarity:dragons_den/cursed_tome/items/spellbooks/unlock_conveyance": {
    "criteria": {
      "requirement": "2024-06-23 23:03:52 +0000"
    },
    "done": true
  },
  "stellarity:cursed_tome/spellbooks/natures_wrath": {
    "criteria": {
      "requirement": "2024-06-23 23:03:52 +0000"
    },
    "done": true
  },
  "stellarity:dragons_den/cursed_tome/items/spellbooks/unlock_updraft": {
    "criteria": {
      "requirement": "2024-06-23 23:03:52 +0000"
    },
    "done": true
  },
  "born_in_chaos_v1:bornin_chaos": {
    "criteria": {
      "bornin_chaos_0": "2024-06-23 23:03:52 +0000"
    },
    "done": true
  },
  "cataclysm:root": {
    "criteria": {
      "custom_test_name": "2024-06-23 23:03:52 +0000"
    },
    "done": true
  },
  "irons_spellbooks:grant_patchouli": {
    "criteria": {
      "tick": "2024-06-23 23:03:52 +0000"
    },
    "done": true
  },
  "immersivecaves:immersive_caves": {
    "criteria": {
      "immersive_caves_0": "2024-06-23 23:03:52 +0000"
    },
    "done": true
  },
  "stellarity:dragons_den/cursed_tome/items/spellbooks/unlock_light": {
    "criteria": {
      "requirement": "2024-06-23 23:03:52 +0000"
    },
    "done": true
  },
  "regions_unexplored:parent": {
    "criteria": {
      "load_in_world": "2024-06-23 23:03:53 +0000"
    },
    "done": true
  },
  "DataVersion": 3465
}