{
  "minecraft:adventure/adventuring_time": {
    "criteria": {
      "minecraft:old_growth_pine_taiga": "2024-06-22 23:28:51 +0000",
      "minecraft:taiga": "2024-06-22 23:38:55 +0000",
      "minecraft:deep_ocean": "2024-06-22 23:23:07 +0000",
      "minecraft:wooded_badlands": "2024-06-22 22:05:32 +0000",
      "minecraft:badlands": "2024-06-22 17:07:15 +0000",
      "minecraft:beach": "2024-06-22 23:25:53 +0000",
      "minecraft:dark_forest": "2024-06-22 23:37:31 +0000",
      "minecraft:stony_peaks": "2024-06-22 22:55:51 +0000",
      "minecraft:sparse_jungle": "2024-06-22 22:40:54 +0000",
      "minecraft:river": "2024-06-22 22:18:30 +0000",
      "minecraft:lukewarm_ocean": "2024-06-22 23:13:07 +0000",
      "minecraft:stony_shore": "2024-06-22 23:00:14 +0000",
      "minecraft:snowy_plains": "2024-06-23 14:09:53 +0000",
      "minecraft:cold_ocean": "2024-06-22 23:24:24 +0000",
      "minecraft:forest": "2024-06-22 22:43:25 +0000",
      "minecraft:lush_caves": "2024-06-22 23:40:03 +0000",
      "minecraft:deep_cold_ocean": "2024-06-22 23:24:12 +0000",
      "minecraft:frozen_ocean": "2024-06-23 14:10:02 +0000",
      "minecraft:jungle": "2024-06-22 22:31:53 +0000",
      "minecraft:ocean": "2024-06-22 23:22:27 +0000",
      "minecraft:old_growth_spruce_taiga": "2024-06-22 23:31:32 +0000",
      "minecraft:snowy_beach": "2024-06-23 14:09:48 +0000",
      "minecraft:deep_lukewarm_ocean": "2024-06-22 23:21:05 +0000",
      "minecraft:deep_dark": "2024-06-23 22:49:43 +0000",
      "minecraft:windswept_gravelly_hills": "2024-06-23 12:37:55 +0000",
      "minecraft:plains": "2024-06-22 22:42:30 +0000"
    },
    "done": false
  },
  "minecraft:story/root": {
    "criteria": {
      "crafting_table": "2024-06-22 22:06:07 +0000"
    },
    "done": true
  },
  "minecraft:adventure/root": {
    "criteria": {
      "killed_by_something": "2024-06-22 22:10:23 +0000"
    },
    "done": true
  },
  "minecraft:adventure/kill_all_mobs": {
    "criteria": {
      "minecraft:pillager": "2024-06-23 14:38:40 +0000",
      "minecraft:skeleton": "2024-06-22 22:11:01 +0000",
      "minecraft:spider": "2024-06-22 22:10:38 +0000",
      "minecraft:creeper": "2024-06-23 00:05:32 +0000",
      "minecraft:witch": "2024-06-22 23:09:04 +0000",
      "minecraft:enderman": "2024-06-23 00:06:21 +0000",
      "minecraft:zombie": "2024-06-22 22:32:44 +0000",
      "minecraft:drowned": "2024-06-22 23:05:38 +0000"
    },
    "done": false
  },
  "minecraft:adventure/kill_a_mob": {
    "criteria": {
      "minecraft:spider": "2024-06-22 22:10:38 +0000"
    },
    "done": true
  },
  "minecraft:story/mine_stone": {
    "criteria": {
      "get_stone": "2024-06-22 22:34:20 +0000"
    },
    "done": true
  },
  "minecraft:story/upgrade_tools": {
    "criteria": {
      "stone_pickaxe": "2024-06-22 22:35:41 +0000"
    },
    "done": true
  },
  "minecraft:husbandry/balanced_diet": {
    "criteria": {
      "cooked_porkchop": "2024-06-23 11:53:08 +0000",
      "cooked_beef": "2024-06-22 23:48:45 +0000",
      "cooked_chicken": "2024-06-23 13:30:05 +0000",
      "cooked_mutton": "2024-06-23 12:47:55 +0000",
      "sweet_berries": "2024-06-22 23:39:04 +0000",
      "bread": "2024-06-23 00:03:52 +0000",
      "melon_slice": "2024-06-22 22:36:20 +0000"
    },
    "done": false
  },
  "minecraft:husbandry/root": {
    "criteria": {
      "consumed_item": "2024-06-22 22:36:20 +0000"
    },
    "done": true
  },
  "minecraft:adventure/sleep_in_bed": {
    "criteria": {
      "slept_in_bed": "2024-06-22 22:47:55 +0000"
    },
    "done": true
  },
  "minecraft:story/iron_tools": {
    "criteria": {
      "iron_pickaxe": "2024-06-22 23:36:27 +0000"
    },
    "done": true
  },
  "minecraft:story/mine_diamond": {
    "criteria": {
      "diamond": "2024-06-22 23:45:33 +0000"
    },
    "done": true
  },
  "minecraft:story/smelt_iron": {
    "criteria": {
      "iron": "2024-06-23 00:00:53 +0000"
    },
    "done": true
  },
  "minecraft:story/obtain_armor": {
    "criteria": {
      "iron_leggings": "2024-06-23 00:01:05 +0000"
    },
    "done": true
  },
  "minecraft:husbandry/tame_an_animal": {
    "criteria": {
      "tamed_animal": "2024-06-23 12:30:41 +0000"
    },
    "done": true
  },
  "minecraft:adventure/voluntary_exile": {
    "criteria": {
      "voluntary_exile": "2024-06-23 14:38:47 +0000"
    },
    "done": true
  },
  "minecraft:adventure/hero_of_the_village": {
    "criteria": {
      "hero_of_the_village": "2024-06-23 14:41:24 +0000"
    },
    "done": true
  },
  "travelersbackpack:standard_from_custom": {
    "criteria": {
      "has_the_recipe": "2024-06-23 22:42:53 +0000"
    },
    "done": true
  },
  "mca:recipes/building_blocks/headstones": {
    "criteria": {
      "has_the_upright_recipe": "2024-06-23 22:42:53 +0000"
    },
    "done": true
  },
  "morevillagers:root": {
    "criteria": {
      "always": "2024-06-23 22:42:55 +0000"
    },
    "done": true
  },
  "stellarity:dragons_den/cursed_tome/root": {
    "criteria": {
      "requirement": "2024-06-23 22:42:55 +0000"
    },
    "done": true
  },
  "knize1007:hostilemobs": {
    "criteria": {
      "tick": "2024-06-23 22:42:55 +0000"
    },
    "done": true
  },
  "dungeons_arise:wda_root": {
    "criteria": {
      "WDA": "2024-06-23 22:42:55 +0000"
    },
    "done": true
  },
  "knize1007:root": {
    "criteria": {
      "tick": "2024-06-23 22:42:55 +0000"
    },
    "done": true
  },
  "stellarity:story/drop_rare_illager_loot": {
    "criteria": {
      "drop5": "2024-06-23 22:42:55 +0000",
      "drop3": "2024-06-23 22:42:55 +0000"
    },
    "done": true
  },
  "farmersdelight:main/root": {
    "criteria": {
      "seeds": "2024-06-23 22:42:55 +0000"
    },
    "done": true
  },
  "stellarity:cursed_tome/spellbooks/conveyance": {
    "criteria": {
      "requirement": "2024-06-23 22:42:55 +0000"
    },
    "done": true
  },
  "create:root": {
    "criteria": {
      "0": "2024-06-23 22:42:55 +0000"
    },
    "done": true
  },
  "choups_drakvyrn_mod:choups_drakvyrn_mod_advancement": {
    "criteria": {
      "choups_drakvyrn_mod_advancement_0": "2024-06-23 22:42:55 +0000"
    },
    "done": true
  },
  "stellarity:cursed_tome/root": {
    "criteria": {
      "requirement": "2024-06-23 22:42:55 +0000"
    },
    "done": true
  },
  "bakery:main/root": {
    "criteria": {
      "seeds": "2024-06-23 22:42:55 +0000"
    },
    "done": true
  },
  "stellarity:cursed_tome/spellbooks/updraft": {
    "criteria": {
      "requirement": "2024-06-23 22:42:55 +0000"
    },
    "done": true
  },
  "stellarity:cursed_tome/spellbooks/light": {
    "criteria": {
      "requirement": "2024-06-23 22:42:55 +0000"
    },
    "done": true
  },
  "stellarity:dragons_den/cursed_tome/items/spellbooks/unlock_conveyance": {
    "criteria": {
      "requirement": "2024-06-23 22:42:55 +0000"
    },
    "done": true
  },
  "stellarity:cursed_tome/spellbooks/natures_wrath": {
    "criteria": {
      "requirement": "2024-06-23 22:42:55 +0000"
    },
    "done": true
  },
  "stellarity:dragons_den/cursed_tome/items/spellbooks/unlock_updraft": {
    "criteria": {
      "requirement": "2024-06-23 22:42:55 +0000"
    },
    "done": true
  },
  "born_in_chaos_v1:bornin_chaos": {
    "criteria": {
      "bornin_chaos_0": "2024-06-23 22:42:55 +0000"
    },
    "done": true
  },
  "cataclysm:root": {
    "criteria": {
      "custom_test_name": "2024-06-23 22:42:55 +0000"
    },
    "done": true
  },
  "irons_spellbooks:grant_patchouli": {
    "criteria": {
      "tick": "2024-06-23 22:42:55 +0000"
    },
    "done": true
  },
  "immersivecaves:immersive_caves": {
    "criteria": {
      "immersive_caves_0": "2024-06-23 22:42:55 +0000"
    },
    "done": true
  },
  "stellarity:dragons_den/cursed_tome/items/spellbooks/unlock_light": {
    "criteria": {
      "requirement": "2024-06-23 22:42:55 +0000"
    },
    "done": true
  },
  "regions_unexplored:parent": {
    "criteria": {
      "load_in_world": "2024-06-23 22:42:56 +0000"
    },
    "done": true
  },
  "deep_dark_regrowth:the_forgotten_story": {
    "criteria": {
      "the_forgotten_story": "2024-06-23 22:49:43 +0000"
    },
    "done": true
  },
  "minecraft:adventure/avoid_vibration": {
    "criteria": {
      "avoid_vibration": "2024-06-23 22:51:46 +0000"
    },
    "done": true
  },
  "mca:recipes/misc/comb": {
    "criteria": {
      "has_item": "2024-06-23 23:10:05 +0000"
    },
    "done": true
  },
  "stellarity:events/items/spellbooks/natures_wrath/been_to_sculk": {
    "criteria": {
      "1": "2024-06-23 23:02:20 +0000"
    },
    "done": true
  },
  "immersive_aircraft:misc/aircraftery": {
    "criteria": {
      "has_item": "2024-06-23 23:10:05 +0000"
    },
    "done": true
  },
  "man_of_many_planes:misc/expanded_aircraftery": {
    "criteria": {
      "has_item": "2024-06-23 23:10:05 +0000"
    },
    "done": true
  },
  "morevillagers:first_village": {
    "criteria": {
      "plains": "2024-06-23 23:26:47 +0000"
    },
    "done": true
  },
  "morevillagers:all_villages": {
    "criteria": {
      "plains": "2024-06-23 23:26:47 +0000"
    },
    "done": false
  },
  "mca:root": {
    "criteria": {
      "village_plains": "2024-06-23 23:26:47 +0000"
    },
    "done": true
  },
  "mca:recipes/misc/needle_and_thread": {
    "criteria": {
      "has_item": "2024-06-23 23:08:09 +0000"
    },
    "done": true
  },
  "mca:recipes/misc/whistle": {
    "criteria": {
      "has_item": "2024-06-23 23:10:05 +0000"
    },
    "done": true
  },
  "DataVersion": 3465
}