{
  "morevillagers:root": {
    "criteria": {
      "always": "2024-06-23 23:21:08 +0000"
    },
    "done": true
  },
  "stellarity:dragons_den/cursed_tome/root": {
    "criteria": {
      "requirement": "2024-06-23 23:21:08 +0000"
    },
    "done": true
  },
  "knize1007:hostilemobs": {
    "criteria": {
      "tick": "2024-06-23 23:21:08 +0000"
    },
    "done": true
  },
  "dungeons_arise:wda_root": {
    "criteria": {
      "WDA": "2024-06-23 23:21:08 +0000"
    },
    "done": true
  },
  "knize1007:root": {
    "criteria": {
      "tick": "2024-06-23 23:21:08 +0000"
    },
    "done": true
  },
  "stellarity:story/drop_rare_illager_loot": {
    "criteria": {
      "drop4": "2024-06-23 23:21:08 +0000"
    },
    "done": true
  },
  "farmersdelight:main/root": {
    "criteria": {
      "seeds": "2024-06-23 23:21:08 +0000"
    },
    "done": true
  },
  "stellarity:cursed_tome/spellbooks/conveyance": {
    "criteria": {
      "requirement": "2024-06-23 23:21:08 +0000"
    },
    "done": true
  },
  "create:root": {
    "criteria": {
      "0": "2024-06-23 23:21:08 +0000"
    },
    "done": true
  },
  "choups_drakvyrn_mod:choups_drakvyrn_mod_advancement": {
    "criteria": {
      "choups_drakvyrn_mod_advancement_0": "2024-06-23 23:21:08 +0000"
    },
    "done": true
  },
  "stellarity:cursed_tome/root": {
    "criteria": {
      "requirement": "2024-06-23 23:21:08 +0000"
    },
    "done": true
  },
  "bakery:main/root": {
    "criteria": {
      "seeds": "2024-06-23 23:21:08 +0000"
    },
    "done": true
  },
  "stellarity:cursed_tome/spellbooks/updraft": {
    "criteria": {
      "requirement": "2024-06-23 23:21:08 +0000"
    },
    "done": true
  },
  "stellarity:cursed_tome/spellbooks/light": {
    "criteria": {
      "requirement": "2024-06-23 23:21:08 +0000"
    },
    "done": true
  },
  "travelersbackpack:standard_from_custom": {
    "criteria": {
      "has_the_recipe": "2024-06-23 23:21:08 +0000"
    },
    "done": true
  },
  "mca:recipes/building_blocks/headstones": {
    "criteria": {
      "has_the_upright_recipe": "2024-06-23 23:21:08 +0000"
    },
    "done": true
  },
  "stellarity:dragons_den/cursed_tome/items/spellbooks/unlock_conveyance": {
    "criteria": {
      "requirement": "2024-06-23 23:21:08 +0000"
    },
    "done": true
  },
  "stellarity:cursed_tome/spellbooks/natures_wrath": {
    "criteria": {
      "requirement": "2024-06-23 23:21:08 +0000"
    },
    "done": true
  },
  "stellarity:dragons_den/cursed_tome/items/spellbooks/unlock_updraft": {
    "criteria": {
      "requirement": "2024-06-23 23:21:08 +0000"
    },
    "done": true
  },
  "born_in_chaos_v1:bornin_chaos": {
    "criteria": {
      "bornin_chaos_0": "2024-06-23 23:21:08 +0000"
    },
    "done": true
  },
  "cataclysm:root": {
    "criteria": {
      "custom_test_name": "2024-06-23 23:21:08 +0000"
    },
    "done": true
  },
  "irons_spellbooks:grant_patchouli": {
    "criteria": {
      "tick": "2024-06-23 23:21:08 +0000"
    },
    "done": true
  },
  "immersivecaves:immersive_caves": {
    "criteria": {
      "immersive_caves_0": "2024-06-23 23:21:08 +0000"
    },
    "done": true
  },
  "stellarity:dragons_den/cursed_tome/items/spellbooks/unlock_light": {
    "criteria": {
      "requirement": "2024-06-23 23:21:08 +0000"
    },
    "done": true
  },
  "minecraft:adventure/adventuring_time": {
    "criteria": {
      "minecraft:badlands": "2024-06-23 23:21:09 +0000",
      "minecraft:river": "2024-06-23 23:34:48 +0000",
      "minecraft:plains": "2024-06-23 23:22:39 +0000"
    },
    "done": false
  },
  "regions_unexplored:parent": {
    "criteria": {
      "load_in_world": "2024-06-23 23:21:09 +0000"
    },
    "done": true
  },
  "mca:recipes/misc/comb": {
    "criteria": {
      "has_item": "2024-06-23 23:24:11 +0000"
    },
    "done": true
  },
  "immersive_aircraft:misc/aircraftery": {
    "criteria": {
      "has_item": "2024-06-23 23:24:11 +0000"
    },
    "done": true
  },
  "minecraft:story/smelt_iron": {
    "criteria": {
      "iron": "2024-06-23 23:24:11 +0000"
    },
    "done": true
  },
  "man_of_many_planes:misc/expanded_aircraftery": {
    "criteria": {
      "has_item": "2024-06-23 23:24:11 +0000"
    },
    "done": true
  },
  "mca:recipes/misc/needle_and_thread": {
    "criteria": {
      "has_item": "2024-06-23 23:24:11 +0000"
    },
    "done": true
  },
  "mca:recipes/misc/whistle": {
    "criteria": {
      "has_item": "2024-06-23 23:24:11 +0000"
    },
    "done": true
  },
  "minecraft:story/iron_tools": {
    "criteria": {
      "iron_pickaxe": "2024-06-23 23:24:20 +0000"
    },
    "done": true
  },
  "minecraft:story/obtain_armor": {
    "criteria": {
      "iron_chestplate": "2024-06-23 23:24:37 +0000"
    },
    "done": true
  },
  "minecraft:adventure/sleep_in_bed": {
    "criteria": {
      "slept_in_bed": "2024-06-23 23:26:04 +0000"
    },
    "done": true
  },
  "minecraft:adventure/root": {
    "criteria": {
      "killed_something": "2024-06-23 23:29:45 +0000"
    },
    "done": true
  },
  "minecraft:story/mine_stone": {
    "criteria": {
      "get_stone": "2024-06-23 23:32:19 +0000"
    },
    "done": true
  },
  "minecraft:husbandry/balanced_diet": {
    "criteria": {
      "cooked_mutton": "2024-06-23 23:32:42 +0000"
    },
    "done": false
  },
  "minecraft:husbandry/root": {
    "criteria": {
      "consumed_item": "2024-06-23 23:32:42 +0000"
    },
    "done": true
  },
  "morevillagers:first_village": {
    "criteria": {
      "plains": "2024-06-23 23:34:38 +0000"
    },
    "done": true
  },
  "morevillagers:all_villages": {
    "criteria": {
      "plains": "2024-06-23 23:34:38 +0000"
    },
    "done": false
  },
  "mca:root": {
    "criteria": {
      "village_plains": "2024-06-23 23:34:38 +0000"
    },
    "done": true
  },
  "mca:recipes/misc/family_tree": {
    "criteria": {
      "has_item": "2024-06-23 23:35:36 +0000"
    },
    "done": true
  },
  "depthcrawler:ghostofcarcosachieve": {
    "criteria": {
      "ghostofcarcosachieve": "2024-06-23 23:42:06 +0000"
    },
    "done": true
  },
  "DataVersion": 3465
}